-2.695600 -1.240300 116.671501 16 1
-1.915400 -1.109400 117.444801 11 1
-1.959600 -1.036500 116.761150 15 1
-2.482300 -1.394500 117.273399 17 1
-2.250700 -1.404200 116.415199 12 1
-2.271483 -1.353133 116.869383 16 1
-1.987100 -1.228900 117.088501 15 1
-2.712200 -1.354150 117.007977 17 1
-2.155700 -1.344500 117.367599 11 1
-2.251300 -1.395000 117.127998 0 0
-2.011900 -1.330100 116.844101 14 1
-2.472800 -1.287500 116.999801 16 1
-2.321900 -1.369400 116.637901 13 1
-2.110600 -1.203100 117.502998 11 1
-1.956533 -1.084500 116.954501 15 1
-2.653338 -1.243475 116.860798 16 1
-2.623400 -1.312600 117.172699 17 1
-2.145889 -1.281678 117.056476 15 1
-2.314600 -1.537200 116.491898 12 1
-2.384700 -1.339300 116.485497 13 1
-2.271400 -1.334200 117.266701 11 1
-2.139150 -1.400800 116.816201 14 1
-1.975200 -1.020800 117.342903 11 1
-2.208850 -1.391650 116.992001 0 0
-2.224450 -1.348700 116.540550 0 0
-2.379400 -1.371425 116.945301 16 1
-2.248250 -1.371100 116.744152 7 0
-2.588300 -1.307400 116.948402 16 1
-2.034550 -1.110350 117.478950 11 1
-2.249500 -1.319500 117.432404 0 0
-2.379125 -1.358875 117.229900 17 1
-2.307760 -1.422930 116.512569 12 1
-2.116800 -1.310700 117.469398 11 1
-2.746500 -1.340500 116.903900 17 1
-1.937967 -1.173533 117.011767 15 1
-2.696500 -1.273200 116.770802 16 1
-2.572400 -1.389878 117.221710 17 1
-1.891300 -1.075800 117.320900 11 1
-1.946000 -1.082500 116.852501 15 1
-2.661233 -1.362733 117.094575 17 1
-2.078200 -1.236300 117.120102 15 1
-2.201967 -1.390567 117.298782 0 0
-2.530100 -1.315200 117.261200 17 1
-1.980900 -1.184600 117.478302 11 1
-2.265100 -1.352500 117.049896 17 1
-2.342900 -1.365700 116.411602 13 1
-2.310067 -1.351133 117.176801 17 1
-2.361600 -1.375400 116.560898 13 1
-2.227000 -1.307000 117.336098 11 1
-2.076900 -1.319800 117.092003 15 1
-2.164450 -1.362300 117.057198 15 1
-2.230300 -1.364750 117.202549 0 0
-1.990333 -1.149567 117.070234 15 1
-2.180900 -1.262400 117.456299 11 1
-2.690500 -1.295800 117.060303 17 1
-2.445033 -1.362533 116.998767 16 1
-2.060633 -1.391833 116.830800 14 1
-2.249250 -1.374200 116.665752 0 0
-2.217550 -1.309900 117.005352 15 1
-2.223250 -1.377600 117.388769 0 0
-2.525975 -1.339575 116.979975 16 1
-2.259200 -1.352700 116.472397 0 0
-2.205300 -1.346950 116.802399 14 1
-1.985000 -1.082300 117.428596 11 1
-2.254400 -1.355200 116.943398 0 0
-2.455400 -1.325300 117.273499 17 1
-2.262300 -1.383183 116.593934 0 0
-2.254000 -1.322300 117.120697 17 1
-1.895550 -1.125350 117.376351 11 1
-2.407700 -1.309300 116.970398 16 1
-2.073750 -1.263850 117.500550 11 1
-2.328500 -1.323800 116.933399 16 1
-1.934600 -1.066850 117.380348 11 1
-2.613500 -1.248050 116.920399 16 1
-2.046600 -1.176100 117.499901 11 1
-2.713100 -1.307100 116.954903 17 1
-2.621800 -1.379600 117.154800 17 1
-1.919500 -1.116900 116.909302 15 1
-2.582600 -1.324500 117.222504 17 1
-2.679300 -1.219300 116.803200 16 1
-2.190460 -1.306320 117.406740 11 1
-2.267000 -1.368100 116.805397 0 0
-2.668300 -1.286000 116.905899 16 1
-2.099350 -1.341600 116.825451 14 1
-2.691400 -1.222550 116.732101 16 1
-2.414800 -1.392200 117.268249 17 1
-1.973600 -1.123150 117.472797 11 1
-2.037650 -1.194900 117.094848 15 1
-1.962800 -1.118200 117.006599 15 1
-2.681000 -1.286100 116.827400 16 1
-2.302233 -1.482700 116.513931 12 1
-2.253767 -1.394000 116.515267 0 0
-2.530333 -1.281267 116.974701 16 1
-2.127200 -1.252880 117.476538 11 1
-1.932600 -1.142400 116.962997 15 1
-1.948400 -1.054100 116.903000 15 1
-2.332225 -1.336750 116.591400 13 1
-2.238969 -1.362862 117.334878 0 0
-2.134600 -1.330600 117.419098 11 1
-2.020800 -1.270300 117.107300 15 1
-2.660650 -1.318000 117.131050 17 1
-2.193767 -1.401400 116.800301 14 1
-2.526229 -1.368836 117.247635 17 1
-2.260140 -1.371760 116.996033 0 0
-2.223500 -1.359850 117.257277 11 1
-1.956233 -1.194667 117.059130 15 1
-2.379150 -1.330200 116.431900 13 1
-1.954200 -1.043100 116.815697 15 1
-2.400300 -1.324600 117.266403 17 1
-2.700567 -1.300500 117.007599 17 1
-2.112325 -1.273075 117.097174 15 1
-2.699533 -1.272433 116.713964 16 1
-2.285100 -1.385500 116.909500 16 1
-2.368000 -1.380700 116.455803 13 1
-2.667650 -1.351150 117.043953 17 1
-2.231800 -1.371000 117.086098 0 0
-2.184512 -1.314663 117.044525 15 1
-2.206400 -1.339600 117.302200 11 1
-2.572000 -1.258000 116.957397 16 1
-2.334100 -1.377300 117.212799 17 1
-2.334200 -1.387500 116.929650 16 1
-2.288450 -1.361150 117.131348 17 1
-2.274820 -1.333500 117.316559 11 1
-2.590047 -1.356333 117.185287 17 1
-2.362600 -1.337000 116.529503 13 1
-1.933800 -1.151600 117.462097 11 1
-2.232600 -1.356900 116.899200 0 0
-2.620500 -1.297450 116.912899 16 1
-2.258000 -1.347300 117.166901 0 0
-2.292800 -1.383783 116.489168 12 1
-2.343300 -1.330300 117.213203 17 1
-2.184550 -1.368650 117.338102 0 0
-2.287400 -1.331700 116.910500 16 1
-2.015400 -1.153300 117.469398 11 1
-1.920200 -1.146500 117.409649 11 1
-2.481540 -1.333080 116.991881 16 1
-2.058500 -1.331200 116.844803 14 1
-2.287900 -1.345900 116.658897 13 1
-2.199400 -1.329400 117.366699 11 1
-2.273100 -1.366500 116.429802 12 1
-2.268471 -1.365757 116.548685 0 0
-1.900500 -1.089200 117.406067 11 1
-2.245500 -1.390100 116.860199 0 0
-2.150750 -1.293300 117.440300 11 1
-2.402900 -1.353500 116.980797 16 1
-2.237400 -1.394500 116.781799 14 1
-2.369600 -1.326850 116.953750 16 1
-1.933400 -1.068100 117.335899 11 1
-2.369833 -1.375133 116.507032 13 1
-2.247900 -1.332000 116.981598 15 1
-2.493750 -1.342080 117.260251 17 1
-1.943400 -1.098950 117.412849 11 1
-2.264000 -1.361067 116.704801 0 0
-2.685200 -1.323000 117.093903 17 1
-2.191367 -1.366183 117.023369 15 1
-2.167125 -1.366700 116.806898 14 1
-2.255950 -1.374600 117.234649 0 0
-2.233400 -1.341967 116.770668 14 1
-1.968720 -1.152940 117.034520 15 1
-2.442460 -1.317680 116.992160 16 1
-2.634967 -1.350533 117.125801 17 1
-2.220550 -1.335075 117.404123 0 0
-2.059500 -1.136500 117.500298 11 1
-2.243175 -1.368725 117.292875 0 0
-2.101433 -1.383667 116.829867 14 1
-1.997700 -1.188200 117.083603 15 1
-2.732300 -1.343500 116.960297 17 1
-2.632125 -1.271975 116.882425 16 1
-2.264900 -1.354900 116.623901 13 1
-2.452700 -1.366600 117.267197 17 1
-2.267400 -1.352700 117.095497 17 1
-2.231300 -1.357400 117.023102 0 0
-2.554000 -1.353545 117.221336 17 1
-2.229200 -1.365800 117.145252 0 0
-2.039200 -1.234550 117.103451 15 1
-1.947833 -1.095300 116.890966 15 1
-2.674600 -1.239933 116.768000 16 1
-1.953800 -1.095875 117.451652 11 1
-2.553800 -1.313000 116.967300 16 1
-2.266100 -1.351200 116.511398 0 0
-2.704700 -1.302900 116.800697 16 1
-1.904200 -1.079750 117.359302 11 1
-1.998750 -1.094800 117.463402 11 1
-2.209300 -1.340300 116.982903 15 1
-2.034500 -1.356700 116.827698 14 1
-2.696964 -1.326343 117.037843 17 1
-1.947350 -1.117200 116.935750 15 1
-2.662750 -1.248350 116.822098 16 1
-2.254600 -1.388200 116.455498 0 0
-2.378400 -1.387650 117.254749 17 1
-1.953100 -1.063350 117.422200 11 1
-2.258200 -1.342000 117.213303 0 0
-2.279800 -1.370533 117.187500 0 0
-2.658967 -1.281233 116.858035 16 1
-2.238267 -1.380183 116.965850 0 0
-2.684300 -1.222850 116.640850 16 1
-2.712700 -1.231700 116.703003 16 1
-2.248050 -1.361900 116.836602 0 0
-2.096800 -1.236200 117.492798 11 1
-2.102200 -1.280200 117.484001 11 1
-2.502567 -1.303300 116.984406 16 1
-2.230067 -1.349100 117.367302 0 0
-2.538900 -1.402350 117.253424 17 1
-2.311500 -1.338650 116.621000 13 1
-2.721800 -1.322300 116.987602 17 1
-2.219100 -1.303700 117.381798 11 1
-2.613945 -1.345005 117.161205 17 1
-2.309250 -1.359300 116.905899 16 1
-2.162950 -1.326900 117.397850 11 1
-2.595400 -1.276200 116.933098 16 1
-2.247300 -1.360700 117.408600 0 0
-2.211400 -1.371067 116.776667 14 1
-1.955900 -1.116600 116.972302 15 1
-2.240467 -1.330300 117.310567 11 1
-2.188300 -1.292000 117.438599 11 1
-2.268400 -1.378340 117.154581 0 0
-2.289833 -1.379733 116.650266 13 1
-2.422100 -1.351400 117.260300 17 1
-2.343800 -1.341025 116.558475 13 1
-2.136420 -1.221420 117.487801 11 1
-2.727550 -1.319625 116.924025 17 1
-2.130500 -1.366800 116.821899 14 1
-2.238200 -1.374167 117.052299 0 0
-2.676500 -1.268840 116.798061 16 1
-2.194000 -1.334500 117.333298 11 1
-2.078100 -1.179950 117.511398 11 1
-2.003800 -1.127600 117.487900 11 1
-2.688700 -1.256100 116.741402 16 1
-2.270837 -1.398588 116.881899 16 1
-2.204700 -1.334400 117.024597 15 1
-1.949650 -1.146150 116.993450 15 1
-2.679500 -1.236300 116.701500 16 1
-1.957500 -1.081200 116.920551 15 1
-2.603640 -1.325640 117.196399 17 1
-2.226092 -1.390000 117.271570 0 0
-2.267050 -1.368000 116.771603 0 0
-1.965150 -1.155150 117.477802 11 1
-2.553889 -1.324589 117.239376 17 1
-2.080000 -1.265400 117.104103 15 1
-2.255800 -1.356300 117.127296 0 0
-2.697833 -1.272067 116.680433 16 1
-2.070557 -1.359629 116.833585 14 1
-2.487800 -1.312800 117.273804 17 1
-1.958700 -1.058100 116.869999 15 1
-2.729300 -1.367000 116.983597 17 1
-1.972100 -1.125200 117.440498 11 1
-2.341150 -1.367500 116.584549 13 1
-2.154600 -1.244100 117.459801 11 1
-2.274600 -1.327000 117.144997 17 1
-2.065800 -1.230700 117.499001 11 1
-2.597700 -1.381200 117.204002 17 1
-2.007100 -1.174450 117.493550 11 1
-2.252460 -1.374200 116.917219 0 0
-2.242000 -1.367400 116.494797 0 0
-2.652492 -1.333825 117.103708 17 1
-2.684900 -1.341100 117.068100 17 1
-2.132800 -1.280800 117.463501 11 1
-2.362489 -1.356556 116.434822 13 1
-2.283400 -1.371367 116.462001 12 1
-2.233100 -1.341000 117.282204 11 1
-2.632400 -1.325200 117.143799 17 1
-2.236600 -1.374700 117.173897 0 0
-2.655900 -1.253800 116.889702 16 1
-2.699850 -1.356850 117.036450 17 1
-2.233800 -1.358600 116.987297 15 1
-2.259757 -1.373914 117.028643 0 0
-2.299000 -1.452300 116.515602 12 1
-1.887300 -1.103000 117.348801 11 1
-2.241867 -1.360367 116.869835 0 0
-2.155150 -1.310600 117.059151 15 1
-2.314600 -1.507900 116.502197 12 1
-2.062100 -1.212800 117.109497 15 1
-2.015800 -1.215900 117.097000 15 1
-2.030100 -1.146300 117.495003 11 1
-2.510750 -1.395350 117.261998 17 1
-1.916725 -1.140125 117.439976 11 1
-2.256450 -1.381125 116.636252 0 0
-2.365425 -1.362250 116.480274 13 1
-2.259376 -1.371918 117.073896 17 1
-2.358571 -1.380571 117.232400 17 1
-2.134800 -1.320700 117.447601 11 1
-1.962300 -1.067800 116.832199 15 1
-2.242100 -1.400800 116.488602 0 0
-2.219433 -1.370833 117.313769 0 0
-1.941450 -1.121900 117.459198 11 1
-2.559500 -1.283900 116.964798 16 1
-2.231600 -1.369100 117.115799 0 0
-1.979700 -1.176833 117.062302 15 1
-1.920100 -1.092500 117.381401 11 1
-2.655800 -1.373700 117.121300 17 1
-1.992900 -1.138700 117.457001 11 1
-2.254400 -1.343600 117.244698 11 1
-2.100800 -1.324100 117.075699 15 1
-2.523800 -1.339075 117.245725 17 1
-1.953600 -1.063350 117.358552 11 1
-2.303000 -1.370400 117.156197 17 1
-2.360417 -1.365617 116.533618 13 1
-2.331900 -1.352900 117.197304 17 1
-2.102800 -1.250100 117.113602 15 1
-1.967950 -1.039550 116.788651 15 1
-2.000400 -1.254200 117.092598 15 1
-2.285000 -1.337900 117.170601 17 1
-2.444950 -1.392550 117.276649 17 1
-2.493700 -1.371250 117.261101 17 1
-2.375233 -1.343767 116.458834 13 1
-2.277850 -1.391850 116.417397 12 1
-2.354775 -1.356775 117.215075 17 1
-2.332500 -1.364300 116.611599 13 1
-2.552300 -1.378800 117.241699 17 1
-1.922500 -1.072300 117.309898 11 1
-1.959950 -1.068600 117.395050 11 1
-2.259900 -1.341000 117.292751 11 1
-2.229500 -1.354550 116.929702 0 0
-1.906350 -1.114450 117.418351 11 1
-2.166271 -1.395629 116.804272 14 1
-2.348000 -1.343700 116.946404 16 1
-2.215700 -1.364000 117.284203 11 1
-1.980300 -1.023450 117.370652 11 1
-1.941220 -1.188740 117.035420 15 1
-2.427233 -1.341967 116.989500 16 1
-1.921350 -1.126000 116.942150 15 1
-2.258300 -1.376800 117.107803 17 1
-1.974260 -1.206760 117.077020 15 1
-2.164075 -1.305825 117.416199 11 1
-2.695600 -1.331800 117.010200 17 1
-2.218350 -1.370700 117.352002 0 0
-2.282300 -1.363000 116.893303 16 1
-2.389100 -1.330000 116.973396 16 1
-2.261150 -1.347800 116.651448 13 1
-2.365500 -1.342200 116.410896 13 1
-2.402900 -1.372800 117.252602 17 1
-2.130057 -1.270429 117.076272 15 1
-2.259000 -1.355000 116.971397 0 0
-2.579500 -1.355000 117.211403 17 1
-2.258500 -1.392900 116.764049 0 0
-2.615600 -1.271700 116.904999 16 1
-2.243700 -1.333900 117.098297 0 0
-2.280700 -1.330600 116.881561 16 1
-2.253800 -1.356700 117.268501 11 1
-2.526680 -1.312040 116.975460 16 1
-2.220800 -1.333900 117.329002 11 1
-2.267600 -1.374300 116.486298 0 0
-2.352667 -1.371467 116.941101 16 1
-2.606371 -1.377200 117.178745 17 1
-2.035200 -1.385300 116.836800 14 1
-2.191000 -1.372800 116.796204 14 1
-1.919533 -1.146033 117.382833 11 1
-2.207950 -1.366300 117.000450 15 1
-2.248900 -1.355400 116.532097 0 0
-2.672500 -1.262300 116.844902 16 1
-2.235000 -1.355933 117.227333 11 1
-2.049500 -1.259100 117.101799 15 1
-2.037000 -1.170700 117.475700 11 1
-2.178500 -1.343500 117.353996 11 1
-2.273988 -1.374375 116.521699 0 0
-2.249500 -1.380500 116.691399 0 0
-2.173000 -1.291800 117.051002 15 1
-2.671600 -1.242900 116.794296 16 1
-2.259200 -1.351200 116.898003 16 1
-1.992300 -1.153200 117.488701 11 1
-1.933100 -1.091300 117.435799 11 1
-2.376175 -1.346938 116.509300 13 1
-2.256523 -1.359354 117.193730 0 0
-2.184700 -1.314500 117.382450 11 1
-2.256860 -1.381220 116.719900 0 0
-2.304900 -1.395825 116.508949 12 1
-2.694325 -1.297550 117.034527 17 1
-1.926267 -1.080733 117.403834 11 1
-2.230267 -1.378200 117.239965 0 0
-2.632800 -1.249000 116.900703 16 1
-2.263650 -1.363750 116.576702 0 0
-2.422500 -1.300100 116.989700 16 1
-2.317000 -1.373050 117.190498 17 1
-2.269300 -1.403850 116.497002 12 1
-2.069100 -1.160300 117.496902 11 1
-2.264867 -1.373800 116.854801 16 1
-2.696500 -1.244500 116.719398 16 1
-2.009300 -1.163300 117.081200 15 1
-2.205800 -1.309200 117.030998 15 1
-2.373100 -1.350900 116.962400 16 1
-2.239300 -1.341600 117.423897 0 0
-1.965550 -1.177900 117.040901 15 1
-2.157517 -1.272950 117.457148 11 1
-2.298900 -1.357411 116.638845 13 1
-2.262800 -1.374300 116.880997 16 1
-2.467700 -1.311600 116.991096 16 1
-2.610150 -1.308750 116.935352 16 1
-1.944000 -1.102250 116.914952 15 1
-2.688800 -1.221400 116.757202 16 1
-2.207500 -1.301600 117.424698 11 1
-2.252800 -1.348833 116.756167 0 0
-2.457750 -1.341150 116.993274 16 1
-2.199200 -1.357400 117.319801 11 1
-2.227100 -1.332800 116.998802 15 1
-2.651300 -1.288800 116.887802 16 1
-2.211950 -1.309450 117.358551 11 1
-2.469829 -1.344829 117.266643 17 1
-2.237800 -1.391600 117.107201 0 0
-1.977075 -1.087300 117.451649 11 1
-2.694800 -1.317650 117.071198 17 1
-2.424800 -1.327800 117.268402 17 1
-1.962800 -1.129667 117.028732 15 1
-2.186100 -1.376000 117.045403 15 1
-1.975700 -1.137200 117.054703 15 1
-1.913800 -1.082700 117.332703 11 1
-2.234700 -1.376050 116.765698 14 1
-2.215233 -1.392400 116.792300 14 1
-2.698000 -1.274000 116.808800 16 1
-2.449400 -1.295000 117.000000 16 1
-2.255533 -1.354867 117.013735 0 0
-2.191300 -1.386700 117.008400 15 1
-2.664265 -1.339071 117.082847 17 1
-2.656240 -1.231720 116.839480 16 1
-2.577700 -1.285200 116.948502 16 1
-2.710900 -1.333600 116.966797 17 1
-2.142567 -1.332367 117.385534 11 1
-2.257500 -1.385200 116.538902 0 0
-2.260400 -1.358000 116.600098 0 0
-1.961900 -1.070900 116.890404 15 1
-2.238900 -1.354500 117.069801 0 0
-1.959000 -1.107800 117.429100 11 1
-2.239700 -1.349500 116.559303 0 0
-2.635300 -1.349000 117.150703 17 1
-2.576200 -1.321500 116.964600 16 1
-2.706760 -1.303860 116.983801 17 1
-2.505270 -1.329650 116.987100 16 1
-2.120800 -1.397600 116.832497 14 1
-1.901100 -1.111300 117.394897 11 1
-2.637229 -1.372150 117.136235 17 1
-2.244925 -1.371750 116.470501 0 0
-2.505700 -1.321900 117.255798 17 1
-2.711800 -1.317600 117.020302 17 1
-2.251500 -1.378900 116.820396 0 0
-2.034300 -1.337600 116.841904 14 1
-2.253162 -1.377475 116.788600 0 0
-2.262700 -1.366400 116.451202 0 0
-2.363500 -1.339800 117.228996 17 1
-2.238700 -1.349900 117.389503 0 0
-1.956950 -1.155450 117.014301 15 1
-2.596800 -1.259300 116.949303 16 1
-2.242300 -1.395100 116.435097 0 0
-2.228800 -1.315767 117.422066 0 0
-2.250150 -1.374600 116.614650 0 0
-1.961900 -1.081400 117.434250 11 1
-2.671350 -1.359600 117.073700 17 1
-2.262425 -1.359775 116.729376 0 0
-2.012300 -1.111900 117.471802 11 1
-1.984900 -1.111300 117.454399 11 1
-2.215100 -1.345767 117.349701 11 1
-2.239200 -1.348380 116.959718 0 0
-1.925850 -1.063475 117.359001 11 1
-2.687300 -1.224900 116.780502 16 1
-2.104900 -1.256100 117.482399 11 1
-2.150000 -1.378600 116.817398 14 1
-2.707650 -1.242850 116.743649 16 1
-2.277450 -1.349900 117.152203 17 1
-2.273600 -1.374800 116.615700 13 1
-2.079300 -1.338386 116.836643 14 1
-2.730875 -1.323925 116.947975 17 1
-2.270850 -1.338750 117.125396 17 1
-2.203400 -1.327700 117.389397 0 0
-2.265829 -1.376786 117.130585 17 1
-2.205100 -1.381800 117.328049 0 0
-2.410700 -1.326500 116.985703 16 1
-2.644080 -1.264160 116.864380 16 1
-2.244800 -1.376000 116.943848 0 0
-2.109300 -1.361733 116.829966 14 1
-2.547100 -1.334500 116.971298 16 1
-2.693700 -1.221500 116.691399 16 1
-2.244100 -1.376100 117.011597 0 0
-2.265900 -1.394800 116.436933 12 1
-2.262200 -1.363440 116.680982 0 0
-2.182300 -1.335000 117.034698 15 1
-1.913433 -1.093867 117.424500 11 1
-2.276267 -1.363100 116.641500 13 1
-2.020000 -1.181300 117.089401 15 1
-2.711550 -1.346800 116.986751 17 1
-2.256600 -1.348600 116.852402 0 0
-2.019050 -1.242700 117.098247 15 1
-1.935850 -1.094200 116.872151 15 1
-2.225900 -1.347400 117.309700 11 1
-2.259300 -1.381329 116.563714 0 0
-2.714467 -1.232567 116.680466 16 1
-2.213800 -1.307600 117.404198 11 1
-2.299333 -1.524600 116.501999 12 1
-2.253600 -1.362833 117.148834 0 0
-2.170400 -1.330600 117.376701 11 1
-2.540400 -1.352400 117.238800 17 1
-2.145800 -1.313900 117.428398 11 1
-2.679330 -1.260460 116.776579 16 1
-2.229455 -1.389755 116.983698 0 0
-1.919000 -1.105500 116.890404 15 1
-2.349400 -1.321200 116.940002 16 1
-2.672150 -1.328500 117.112099 17 1
-2.420950 -1.363000 116.990799 16 1
-2.510200 -1.356000 117.255302 17 1
-2.050700 -1.151700 117.487198 11 1
-2.643011 -1.330200 117.124838 17 1
-1.953933 -1.139900 117.466832 11 1
-2.566600 -1.303700 116.952202 16 1
-2.079517 -1.380817 116.830533 14 1
-2.118440 -1.233840 117.488322 11 1
-1.965340 -1.072020 116.854519 15 1
-2.677600 -1.235500 116.742996 16 1
-2.392300 -1.316300 116.956703 16 1
-2.276100 -1.365200 117.113899 17 1
-2.042900 -1.124000 117.493599 11 1
-2.356067 -1.377100 116.437467 13 1
-1.948167 -1.128467 116.955966 15 1
-1.956650 -1.081350 116.872299 15 1
-2.206000 -1.333200 117.003098 15 1
-1.947733 -1.092800 116.935834 15 1
-2.586583 -1.338856 117.197338 17 1
-2.241613 -1.374513 117.218012 0 0
-2.052500 -1.371300 116.833399 14 1
-2.024800 -1.135400 117.476700 11 1
-1.952200 -1.070500 116.938797 15 1
-2.602433 -1.339100 117.179711 17 1
-2.264600 -1.351100 117.073997 17 1
-2.472633 -1.374417 117.266167 17 1
-2.169300 -1.362733 117.352198 0 0
-1.991100 -1.109800 117.476601 11 1
-2.223200 -1.351200 116.787003 14 1
-1.971700 -1.075100 117.413551 11 1
-2.235150 -1.370525 117.271601 0 0
-2.242040 -1.363640 117.313838 0 0
-1.960700 -1.089700 116.974701 15 1
-2.313700 -1.359800 116.620796 13 1
-2.243300 -1.364300 117.250949 11 1
-2.135333 -1.299667 117.454297 11 1
-2.647592 -1.356917 117.110150 17 1
-2.432900 -1.373500 117.265099 17 1
-1.995400 -1.209550 117.089104 15 1
-2.283400 -1.369767 117.166532 17 1
-2.673637 -1.266063 116.819099 16 1
-1.949450 -1.105550 116.953102 15 1
-2.234900 -1.368514 117.373572 0 0
-2.140300 -1.236875 117.473303 11 1
-2.258950 -1.373850 117.049551 8 0
-2.349246 -1.359962 116.551484 13 1
-2.619750 -1.362650 117.171948 17 1
-2.565493 -1.336407 117.218157 17 1
-2.247500 -1.347950 116.489651 0 0
-2.689400 -1.223200 116.661301 16 1
-2.026700 -1.167800 117.496002 11 1
-2.058800 -1.240300 117.107399 15 1
-2.572300 -1.314950 117.238651 17 1
-2.645200 -1.313400 117.155098 17 1
-2.169200 -1.282650 117.443001 11 1
-2.497200 -1.346633 116.995766 16 1
-2.209050 -1.321950 117.341148 11 1
-2.258233 -1.373767 116.962832 0 0
-2.242800 -1.323200 117.329803 11 1
-2.283233 -1.389900 116.506332 12 1
-2.145200 -1.262700 117.470001 11 1
-2.255100 -1.371350 116.510052 0 0
-2.234100 -1.376600 117.406097 0 0
-2.052433 -1.350400 116.835701 14 1
-2.041300 -1.210900 117.107002 15 1
-2.294967 -1.485133 116.495066 12 1
-2.279600 -1.369400 116.501999 0 0
-2.686500 -1.353700 117.052200 17 1
-2.643500 -1.273800 116.899200 16 1
-1.960000 -1.111800 117.462700 11 1
-1.964350 -1.107700 116.989250 15 1
-2.683750 -1.327150 117.053348 17 1
-2.117600 -1.290500 117.472850 11 1
-1.977740 -1.159220 117.052422 15 1
-1.893600 -1.106800 117.368500 11 1
-2.375900 -1.379400 116.482498 13 1
-2.568000 -1.369475 117.219549 17 1
-2.693100 -1.243100 116.757599 16 1
-2.250100 -1.375950 116.897301 0 0
-1.947600 -1.136800 116.975197 15 1
-2.212200 -1.345150 117.278099 11 1
-1.948700 -1.079700 117.411102 11 1
-2.219350 -1.372500 116.982399 15 1
-2.373400 -1.379550 116.527550 13 1
-2.267100 -1.367900 116.749901 0 0
-2.325945 -1.345000 116.608782 13 1
-2.672900 -1.231800 116.817497 16 1
-2.629000 -1.329500 117.163696 17 1
-1.954800 -1.172100 117.025200 15 1
-2.699950 -1.318950 116.995651 17 1
-2.542400 -1.295700 116.968300 16 1
-2.490350 -1.288750 116.990051 16 1
-2.691000 -1.342200 117.026497 17 1
-2.619044 -1.359983 117.148312 17 1
-2.022000 -1.128300 117.495903 11 1
-2.255600 -1.355700 117.228996 0 0
-2.239000 -1.374867 117.032598 0 0
-2.653333 -1.257900 116.845800 16 1
-2.250300 -1.367800 117.092003 17 1
-2.256750 -1.358125 116.818901 0 0
-2.345100 -1.348300 116.576698 13 1
-1.923300 -1.083700 117.361397 11 1
-1.986720 -1.134840 117.481598 11 1
-1.909450 -1.135300 117.421600 11 1
-2.364971 -1.360143 116.455628 13 1
-2.700300 -1.242400 116.692266 16 1
-2.203800 -1.371100 117.298302 0 0
-2.245900 -1.376500 116.983498 0 0
-2.247400 -1.380500 116.842518 0 0
-2.694100 -1.221800 116.710899 16 1
-1.964700 -1.137200 117.010551 15 1
-2.256850 -1.365750 117.173100 0 0
-2.011050 -1.145800 117.490898 11 1
-2.255200 -1.386400 116.497398 0 0
-2.359133 -1.359467 116.515200 13 1
-1.931350 -1.120700 116.924248 15 1
-1.935700 -1.151500 116.981003 15 1
-2.597500 -1.315800 117.213600 17 1
-2.259800 -1.341900 117.109759 17 1
-2.725275 -1.320575 116.966301 17 1
-2.603000 -1.292000 116.924797 16 1
-2.220375 -1.392475 117.293098 0 0
-2.598580 -1.255820 116.929980 16 1
-2.268200 -1.355700 116.530899 0 0
-2.020000 -1.344250 116.830299 14 1
-2.385500 -1.371882 117.244382 17 1
-2.079433 -1.244033 117.496300 11 1
-1.936300 -1.103800 117.450600 11 1
-1.954133 -1.126167 116.989832 15 1
-2.670400 -1.344050 117.100949 17 1
-2.254400 -1.352950 117.032803 0 0
-2.267000 -1.364100 116.659698 13 1
-2.487040 -1.314380 116.986290 16 1
-2.221600 -1.370600 117.332802 0 0
-2.237500 -1.347300 117.264702 11 1
-1.914750 -1.067150 117.343750 11 1
-1.971450 -1.103750 117.443199 11 1
-2.254000 -1.358700 116.795197 14 1
-1.953900 -1.057650 116.845900 15 1
-2.202775 -1.312475 117.376949 11 1
-1.967300 -1.056833 116.815801 15 1
-2.251200 -1.354400 116.993599 0 0
-2.680000 -1.236467 116.681600 16 1
-2.047000 -1.157700 117.504799 11 1
-1.950050 -1.164400 116.998402 15 1
-2.451000 -1.345700 117.268204 17 1
-2.665800 -1.276400 116.833099 16 1
-2.480886 -1.329557 117.267729 17 1
-2.018800 -1.197500 117.099899 15 1
-2.244600 -1.355700 116.510597 0 0
-2.475000 -1.350000 116.997002 16 1
-2.700350 -1.315150 117.052597 17 1
-2.151850 -1.323050 117.413101 11 1
-2.235550 -1.362800 117.355616 0 0
-2.135733 -1.288133 117.073334 15 1
-2.245467 -1.357100 117.211734 0 0
-2.736800 -1.333700 116.932404 17 1
-2.655000 -1.344600 117.126297 17 1
-2.091683 -1.356767 116.834217 14 1
-1.999000 -1.090050 117.445251 11 1
-2.007467 -1.134900 117.469566 11 1
-1.950700 -1.158500 117.466351 11 1
-2.277767 -1.380933 116.890319 16 1
-2.269700 -1.351500 116.440498 0 0
-2.697200 -1.347100 116.999298 17 1
-1.950400 -1.042500 116.782902 15 1
-2.191600 -1.351600 117.341103 11 1
-2.279960 -1.368630 116.875471 16 1
-1.956900 -1.065233 117.376834 11 1
-2.273911 -1.383922 116.449778 12 1
-2.084800 -1.275000 117.490501 11 1
-1.925600 -1.126300 117.448768 11 1
-2.181900 -1.295033 117.418834 11 1
-2.526864 -1.387064 117.251300 17 1
-2.696750 -1.271050 116.732299 16 1
-2.583694 -1.368941 117.199847 17 1
-2.676100 -1.326250 117.076508 17 1
-1.992775 -1.167650 117.074002 15 1
-2.116200 -1.270800 117.476303 11 1
-2.260200 -1.387750 116.413650 12 1
-2.678100 -1.242600 116.719803 16 1
-2.398100 -1.388700 117.260696 17 1
-2.215600 -1.374850 117.269249 0 0
-2.307320 -1.380830 116.644410 13 1
-2.510740 -1.378040 117.255560 17 1
-2.685800 -1.262800 116.759449 16 1
-2.700600 -1.275200 116.752949 16 1
-2.168200 -1.298300 117.432503 11 1
-1.944650 -1.066050 116.860649 15 1
-2.005250 -1.230800 117.094947 15 1
-2.328640 -1.357520 116.593541 13 1
-2.661150 -1.255925 116.872249 16 1
-2.121500 -1.217100 117.497547 11 1
-2.262100 -1.358800 116.494400 0 0
-2.238650 -1.362050 117.160801 0 0
-1.941267 -1.069933 117.397502 11 1
-2.310300 -1.371900 117.172873 17 1
-2.293400 -1.354100 117.160049 17 1
-2.239567 -1.360433 117.184898 0 0
-1.949600 -1.072050 116.905998 15 1
-2.364662 -1.356975 116.497687 13 1
-2.230900 -1.341800 116.980904 15 1
-2.200400 -1.348700 117.010803 15 1
-2.602662 -1.356638 117.170312 17 1
-2.190067 -1.328100 117.349833 11 1
-2.679900 -1.242800 116.662804 16 1
-2.247500 -1.371350 116.707951 0 0
-2.264400 -1.390200 116.867203 16 1
-1.913600 -1.075600 117.374298 11 1
-2.218300 -1.326900 117.015404 15 1
-2.251750 -1.357750 116.924602 0 0
-2.173600 -1.312400 117.399200 11 1
-1.997750 -1.121800 117.461449 11 1
-2.688450 -1.251600 116.704750 16 1
-2.712100 -1.337100 117.002197 17 1
-2.031933 -1.254400 117.102801 15 1
-2.606500 -1.269900 116.920403 16 1
-2.294767 -1.410656 116.509777 12 1
-2.294200 -1.340100 116.637901 13 1
-2.182600 -1.321600 117.366096 11 1
-2.296067 -1.371167 116.903201 16 1
-1.919800 -1.062867 117.325434 11 1
-2.246700 -1.358900 116.887703 0 0
-2.537200 -1.324800 117.245903 17 1
-1.898967 -1.073133 117.337733 11 1
-2.241800 -1.361800 116.971298 0 0
-2.281150 -1.369100 117.146074 17 1
-2.115200 -1.256000 117.101700 15 1
-2.258100 -1.364400 116.642403 13 1
-2.239600 -1.367200 116.851601 0 0
-2.365600 -1.379700 116.543999 13 1
-2.694900 -1.312267 117.022733 17 1
-2.253800 -1.359567 117.109032 17 1
-2.740600 -1.325900 116.912300 17 1
-2.240000 -1.359400 116.769302 14 1
-2.260900 -1.389300 117.142303 0 0
-2.242043 -1.374586 117.071000 0 0
-2.276000 -1.333800 117.290703 11 1
-2.357400 -1.345800 116.544601 13 1
-1.960800 -1.051200 116.800301 15 1
-2.366000 -1.360500 116.949203 16 1
-2.130662 -1.384150 116.825212 14 1
-2.181650 -1.387300 116.801800 14 1
-2.218300 -1.353300 116.993896 15 1
-2.686700 -1.259000 116.721703 16 1
-2.204100 -1.362100 116.790001 14 1
-2.254200 -1.360700 117.061096 0 0
-1.973200 -1.224350 117.077954 15 1
-2.266000 -1.381200 116.467003 0 0
-2.592600 -1.293000 116.939201 16 1
-2.344600 -1.364000 117.202400 17 1
-2.612973 -1.326791 117.172796 17 1
-1.972800 -1.192400 117.066700 15 1
-1.924800 -1.106700 117.430199 11 1
-2.357500 -1.356800 116.416500 13 1
-2.238700 -1.359400 117.004799 0 0
-2.198200 -1.325500 117.038200 15 1
-2.692100 -1.273650 116.791748 16 1
-2.225700 -1.381500 116.781303 14 1
-2.251200 -1.377833 116.771202 14 1
-2.483875 -1.356825 117.262037 17 1
-2.289800 -1.362400 116.653503 13 1
-1.950000 -1.056250 116.827702 15 1
-2.203400 -1.318000 117.011597 15 1
-2.224900 -1.371300 117.297203 0 0
-1.949900 -1.054850 116.884701 15 1
-2.226875 -1.380025 117.257049 0 0
-2.372825 -1.344150 116.441302 13 1
-2.613975 -1.314950 117.187376 17 1
-2.462600 -1.386200 117.274101 17 1
-1.918000 -1.095600 117.407402 11 1
-2.236075 -1.343125 117.406903 0 0
-2.279700 -1.347913 116.885114 16 1
-2.349450 -1.366000 116.568951 13 1
-2.238133 -1.321400 116.991801 15 1
-2.269100 -1.378300 117.171898 0 0
-2.560050 -1.392825 117.233488 17 1
-2.282800 -1.369500 116.479567 12 1
-2.244900 -1.370500 117.136002 0 0
-2.395300 -1.361000 116.967201 16 1
-2.649400 -1.241950 116.878948 16 1
-2.256300 -1.328000 117.320198 11 1
-2.562800 -1.266000 116.969597 16 1
-2.550714 -1.338881 117.229786 17 1
-2.517614 -1.297229 116.978586 16 1
-2.231050 -1.357250 117.288849 11 1
-2.668067 -1.323375 117.094783 17 1
-2.295500 -1.365800 117.182701 17 1
-2.166000 -1.257400 117.462997 11 1
-1.905800 -1.068800 117.310753 11 1
-2.717933 -1.321200 117.004366 17 1
-2.351167 -1.374433 117.218302 17 1
-2.203233 -1.337033 117.319199 11 1
-2.097333 -1.264400 117.106133 15 1
-2.062350 -1.170350 117.508848 11 1
-2.237400 -1.361100 117.100800 0 0
-2.676200 -1.249400 116.809303 16 1
-1.965700 -1.170700 117.484596 11 1
-2.233400 -1.366300 116.957298 0 0
-2.273900 -1.353750 117.136100 17 1
-2.167700 -1.318350 117.050850 15 1
-2.621300 -1.311600 116.922096 16 1
-2.372517 -1.347017 116.476701 13 1
-2.262389 -1.377678 116.701946 0 0
-2.092500 -1.258500 117.493599 11 1
-2.271567 -1.336333 117.160334 0 0
-1.947250 -1.087200 117.427597 11 1
-2.237575 -1.366550 117.391851 0 0
-2.310090 -1.467840 116.513210 12 1
-2.583867 -1.269367 116.953799 16 1
-2.208267 -1.343800 117.334468 11 1
-1.974514 -1.102300 117.464073 11 1
-1.939100 -1.107533 116.899834 15 1
-2.260900 -1.380600 116.429604 12 1
-1.946800 -1.071800 116.839650 15 1
-1.910600 -1.084700 117.393501 11 1
-2.253133 -1.347933 117.085767 17 1
-2.462000 -1.360500 116.997597 16 1
-2.258800 -1.369400 116.533600 0 0
-2.200250 -1.307050 117.392548 11 1
-2.650350 -1.278350 116.872051 16 1
-2.242000 -1.342000 117.298748 11 1
-2.702000 -1.273700 116.697502 16 1
-2.258200 -1.345650 117.184353 0 0
-2.088500 -1.394100 116.825996 14 1
-1.942100 -1.086900 116.908749 15 1
-2.301250 -1.498950 116.510399 12 1
-2.585400 -1.381400 117.215698 17 1
-2.271011 -1.368844 116.590713 0 0
-2.259433 -1.342300 117.274918 11 1
-2.364443 -1.365886 117.226585 17 1
-2.442420 -1.335440 116.990721 16 1
-2.549725 -1.365675 117.231751 17 1
-2.381200 -1.333500 116.470398 13 1
-2.370133 -1.327433 116.416735 13 1
-2.212625 -1.380725 117.284473 0 0
-2.496625 -1.387400 117.265075 17 1
-2.275000 -1.332900 116.866251 16 1
-2.508369 -1.338777 117.253361 17 1
-2.262000 -1.368589 116.830889 0 0
-2.145489 -1.297167 117.062122 15 1
-2.471200 -1.319300 117.276199 17 1
-2.324900 -1.364000 117.179298 17 1
-2.200060 -1.386480 116.795720 14 1
-2.267133 -1.368667 116.789001 0 0
-1.932533 -1.082133 117.418900 11 1
-2.249600 -1.374200 117.160698 0 0
-2.683250 -1.240600 116.782601 16 1
-2.427350 -1.323675 116.990450 16 1
-2.690550 -1.340700 117.042747 17 1
-2.641100 -1.338600 117.139553 17 1
-2.139900 -1.334600 117.404198 11 1
-2.705550 -1.335700 117.023052 17 1
-1.971500 -1.140200 117.476402 11 1
-1.934300 -1.082200 116.840698 15 1
-2.261733 -1.385733 116.611933 0 0
-2.261400 -1.377500 116.651452 13 1
-2.198700 -1.306200 117.045303 15 1
-2.622300 -1.258350 116.911350 16 1
-2.334375 -1.368450 116.627174 13 1
-1.942700 -1.151950 117.007400 15 1
-2.695300 -1.232400 116.744598 16 1
-1.981700 -1.127400 117.454102 11 1
-2.715900 -1.329800 116.949600 17 1
-2.673350 -1.227200 116.788324 16 1
-2.279450 -1.360900 116.450347 12 1
-2.437500 -1.354200 117.265701 17 1
-2.263500 -1.326200 117.133301 17 1
-2.640480 -1.258140 116.887761 16 1
-1.979800 -1.160700 117.481598 11 1
-2.285200 -1.383800 116.472099 12 1
-2.631300 -1.298650 116.901001 16 1
-1.933000 -1.094600 117.399200 11 1
-2.253050 -1.371500 116.587849 0 0
-2.629000 -1.266900 116.897499 16 1
-2.234150 -1.354900 116.945099 0 0
-2.065500 -1.227000 117.116798 15 1
-2.218300 -1.373300 117.374100 0 0
-2.418000 -1.377300 117.260498 17 1
-2.229333 -1.359967 117.242332 11 1
-2.430350 -1.388800 117.270203 17 1
-2.361500 -1.341700 116.956299 16 1
-2.672000 -1.329200 117.132500 17 1
-2.065500 -1.258900 117.101799 15 1
-2.033000 -1.156700 117.483200 11 1
-2.255400 -1.370986 116.932799 0 0
-2.183100 -1.277300 117.448799 11 1
-1.936000 -1.076000 117.367302 11 1
-2.260300 -1.375600 116.734698 0 0
-2.388250 -1.348100 116.973396 16 1
-2.317600 -1.521750 116.494499 12 1
-1.950900 -1.110900 117.447304 11 1
-2.261900 -1.367920 116.980699 0 0
-2.716900 -1.307800 116.972198 17 1
-2.214400 -1.352400 117.297203 11 1
-2.232200 -1.356200 116.881798 0 0
-2.299800 -1.436600 116.511101 12 1
-2.258100 -1.380000 116.677597 0 0
-2.236700 -1.374900 116.997597 0 0
-2.244600 -1.382400 117.096199 17 1
-1.956450 -1.063350 116.917350 15 1
-2.281700 -1.378600 116.636703 13 1
-2.522000 -1.330600 117.259003 17 1
-2.258200 -1.349300 117.141998 0 0
-2.226550 -1.331800 117.418400 0 0
-2.123400 -1.263340 117.088759 15 1
-2.225700 -1.362200 116.775902 14 1
-2.151900 -1.400900 116.800400 14 1
-2.117960 -1.374840 116.828419 14 1
-2.206045 -1.381155 117.310780 0 0
-2.262125 -1.330375 117.304199 11 1
-2.641500 -1.365225 117.122725 17 1
-2.655713 -1.347983 117.095091 17 1
-2.055100 -1.167500 117.489800 11 1
-2.248900 -1.372400 117.189102 0 0
-2.370133 -1.345133 116.425835 13 1
-2.719900 -1.356100 116.977203 17 1
-2.277700 -1.372300 116.905296 16 1
-2.688367 -1.238667 116.731499 16 1
-2.227100 -1.339700 117.386703 0 0
-1.947975 -1.068725 116.875752 15 1
-2.224400 -1.338600 117.296799 11 1
-2.464133 -1.327033 116.990832 16 1
-2.177785 -1.362762 117.046640 15 1
-2.331800 -1.371333 117.197100 17 1
-2.688267 -1.270433 116.822599 16 1
-2.504000 -1.313500 117.268898 17 1
-2.297000 -1.357700 116.892403 16 1
-2.249600 -1.382300 116.754997 0 0
-2.274400 -1.394200 116.897903 16 1
-2.013500 -1.098000 117.459297 11 1
-2.262417 -1.368900 117.013917 0 0
-2.605500 -1.362300 117.184601 17 1
-1.950000 -1.102567 116.968834 15 1
-2.131900 -1.329000 117.434700 11 1
-2.230100 -1.357500 117.321800 0 0
-2.261867 -1.344956 117.259733 11 1
-2.412833 -1.336267 117.263102 17 1
-1.960500 -1.207300 117.067200 15 1
-2.265200 -1.359900 116.846001 0 0
-2.706900 -1.353800 117.022903 17 1
-2.659200 -1.260900 116.830601 16 1
-1.971200 -1.069900 117.428200 11 1
-1.969350 -1.137500 117.040447 15 1
-2.251300 -1.370400 117.120102 0 0
-1.986267 -1.196933 117.076701 15 1
-2.649800 -1.321900 117.141403 17 1
-2.688800 -1.235100 116.651398 16 1
-2.276200 -1.382900 116.430397 12 1
-2.610909 -1.368836 117.160837 17 1
-2.372350 -1.380100 117.239452 17 1
-2.552300 -1.397600 117.247299 17 1
-2.235867 -1.326567 117.430600 0 0
-2.240700 -1.367900 116.928299 0 0
-2.007867 -1.200433 117.089002 15 1
-1.914200 -1.122100 117.436096 11 1
-2.342300 -1.362100 116.599098 13 1
-2.052600 -1.226200 117.106697 15 1
-2.223036 -1.332818 117.313792 11 1
-2.268900 -1.379667 116.506167 0 0
-2.707450 -1.326700 116.984150 17 1
-2.721250 -1.357200 116.992649 17 1
-2.369400 -1.371700 116.468803 13 1
-2.197300 -1.372242 117.010541 15 1
-2.578175 -1.333725 117.209900 17 1
-2.340525 -1.344650 117.208473 17 1
-2.377033 -1.335533 116.965668 16 1
-2.295800 -1.358400 117.145500 17 1
-2.254000 -1.390500 117.113250 17 1
-2.187400 -1.380000 117.028750 15 1
-2.012300 -1.115000 117.489899 11 1
-2.228367 -1.320667 117.325302 11 1
-2.186000 -1.336800 117.366600 11 1
-2.658452 -1.327048 117.118772 17 1
-1.924600 -1.078400 117.347099 11 1
-2.091750 -1.221850 117.494348 11 1
-2.368800 -1.349200 116.522499 13 1
-2.204200 -1.333800 117.350998 11 1
-1.924600 -1.077700 117.384697 11 1
-2.689200 -1.313300 117.008598 17 1
-2.384200 -1.335000 116.445801 13 1
-2.254550 -1.361800 116.907951 0 0
-2.680400 -1.255200 116.792297 16 1
-2.568800 -1.272900 116.956902 16 1
-2.535025 -1.326813 116.976539 16 1
-1.935550 -1.125625 116.947674 15 1
-2.270325 -1.369625 116.563301 0 0
-2.595250 -1.372500 117.190600 17 1
-2.626800 -1.347200 117.138199 17 1
-2.243200 -1.390750 116.977253 0 0
-2.272350 -1.350000 117.112599 17 1
-2.560000 -1.327900 116.966698 16 1
-2.259540 -1.383040 116.578818 0 0
-2.354600 -1.373700 116.581001 13 1
-2.215000 -1.347950 117.365700 0 0
-1.936200 -1.158900 116.995433 15 1
-2.720200 -1.316700 116.936996 17 1
-2.140600 -1.306500 117.440600 11 1
-2.478644 -1.299856 116.993181 16 1
-2.730255 -1.339045 116.945000 17 1
-2.012700 -1.257650 117.100750 15 1
-2.321350 -1.348850 117.186649 17 1
-2.156950 -1.327850 117.383103 11 1
-2.269300 -1.403900 116.414101 12 1
-2.466550 -1.360600 117.265503 17 1
-2.252500 -1.365800 116.693199 0 0
-2.353500 -1.368500 116.425331 13 1
-1.951700 -1.186800 117.046097 15 1
-2.250575 -1.368625 116.725326 0 0
-2.085600 -1.327000 117.082001 15 1
-2.299900 -1.538200 116.495102 12 1
-2.565423 -1.327069 117.229985 17 1
-1.921000 -1.138900 116.971901 15 1
-2.131000 -1.267150 117.472153 11 1
-2.244429 -1.344529 116.974072 15 1
-2.511200 -1.343450 116.987102 16 1
-2.511445 -1.315027 116.981364 16 1
-2.146800 -1.283100 117.454399 11 1
-2.624570 -1.338510 117.150899 17 1
-2.238800 -1.351800 116.543648 0 0
-2.188800 -1.343500 117.024200 15 1
-2.221500 -1.347225 117.266548 11 1
-2.265617 -1.386408 116.524725 0 0
-2.565229 -1.350507 117.211450 17 1
-2.106600 -1.224900 117.492897 11 1
-2.247650 -1.360175 116.479574 0 0
-2.580104 -1.354061 117.196495 17 1
-2.159200 -1.285700 117.051002 15 1
-1.924200 -1.145800 117.451599 11 1
-2.553800 -1.299538 116.959461 16 1
-2.163267 -1.381433 116.807732 14 1
-2.050500 -1.202500 117.098801 15 1
-2.526731 -1.353823 117.244577 17 1
-2.232233 -1.365067 117.130333 0 0
-2.263100 -1.363325 117.085852 17 1
-2.664925 -1.258025 116.858001 16 1
-1.953900 -1.082250 116.896050 15 1
-2.127500 -1.314600 117.459851 11 1
-2.413000 -1.310250 116.984249 16 1
-2.213300 -1.322300 117.028603 15 1
-2.366733 -1.376767 116.939700 16 1
-1.969400 -1.038700 116.773903 15 1
-2.091333 -1.371867 116.831230 14 1
-2.022900 -1.119500 117.479797 11 1
-2.249400 -1.365500 117.041901 0 0
-1.928000 -1.097800 117.418800 11 1
-2.029800 -1.219300 117.100403 15 1
-2.375700 -1.347271 116.494514 13 1
-2.658986 -1.246014 116.836993 16 1
-2.664100 -1.373200 117.109100 17 1
-2.282633 -1.330178 116.896610 16 1
-2.463425 -1.299100 116.997927 16 1
-2.695700 -1.238550 116.705749 16 1
-1.959050 -1.126300 117.469403 11 1
-2.334967 -1.338133 116.573300 13 1
-1.987850 -1.182300 117.073300 15 1
-2.179000 -1.402600 116.801700 14 1
-1.963500 -1.144750 117.023152 15 1
-2.435700 -1.301400 116.996101 16 1
-2.706900 -1.240700 116.729103 16 1
-2.656600 -1.272225 116.846550 16 1
-1.949600 -1.063000 117.407447 11 1
-2.692000 -1.227500 116.678097 16 1
-2.219650 -1.300900 117.347248 11 1
-2.277767 -1.372000 116.653603 13 1
-1.991800 -1.242800 117.089199 15 1
-2.401700 -1.339000 116.978996 16 1
-2.255700 -1.358100 116.745201 0 0
-2.661300 -1.341400 117.112602 17 1
-2.211560 -1.323980 117.400961 0 0
-2.186300 -1.297800 117.050102 15 1
-2.253375 -1.377900 116.803200 0 0
-1.957500 -1.037100 116.802101 15 1
-2.240300 -1.367700 117.236603 11 1
-1.944950 -1.115800 116.920250 15 1
-2.254500 -1.346700 116.960297 0 0
-2.243775 -1.371050 117.202673 0 0
-2.677600 -1.341300 117.055496 17 1
-2.297400 -1.384600 116.503502 12 1
-2.537917 -1.377750 117.243666 17 1
-2.250800 -1.359600 117.076448 0 0
-2.192200 -1.302300 117.426102 11 1
-2.212900 -1.348400 117.316101 11 1
-1.912600 -1.079100 117.318398 11 1
-2.008200 -1.160000 117.492897 11 1
-2.254600 -1.368700 116.629002 0 0
-2.709700 -1.243000 116.713600 16 1
-1.980900 -1.076900 117.441399 11 1
-2.367113 -1.372125 116.491425 13 1
-2.188500 -1.317700 117.398003 11 1
-2.229920 -1.356740 117.274440 11 1
-2.433433 -1.353600 116.995435 16 1
-2.447500 -1.379700 117.270401 17 1
-1.968600 -1.185133 117.053032 15 1
-2.150500 -1.391800 116.811600 14 1
-2.719650 -1.308700 116.991902 17 1
-2.247450 -1.341750 117.283348 11 1
-2.697500 -1.347871 117.013729 17 1
-2.309333 -1.348200 116.631569 13 1
-1.944500 -1.101100 117.438904 11 1
-2.562031 -1.378077 117.229415 17 1
-2.355550 -1.329450 116.950051 16 1
-2.245250 -1.365800 116.822850 0 0
-2.264200 -1.363625 117.037647 12 0
-2.266000 -1.368780 116.716751 0 0
-2.255900 -1.360650 116.957199 0 0
-2.229000 -1.372700 117.101700 0 0
-1.907700 -1.134200 117.407402 11 1
-2.686867 -1.230900 116.719531 16 1
-2.260100 -1.368200 116.465599 0 0
-2.592942 -1.327321 117.205800 17 1
-2.202450 -1.380829 116.998858 15 1
-2.269367 -1.378178 116.629479 13 1
-2.256700 -1.385400 116.852203 16 1
-2.337600 -1.335800 116.940598 16 1
-1.958350 -1.083250 116.936352 15 1
-2.064500 -1.378700 116.835701 14 1
-2.644800 -1.343200 117.116402 17 1
-2.165100 -1.350000 117.357101 0 0
-2.270800 -1.377100 116.867348 16 1
-2.678450 -1.234650 116.803699 16 1
-2.213600 -1.309650 117.019050 15 1
-2.347300 -1.385600 116.934898 16 1
-2.047200 -1.138000 117.493301 11 1
-2.227900 -1.360400 116.973900 15 1
-2.249733 -1.401900 116.500534 0 0
-2.275750 -1.354450 116.652752 13 1
-2.671700 -1.346200 117.069000 17 1
-2.679389 -1.245522 116.752866 16 1
-2.260050 -1.361000 116.761452 0 0
-2.662275 -1.354106 117.083094 17 1
-2.269290 -1.339130 117.139959 17 1
-2.678100 -1.341800 117.084099 17 1
-2.678900 -1.276600 116.809651 16 1
-2.223650 -1.320450 117.409752 0 0
-2.178833 -1.366000 116.798602 14 1
-2.193314 -1.368800 117.325713 0 0
-2.049375 -1.386225 116.837225 14 1
-2.154900 -1.303100 117.428299 11 1
-2.120400 -1.280500 117.088303 15 1
-2.495500 -1.326067 117.264603 17 1
-2.237800 -1.369100 116.880798 0 0
-2.247400 -1.368200 117.022797 0 0
-2.633300 -1.315600 117.162300 17 1
-1.942000 -1.085975 116.882175 15 1
-2.214800 -1.344100 117.004402 15 1
-1.983700 -1.215850 117.084503 15 1
-1.935450 -1.180850 117.023498 15 1
-2.280500 -1.368200 116.625999 13 1
-2.629640 -1.360480 117.134421 17 1
-1.982600 -1.179100 117.491096 11 1
-2.661117 -1.233794 116.824844 16 1
-2.067340 -1.345040 116.839719 14 1
-1.961750 -1.164900 117.037250 15 1
-2.174950 -1.305875 117.051752 15 1
-2.176600 -1.311600 117.413696 11 1
-2.125300 -1.300550 117.464798 11 1
-2.255900 -1.346200 117.198502 0 0
-2.520810 -1.326590 116.980851 16 1
-2.059050 -1.150400 117.498703 11 1
-2.351900 -1.351200 116.563648 13 1
-2.230125 -1.356758 117.343833 0 0
-1.963800 -1.086600 117.447304 11 1
-2.006650 -1.177550 117.087601 15 1
-2.400580 -1.320520 116.974739 16 1
-2.682025 -1.228063 116.767450 16 1
-2.208325 -1.377800 116.788561 14 1
-2.202979 -1.320707 117.355672 11 1
-1.957200 -1.076700 117.421997 11 1
-2.537982 -1.338676 117.238465 17 1
-2.242400 -1.365700 116.757103 14 1
-2.170800 -1.271500 117.451797 11 1
-2.167400 -1.337900 117.364098 11 1
-2.206300 -1.365600 117.310799 0 0
-1.995300 -1.168300 117.489601 11 1
-2.265733 -1.365267 117.101149 17 1
-2.583400 -1.312600 117.229599 17 1
-2.320600 -1.357700 116.607201 13 1
-2.679400 -1.273350 116.840149 16 1
-2.413700 -1.341900 116.985298 16 1
-2.700440 -1.309420 117.038240 17 1
-2.244413 -1.389862 116.770062 14 1
-1.948100 -1.069650 116.890503 15 1
-2.231100 -1.365300 117.217903 11 1
-2.685100 -1.272633 116.779801 16 1
-2.351600 -1.342900 117.216599 17 1
-2.268233 -1.364733 116.513301 0 0
-2.175200 -1.325700 117.388702 11 1
-2.307350 -1.367050 116.645352 13 1
-1.980450 -1.147000 117.485351 11 1
-2.363900 -1.321700 116.942299 16 1
-2.220767 -1.304133 117.367699 11 1
-2.226000 -1.314700 116.995602 15 1
-2.137325 -1.275875 117.065550 15 1
-2.264900 -1.394300 116.507202 0 0
-2.256200 -1.356700 116.458450 0 0
-2.732400 -1.334500 116.919197 17 1
-2.154200 -1.248800 117.472702 11 1
-2.297900 -1.366500 117.169197 17 1
-2.645822 -1.255022 116.875511 16 1
-2.232933 -1.359033 117.304670 0 0
-2.537300 -1.291500 116.980598 16 1
-1.998850 -1.140700 117.487301 11 1
-2.267500 -1.352900 116.638950 13 1
-2.719300 -1.331400 116.977699 17 1
-2.276200 -1.364200 116.862900 16 1
-2.035900 -1.143400 117.482002 11 1
-2.163375 -1.299787 117.056462 15 1
-1.934800 -1.081300 117.393204 11 1
-2.079100 -1.167700 117.502502 11 1
-1.941000 -1.135367 117.461331 11 1
-2.321700 -1.373900 117.205902 17 1
-1.984250 -1.098750 117.449097 11 1
-2.236900 -1.312100 117.432404 0 0
-1.989400 -1.081500 117.451450 11 1
-2.583900 -1.255400 116.951302 16 1
-2.735100 -1.316100 116.934799 17 1
-2.313100 -1.362850 117.163101 17 1
-2.115625 -1.248125 117.484901 11 1
-2.273700 -1.356200 116.501297 0 0
-2.364629 -1.371514 116.519057 13 1
-2.254600 -1.359250 116.860603 0 0
-1.931100 -1.111000 116.913200 15 1
-2.540300 -1.308900 116.970703 16 1
-2.577511 -1.299956 116.944856 16 1
-2.173100 -1.328100 117.041901 15 1
-2.247700 -1.328650 117.110149 8 0
-2.627450 -1.368700 117.160549 17 1
-2.454591 -1.308636 116.992855 16 1
-2.690300 -1.241850 116.771103 16 1
-2.610400 -1.281600 116.914803 16 1
-1.957600 -1.136300 116.998199 15 1
-2.260000 -1.363500 116.614700 0 0
-2.681560 -1.251180 116.764940 16 1
-2.704900 -1.317600 117.008698 17 1
-2.301750 -1.511750 116.506149 12 1
-2.689800 -1.268100 116.747704 16 1
-2.188600 -1.327000 117.379204 11 1
-2.745100 -1.341100 116.917297 17 1
-2.516900 -1.318200 117.262299 17 1
-2.277433 -1.328500 117.304331 11 1
-2.201500 -1.310000 117.413498 11 1
-2.130543 -1.234186 117.482171 11 1
-2.725475 -1.311400 116.948174 17 1
-2.226938 -1.371363 117.283700 0 0
-1.950700 -1.088850 117.440647 11 1
-2.277067 -1.367633 117.128466 17 1
-2.232067 -1.366000 117.073499 0 0
-2.184231 -1.365869 117.034693 15 1
-2.484514 -1.380557 117.266727 17 1
-2.646800 -1.350700 117.139900 17 1
-2.253500 -1.359200 117.161697 0 0
-2.599400 -1.351000 117.193199 17 1
-2.192900 -1.340500 117.353897 11 1
-2.249900 -1.366600 117.003899 0 0
-2.466850 -1.331200 117.270050 17 1
-1.984600 -1.162000 117.063499 15 1
-1.927900 -1.114100 117.453598 11 1
-2.364300 -1.370600 116.447403 13 1
-2.250625 -1.358875 116.981001 0 0
-1.908900 -1.071000 117.328652 11 1
-1.996400 -1.107900 117.463200 11 1
-2.033800 -1.128700 117.485100 11 1
-2.263200 -1.379200 116.549301 0 0
-2.235867 -1.374200 117.190918 0 0
-2.229767 -1.353667 117.379766 0 0
-2.003300 -1.109200 117.481796 11 1
-1.897400 -1.109050 117.382351 11 1
-1.923800 -1.076100 117.327003 11 1
-2.226567 -1.347567 116.553599 0 0
-2.253400 -1.374071 117.061599 0 0
-1.995200 -1.122167 117.479065 11 1
-2.237133 -1.360900 117.262700 11 1
-2.232433 -1.374600 116.982867 0 0
-2.379400 -1.318700 116.950104 16 1
-2.023300 -1.105000 117.474403 11 1
-2.255400 -1.339900 117.096802 17 1
-2.626020 -1.373880 117.143640 17 1
-2.242275 -1.363250 117.280876 0 0
-2.141100 -1.249900 117.475403 11 1
-1.947900 -1.108000 117.421952 11 1
-1.970800 -1.170400 117.050400 15 1
-2.218800 -1.343800 116.796997 14 1
-2.289600 -1.361300 116.880699 16 1
-1.917700 -1.144900 117.396797 11 1
-2.256600 -1.376950 116.521896 0 0
-2.242500 -1.357900 117.197502 0 0
-2.665750 -1.236233 116.806866 16 1
-2.683700 -1.244700 116.691200 16 1
-2.712980 -1.321320 116.972038 17 1
-2.252200 -1.354900 117.253403 11 1
-2.255900 -1.354000 116.519253 0 0
-1.960033 -1.104700 116.977099 15 1
-2.258987 -1.374237 116.842675 0 0
-1.936500 -1.068600 117.353203 11 1
-2.229100 -1.363900 117.173301 0 0
-1.970600 -1.115600 117.455902 11 1
-1.952400 -1.118500 116.948502 15 1
-2.357840 -1.369440 116.548439 13 1
-1.945700 -1.085550 116.866353 15 1
-2.022400 -1.230200 117.100502 15 1
-2.229314 -1.348486 117.254185 11 1
-2.249400 -1.374200 116.644897 0 0
-2.148267 -1.335900 117.374168 11 1
-2.212000 -1.338000 117.394600 0 0
-2.270600 -1.374744 116.602921 0 0
-2.640320 -1.282080 116.884122 16 1
-2.257400 -1.364100 116.668801 0 0
-2.412600 -1.362800 116.980701 16 1
-2.447200 -1.350600 116.993896 16 1
-2.677025 -1.355775 117.061901 17 1
-2.273300 -1.385600 116.876900 16 1
-2.504300 -1.291100 116.988602 16 1
-2.030500 -1.206100 117.101601 15 1
-2.148500 -1.328300 117.396797 11 1
-2.218700 -1.323500 117.002899 15 1
-1.986000 -1.091200 117.460197 11 1
-2.246833 -1.376600 116.956632 0 0
-2.231250 -1.369350 117.251049 11 1
-2.344400 -1.381600 117.226700 17 1
-2.257000 -1.384200 117.156403 0 0
-2.577200 -1.310775 116.954426 16 1
-2.725036 -1.330264 116.936543 17 1
-2.005800 -1.147800 117.462700 11 1
-2.699921 -1.323787 117.019675 17 1
-2.165800 -1.318000 117.410599 11 1
-2.241100 -1.369500 117.148697 0 0
-2.023000 -1.330500 116.837502 14 1
-2.687750 -1.352300 117.037800 17 1
-2.259550 -1.374875 116.758549 0 0
-2.335533 -1.357300 116.578967 13 1
-2.655557 -1.269157 116.861213 16 1
-2.238350 -1.360150 117.083649 0 0
-2.235267 -1.369900 117.322866 0 0
-1.954500 -1.159100 117.028297 15 1
-2.209800 -1.379200 116.987900 15 1
-1.945300 -1.090350 116.920749 15 1
-2.246775 -1.363500 117.223762 0 0
-2.613244 -1.300067 116.923222 16 1
-2.386300 -1.342200 116.499802 13 1
-1.982850 -1.147900 117.055850 15 1
-1.935100 -1.114950 116.938999 15 1
-2.045100 -1.245800 117.101402 15 1
-2.260330 -1.363020 116.479990 0 0
-1.926240 -1.102240 117.442741 11 1
-2.142800 -1.272300 117.461800 11 1
-2.253763 -1.393188 116.440839 1 0
-1.961000 -1.059200 116.856499 15 1
-2.296190 -1.348170 116.647700 13 1
-2.271500 -1.372300 116.441151 12 1
-1.962000 -1.064900 117.410198 11 1
-2.269350 -1.372867 117.142683 17 1
-2.271162 -1.399037 116.425837 12 1
-2.522900 -1.397875 117.256950 17 1
-2.723600 -1.333550 116.965050 17 1
-2.499400 -1.318350 116.985625 16 1
-1.953475 -1.167225 117.010626 15 1
-2.626450 -1.347600 117.160152 17 1
-2.058500 -1.180400 117.501900 11 1
-2.232600 -1.354400 117.211367 11 1
-2.691600 -1.342500 117.055702 17 1
-2.073150 -1.392175 116.828175 14 1
-2.365100 -1.355100 116.467350 13 1
-2.257213 -1.342400 116.972337 0 0
-2.251250 -1.397200 116.425850 12 1
-2.268267 -1.352100 117.124499 17 1
-2.211600 -1.318500 117.370003 11 1
-2.660450 -1.242150 116.849049 16 1
-2.541689 -1.390544 117.247401 17 1
-2.645100 -1.267600 116.877403 16 1
-2.219500 -1.313500 117.345398 11 1
-1.963675 -1.069425 116.867000 15 1
-2.699500 -1.232200 116.718102 16 1
-2.496300 -1.356760 117.259300 17 1
-1.999500 -1.155100 117.077099 15 1
-2.255883 -1.371150 116.947769 0 0
-2.040200 -1.369400 116.830803 14 1
-2.271800 -1.364300 116.884201 16 1
-2.270350 -1.377725 116.642349 13 1
-2.336989 -1.347956 116.587768 13 1
-2.022500 -1.147200 117.480797 11 1
-2.256623 -1.383477 117.124954 2 0
-2.299600 -1.347200 117.170799 17 1
-2.693500 -1.231500 116.639603 16 1
-2.011000 -1.123450 117.477952 11 1
-2.586550 -1.276750 116.942150 16 1
-2.096400 -1.247600 117.487297 11 1
-2.672700 -1.261000 116.830668 16 1
-2.679333 -1.230200 116.755267 16 1
-2.045940 -1.332660 116.844940 14 1
-2.242900 -1.362600 117.114800 0 0
-2.259950 -1.361050 116.779400 0 0
-2.574990 -1.368190 117.209110 17 1
-2.219675 -1.320362 117.334511 11 1
-1.951100 -1.055300 116.814697 15 1
-2.391400 -1.379200 117.252800 17 1
-2.367050 -1.351750 117.227101 17 1
-2.215100 -1.361300 116.783897 14 1
-2.264717 -1.371533 117.119181 17 1
-2.692400 -1.296650 117.046950 17 1
-2.232725 -1.369325 117.343701 0 0
-1.963175 -1.125775 117.016651 15 1
-2.686600 -1.223300 116.744499 16 1
-2.529260 -1.299640 116.974460 16 1
-2.261467 -1.360383 117.025515 0 0
-1.965850 -1.159100 117.022400 15 1
-2.242200 -1.344100 116.761947 14 1
-2.292022 -1.398656 116.504322 12 1
-2.258000 -1.357000 117.212303 0 0
-2.424150 -1.365450 117.261101 17 1
-2.240300 -1.366900 116.915802 0 0
-2.209567 -1.342800 117.290131 11 1
-1.948400 -1.058950 117.370098 11 1
-2.244125 -1.359850 116.950848 0 0
-2.688500 -1.275033 116.761332 16 1
-2.695500 -1.244150 116.740303 16 1
-2.250800 -1.368575 116.680651 0 0
-2.709225 -1.306050 116.998274 17 1
-1.948900 -1.069900 117.387604 11 1
-2.539400 -1.364833 117.239565 17 1
-1.980500 -1.112100 117.470398 11 1
-1.952000 -1.178900 117.035301 15 1
-2.691400 -1.233560 116.689140 16 1
-2.654340 -1.329280 117.130342 17 1
-2.261723 -1.371946 116.818707 0 0
-2.662900 -1.321100 117.108200 17 1
-2.201400 -1.301000 117.403999 11 1
-1.946200 -1.103600 116.929798 15 1
-2.596700 -1.333400 117.189201 17 1
-2.212750 -1.300700 117.392098 11 1
-2.451300 -1.326700 116.990749 16 1
-2.225467 -1.369133 117.364800 0 0
-2.679300 -1.221300 116.815498 16 1
-2.267300 -1.344100 116.861900 16 1
-2.607781 -1.326870 117.184722 17 1
-2.706500 -1.318100 117.031552 17 1
-2.216200 -1.335200 116.993301 15 1
-2.249700 -1.356700 116.499298 0 0
-2.101900 -1.267700 117.485703 11 1
-2.698033 -1.299600 117.019723 17 1
-1.914400 -1.084700 117.352798 11 1
-2.682225 -1.325000 117.065478 17 1
-2.493933 -1.332767 116.991368 16 1
-2.312500 -1.494000 116.508702 12 1
-1.942250 -1.069950 117.415249 11 1
-2.258700 -1.333650 117.119000 17 1
-2.250980 -1.336060 117.304899 11 1
-2.263371 -1.372257 116.689614 0 0
-1.950950 -1.071350 116.926499 15 1
-1.977100 -1.021800 117.355103 11 1
-1.925100 -1.110600 116.899902 15 1
-2.198850 -1.317700 117.023101 15 1
-2.205617 -1.398883 116.797799 14 1
-2.273900 -1.386000 116.515549 0 0
-1.938700 -1.084100 117.404602 11 1
-2.250400 -1.377150 116.971783 0 0
-2.564800 -1.312300 116.961700 16 1
-2.490140 -1.302640 116.988602 16 1
-2.712556 -1.314989 116.983879 17 1
-2.040350 -1.146450 117.501900 11 1
-1.966450 -1.096200 117.454598 11 1
-2.236900 -1.366900 116.941200 0 0
-1.949100 -1.092600 116.960098 15 1
-2.270738 -1.368825 116.536651 0 0
-1.921700 -1.086800 117.415298 11 1
-2.113200 -1.386900 116.831650 14 1
-2.253750 -1.371975 116.603153 0 0
-2.307633 -1.362133 116.631533 13 1
-1.960250 -1.066900 116.902549 15 1
-2.363600 -1.350890 116.533540 13 1
-2.237550 -1.370450 117.303699 0 0
-1.915400 -1.087600 117.370003 11 1
-2.079137 -1.350700 116.836713 14 1
-2.353450 -1.357750 116.540123 13 1
-2.040467 -1.347800 116.834401 14 1
-2.475867 -1.320683 116.989567 16 1
-2.688600 -1.320700 117.082298 17 1
-2.001325 -1.219025 117.094250 15 1
-1.947100 -1.088725 116.947851 15 1
-2.037500 -1.157750 117.497002 11 1
-2.289100 -1.364100 117.193046 0 0
-2.025500 -1.159100 117.473297 11 1
-1.974220 -1.146800 117.046820 15 1
-2.256100 -1.366050 116.654400 13 1
-2.236100 -1.338800 116.991600 15 1
-2.481263 -1.341650 117.263599 17 1
-1.957700 -1.081100 116.860100 15 1
-2.382800 -1.324650 116.960251 16 1
-2.614200 -1.338967 117.172801 17 1
-2.255875 -1.362375 116.714277 0 0
-1.958200 -1.146300 117.005600 15 1
-1.963150 -1.113400 117.439147 11 1
-2.574504 -1.344833 117.205858 17 1
-2.262338 -1.374800 116.665551 0 0
-2.244400 -1.376450 117.082847 0 0
-1.954100 -1.097200 117.425499 11 1
-2.630500 -1.308700 116.914601 16 1
-2.209700 -1.339500 117.014503 15 1
-2.269725 -1.336275 117.280527 11 1
-2.264900 -1.365100 117.064986 17 1
-2.617700 -1.333400 117.160797 17 1
-2.174829 -1.377857 116.806171 14 1
-2.611257 -1.356500 117.158116 17 1
-2.671200 -1.238700 116.782353 16 1
-2.426500 -1.311800 116.993103 16 1
-2.701900 -1.337400 117.036400 17 1
-2.130618 -1.398818 116.824683 14 1
-2.121325 -1.360300 116.828550 14 1
-2.676773 -1.330536 117.088528 17 1
-2.684800 -1.225800 116.794502 16 1
-2.677333 -1.261467 116.807701 16 1
-2.661614 -1.336129 117.094343 17 1
-2.311100 -1.451400 116.514900 12 1
-2.215400 -1.391100 117.304100 0 0
-2.244925 -1.351400 117.401152 0 0
-2.637850 -1.323950 117.154751 17 1
-1.957200 -1.163900 117.475098 11 1
-2.620117 -1.320633 117.164232 17 1
-1.941775 -1.065600 116.848776 15 1
-2.375667 -1.368667 117.236150 17 1
-2.009500 -1.188500 117.091904 15 1
-2.268482 -1.374627 116.578864 0 0
-2.295500 -1.425300 116.511398 12 1
-2.260800 -1.361400 117.003403 0 0
-1.959200 -1.100100 117.441704 11 1
-2.008000 -1.099000 117.470001 11 1
-2.304600 -1.483100 116.502098 12 1
-2.043800 -1.167100 117.485001 11 1
-1.958050 -1.064050 116.881252 15 1
-2.275540 -1.342340 116.875259 16 1
-2.063300 -1.158350 117.509598 11 1
-1.946600 -1.196300 117.051498 15 1
-2.259475 -1.382775 116.623400 0 0
-2.306300 -1.368100 117.188004 17 1
-2.251086 -1.365343 117.241429 0 0
-2.250600 -1.360700 116.848297 0 0
-2.211200 -1.351400 116.791603 14 1
-2.143100 -1.325500 117.425903 11 1
-2.260150 -1.360550 116.587750 0 0
-2.139455 -1.374818 116.822028 14 1
-2.286900 -1.363200 116.904404 16 1
-2.255400 -1.364750 117.136951 0 0
-2.584100 -1.261100 116.962502 16 1
-1.925600 -1.081700 117.373001 11 1
-2.213700 -1.333000 117.341599 11 1
-2.250900 -1.370600 116.458298 0 0
-1.920700 -1.094300 117.395798 11 1
-1.988000 -1.099700 117.468399 11 1
-1.947600 -1.095980 116.902922 15 1
-2.306733 -1.411000 116.510117 12 1
-2.140700 -1.387800 116.817200 14 1
-2.605550 -1.315700 117.202797 17 1
-1.914933 -1.075000 117.361634 11 1
-2.589200 -1.296100 116.952202 16 1
-2.154650 -1.260700 117.461201 11 1
-1.994100 -1.130000 117.470100 11 1
-2.174000 -1.304700 117.423103 11 1
-2.652610 -1.258020 116.858030 16 1
-1.971267 -1.091800 117.439567 11 1
-2.249100 -1.376500 116.995003 0 0
-2.069900 -1.241600 117.111603 15 1
-1.920650 -1.096100 117.433799 11 1
-2.224350 -1.365250 117.268200 11 1
-2.495000 -1.398400 117.269402 17 1
-2.256133 -1.358867 117.097336 17 1
-1.951800 -1.044800 116.794998 15 1
-2.601650 -1.300775 116.932899 16 1
-2.020100 -1.158100 117.494003 11 1
-1.904700 -1.072325 117.350023 11 1
-2.610283 -1.260217 116.914632 16 1
-2.080100 -1.368300 116.832802 14 1
-2.319725 -1.335562 116.612450 13 1
-2.228450 -1.390650 116.788601 14 1
-2.265143 -1.372043 116.497701 0 0
-1.903400 -1.112600 117.406998 11 1
-2.227800 -1.354900 117.003403 15 1
-2.544511 -1.320900 116.972545 16 1
-2.286367 -1.375667 116.896566 16 1
-2.177700 -1.287600 117.435600 11 1
-2.413500 -1.324200 117.268204 17 1
-1.962100 -1.045600 116.780301 15 1
-2.333300 -1.345500 116.599503 13 1
-2.266000 -1.327900 117.153099 0 0
-2.388000 -1.361200 117.237396 17 1
-2.275525 -1.372000 116.453177 12 1
-2.280050 -1.356600 117.124352 17 1
-2.186400 -1.358800 117.331802 11 1
-2.268200 -1.364700 116.633000 13 1
-2.238300 -1.370400 116.864700 0 0
-2.109200 -1.293500 117.480598 11 1
-1.950950 -1.125850 116.978100 15 1
-2.229600 -1.364200 117.190399 0 0
-2.244400 -1.373900 116.831398 0 0
-2.629214 -1.255457 116.891513 16 1
-2.245300 -1.360300 116.936050 0 0
-2.031467 -1.134067 117.499901 11 1
-2.007750 -1.245950 117.097500 15 1
-2.298100 -1.371929 116.653355 13 1
-2.284450 -1.378400 116.495499 12 1
-2.213750 -1.365350 117.295749 11 1
-2.263900 -1.369000 116.422897 12 1
-2.341200 -1.357800 116.567150 13 1
-2.666000 -1.279300 116.846298 16 1
-2.706780 -1.336520 116.990597 17 1
-2.208567 -1.333333 117.329102 11 1
-1.925950 -1.065400 117.346847 11 1
-2.284200 -1.356700 117.144699 17 1
-2.244200 -1.358400 116.900299 0 0
-2.705429 -1.327443 117.001798 17 1
-2.446100 -1.335200 117.270103 17 1
-2.299300 -1.467600 116.508598 12 1
-2.282200 -1.346300 117.162903 17 1
-2.103200 -1.372100 116.830700 14 1
-2.692544 -1.330578 117.026301 17 1
-2.516981 -1.347831 117.250331 17 1
-1.953350 -1.081850 116.884349 15 1
-2.693278 -1.324456 117.061622 17 1
-2.339300 -1.377100 116.933899 16 1
-1.957050 -1.080950 116.908851 15 1
-2.157900 -1.313100 117.422997 11 1
-2.318617 -1.347900 116.620318 13 1
-2.231980 -1.349800 116.779419 14 1
-2.139675 -1.225625 117.476399 11 1
-2.235650 -1.314250 117.332100 11 1
-2.560400 -1.314900 117.238899 17 1
-2.221325 -1.343750 117.286776 11 1
-2.682667 -1.245900 116.741399 16 1
-2.564500 -1.359100 117.223602 17 1
-2.088500 -1.343600 116.831703 14 1
-2.469200 -1.338887 116.993249 16 1
-2.258400 -1.367800 116.898201 0 0
-1.936800 -1.078200 117.378799 11 1
-2.277050 -1.338600 117.148651 17 1
-2.196660 -1.318150 117.368042 11 1
-2.195400 -1.319000 117.388702 11 1
-2.245600 -1.364400 117.170403 0 0
-2.070700 -1.312300 117.098396 15 1
-2.194500 -1.359900 116.796204 14 1
-2.103100 -1.351900 116.829399 14 1
-2.117000 -1.259900 117.480301 11 1
-2.656240 -1.364860 117.107080 17 1
-2.256800 -1.361200 116.882401 16 1
-2.550050 -1.350500 117.232597 17 1
-1.946720 -1.122440 116.965800 15 1
-2.012900 -1.143500 117.475403 11 1
-2.268133 -1.386267 116.422501 12 1
-2.685380 -1.249400 116.728100 16 1
-2.707800 -1.343200 117.011101 17 1
-2.259750 -1.359350 116.506100 0 0
-2.261200 -1.373850 116.779747 0 0
-2.672400 -1.286000 116.835197 16 1
-1.953850 -1.045300 116.827549 15 1
-2.176700 -1.355200 117.347397 11 1
-2.344700 -1.365500 117.213898 17 1
-2.256275 -1.356850 117.182074 0 0
-2.242200 -1.353700 117.246399 11 1
-2.516100 -1.365600 117.252602 17 1
-2.276400 -1.380600 116.461899 12 1
-2.689400 -1.264050 116.770851 16 1
-2.030500 -1.117100 117.488197 11 1
-1.947050 -1.147025 116.980600 15 1
-2.628200 -1.247400 116.911201 16 1
-2.595911 -1.348856 117.178688 17 1
-2.646320 -1.374040 117.128459 17 1
-2.139325 -1.318125 117.437001 11 1
-2.265000 -1.352300 117.062500 17 1
-1.960150 -1.116883 116.983617 15 1
-2.695500 -1.239200 116.659999 16 1
-2.271100 -1.364500 116.620300 13 1
-2.675329 -1.330343 117.100430 17 1
-2.724033 -1.310733 116.959603 17 1
-1.998550 -1.177000 117.079403 15 1
-2.251550 -1.368850 116.488498 0 0
-1.957700 -1.070000 116.842949 15 1
-1.949867 -1.107333 116.941734 15 1
-2.415250 -1.353600 116.987400 16 1
-2.683500 -1.265800 116.789101 16 1
-2.250025 -1.347650 117.262501 11 1
-2.120900 -1.279100 117.469902 11 1
-2.059150 -1.360200 116.832447 14 1
-2.595625 -1.263037 116.938399 16 1
-2.202250 -1.372250 117.319399 0 0
-2.694367 -1.325567 117.049333 17 1
-2.237500 -1.368500 117.042000 0 0
-1.932300 -1.135767 116.953667 15 1
-2.696200 -1.351900 117.046402 17 1
-2.302100 -1.340000 116.628197 13 1
-2.574640 -1.378940 117.218700 17 1
-2.258950 -1.351450 117.115997 17 1
-2.709600 -1.356000 116.997002 17 1
-1.953220 -1.137540 116.986840 15 1
-2.326190 -1.363090 117.190591 17 1
-2.159600 -1.335300 117.373100 11 1
-2.278500 -1.364100 116.470497 12 1
-2.193740 -1.330070 117.028759 15 1
-2.158050 -1.371300 116.813999 14 1
-2.233400 -1.329500 117.320198 11 1
-1.940900 -1.163600 117.005100 15 1
-2.278200 -1.362200 116.439003 12 1
-1.908700 -1.082800 117.381599 11 1
-2.032000 -1.242900 117.100700 15 1
-2.259362 -1.375562 116.746662 0 0
-1.947650 -1.095400 116.879299 15 1
-1.948267 -1.128000 117.466266 11 1
-2.184660 -1.324500 117.038319 15 1
-2.291600 -1.370400 117.150299 17 1
-2.208300 -1.311750 117.042901 15 1
-2.196600 -1.344680 117.329019 11 1
-2.249300 -1.373500 117.176498 0 0
-1.941825 -1.135000 116.962700 15 1
-2.484500 -1.344100 116.995232 16 1
-2.223025 -1.311175 117.355900 11 1
-1.942600 -1.087100 116.896751 15 1
-2.046850 -1.360250 116.830498 14 1
-2.635200 -1.334700 117.151604 17 1
-2.257600 -1.360800 117.048302 0 0
-2.022000 -1.138900 117.491997 11 1
-2.685517 -1.242658 116.710999 16 1
-1.960500 -1.067550 117.430950 11 1
-1.946700 -1.111800 117.457749 11 1
-1.924000 -1.071550 117.367413 11 1
-2.184800 -1.308750 117.392201 11 1
-2.213900 -1.367200 116.990898 15 1
-2.698100 -1.231600 116.731301 16 1
-2.309500 -1.519400 116.501999 12 1
-2.367120 -1.353480 116.446780 13 1
-2.678615 -1.249208 116.776954 16 1
-2.021900 -1.206900 117.094002 15 1
-2.687000 -1.271100 116.801498 16 1
-1.953080 -1.113780 116.959898 15 1
-2.248300 -1.351350 117.414803 0 0
-2.563500 -1.346600 117.222504 17 1
-2.218350 -1.356750 117.272499 11 1
-2.069900 -1.333600 116.840574 14 1
-2.625865 -1.323194 117.154900 17 1
-2.303900 -1.355900 117.165100 17 1
-2.602700 -1.367650 117.172600 17 1
-2.248200 -1.353950 116.966149 0 0
-2.200033 -1.346000 117.347165 11 1
-2.651729 -1.344664 117.106593 17 1
-2.258433 -1.357967 116.830065 0 0
-1.974700 -1.115200 117.444901 11 1
-2.265167 -1.356933 116.857600 16 1
-2.526850 -1.327900 117.248951 17 1
-2.192400 -1.380100 117.018700 15 1
-1.943850 -1.111850 116.909149 15 1
-2.106350 -1.242625 117.488747 11 1
-2.236000 -1.383825 116.774376 14 1
-1.971600 -1.160950 117.043201 15 1
-2.219800 -1.394500 117.282097 0 0
-2.276650 -1.371425 117.157751 17 1
-2.244200 -1.376900 117.231549 0 0
-2.076000 -1.157400 117.505600 11 1
-2.089550 -1.257550 117.110352 15 1
-2.629575 -1.278225 116.891348 16 1
-2.569100 -1.286700 116.955498 16 1
-2.142667 -1.293333 117.448034 11 1
-2.601900 -1.279400 116.924103 16 1
-2.181500 -1.299200 117.429298 11 1
-2.230050 -1.341400 117.397346 0 0
-2.619956 -1.348544 117.149235 17 1
-2.231856 -1.335700 117.304589 11 1
-1.906900 -1.092500 117.414597 11 1
-2.409386 -1.384471 117.262286 17 1
-2.683250 -1.238650 116.794453 16 1
-2.253800 -1.352200 117.152199 0 0
-2.371133 -1.338667 116.519666 13 1
-2.202900 -1.313700 117.401100 11 1
-2.130675 -1.291475 117.461075 11 1
-2.716300 -1.322820 116.960078 17 1
-2.040267 -1.222100 117.103002 15 1
-2.355300 -1.362000 116.946503 16 1
-2.028650 -1.188800 117.092453 15 1
-2.502856 -1.366089 117.257433 17 1
-2.686050 -1.264150 116.731549 16 1
-1.938650 -1.123350 116.932548 15 1
-2.250100 -1.356650 116.763847 14 1
-2.162300 -1.291300 117.441902 11 1
-2.161900 -1.281500 117.451302 11 1
-2.052467 -1.167267 117.503199 11 1
-2.223300 -1.357400 116.983902 15 1
-1.961100 -1.145100 117.475403 11 1
-2.263300 -1.362800 116.558048 0 0
-2.686500 -1.330467 117.041333 17 1
-2.265700 -1.364600 116.524101 0 0
-2.264700 -1.334900 117.322403 11 1
-2.222000 -1.372800 116.773903 14 1
-2.612000 -1.378600 117.169296 17 1
-2.258600 -1.373450 117.086101 17 1
-2.549767 -1.288900 116.963066 16 1
-2.680250 -1.231150 116.731953 16 1
-2.223750 -1.344500 116.989998 15 1
-2.674300 -1.228600 116.777397 16 1
-2.694200 -1.352500 117.024101 17 1
-2.111500 -1.280700 117.477699 11 1
-2.064000 -1.172600 117.493896 11 1
-2.212600 -1.312600 117.382500 11 1
-2.393700 -1.322900 116.966301 16 1
-1.983000 -1.120650 117.478001 11 1
-2.208300 -1.352200 117.000702 15 1
-2.234700 -1.370000 117.227203 11 1
-1.961650 -1.070850 116.923901 15 1
-2.259117 -1.360550 116.806916 0 0
-1.966800 -1.216300 117.073998 15 1
-2.207500 -1.350800 117.306801 11 1
-2.249750 -1.374275 117.034925 0 0
-2.247850 -1.384283 117.106551 0 0
-2.353240 -1.368520 116.558400 13 1
-1.970100 -1.079000 117.441803 11 1
-2.109700 -1.215400 117.497498 11 1
-2.217743 -1.386786 116.987285 0 0
-2.637725 -1.327800 117.134175 17 1
-2.642100 -1.340800 117.127598 17 1
-2.370018 -1.353764 116.485537 13 1
-2.691300 -1.244000 116.683296 16 1
-1.943900 -1.173867 117.022766 15 1
-2.255967 -1.390217 116.528333 0 0
-2.351300 -1.330900 117.220703 17 1
-1.987150 -1.119800 117.463501 11 1
-2.421167 -1.333067 116.987368 16 1
-2.267850 -1.368950 116.649051 13 1
-2.574850 -1.269200 116.965252 16 1
-2.269700 -1.337125 117.299024 11 1
-2.315760 -1.360180 117.173381 17 1
-2.230200 -1.350100 117.297096 11 1
-2.590025 -1.345925 117.188675 17 1
-1.961750 -1.119200 116.995750 15 1
-2.647650 -1.332300 117.113399 17 1
-1.932933 -1.131167 117.455269 11 1
-2.590700 -1.348700 117.199699 17 1
-2.220400 -1.339300 116.979202 15 1
-2.544308 -1.329715 117.238323 17 1
-2.609200 -1.256900 116.927696 16 1
-2.028400 -1.330400 116.847603 14 1
-1.923650 -1.125000 116.930649 15 1
-2.226800 -1.339200 117.273499 11 1
-2.237100 -1.367700 117.060997 0 0
-2.264200 -1.350200 117.085403 17 1
-2.229671 -1.370757 117.382842 0 0
-2.367767 -1.353825 116.509724 13 1
-2.566100 -1.361500 117.212402 17 1
-2.718700 -1.345400 116.999802 17 1
-2.177600 -1.330800 117.363197 11 1
-2.296450 -1.381700 116.641899 13 1
-2.502500 -1.347717 117.257201 17 1
-1.990650 -1.085450 117.437302 11 1
-1.931567 -1.143600 116.974830 15 1
-2.360900 -1.351050 116.425616 13 1
-2.239175 -1.366075 117.403838 0 0
-2.201900 -1.366900 117.020897 15 1
-2.286200 -1.369460 117.178500 17 1
-1.938800 -1.093200 117.420799 11 1
-2.364900 -1.365750 116.504033 13 1
-1.960750 -1.059000 116.824150 15 1
-2.266400 -1.359100 117.114197 17 1
-2.241100 -1.369400 117.123596 0 0
-2.184200 -1.306400 117.419899 11 1
-2.217720 -1.340880 117.304999 11 1
-1.999800 -1.116400 117.470596 11 1
-2.142100 -1.324900 117.408798 11 1
-2.051800 -1.216250 117.110851 15 1
-2.666200 -1.354400 117.064598 17 1
-2.459200 -1.376300 117.271400 17 1
-2.692600 -1.230250 116.762101 16 1
-2.540922 -1.285500 116.971534 16 1
-2.714300 -1.328900 116.992203 17 1
-2.663900 -1.255700 116.845901 16 1
-2.257150 -1.378350 117.167198 0 0
-2.338100 -1.324300 116.938301 16 1
-1.942200 -1.119667 116.954135 15 1
-1.911300 -1.087575 117.403874 11 1
-2.329000 -1.333300 116.601097 13 1
-2.559056 -1.368356 117.225823 17 1
-2.220700 -1.342500 117.322502 11 1
-2.257600 -1.353000 117.240501 0 0
-2.335200 -1.335400 117.207001 17 1
-2.241200 -1.370400 117.259664 0 0
-2.192600 -1.298300 117.413597 11 1
-2.210600 -1.385600 117.294701 0 0
-2.247600 -1.368700 117.054298 0 0
-2.550750 -1.389850 117.239998 17 1
-2.241333 -1.317900 117.424500 0 0
-2.606700 -1.346600 117.171700 17 1
-2.260175 -1.350812 117.103762 17 1
-2.052450 -1.126800 117.497650 11 1
-2.124120 -1.224980 117.490483 11 1
-2.179400 -1.301700 117.410602 11 1
-2.262111 -1.389800 116.446689 12 1
-2.667600 -1.243500 116.831100 16 1
-2.461133 -1.351100 117.266998 17 1
-2.261833 -1.373900 116.797966 0 0
-2.268200 -1.376100 116.890297 16 1
-2.664760 -1.267660 116.839780 16 1
-2.499943 -1.333086 117.257843 17 1
-2.682167 -1.267233 116.830798 16 1
-2.481543 -1.368971 117.263842 17 1
-2.266575 -1.363150 116.437576 0 0
-2.075750 -1.234000 117.496300 11 1
-2.282400 -1.340200 116.891998 16 1
-2.278900 -1.355500 116.876701 16 1
-2.278650 -1.344250 117.137199 17 1
-2.350050 -1.338750 116.547802 13 1
-2.117300 -1.302100 117.475700 11 1
-1.950500 -1.074600 117.401901 11 1
-2.145100 -1.286200 117.066101 15 1
-2.249700 -1.374300 117.100899 17 1
-1.938300 -1.096167 116.884367 15 1
-2.520800 -1.377867 117.252032 17 1
-1.954200 -1.077900 116.946198 15 1
-2.649564 -1.365828 117.115788 17 1
-2.150100 -1.235900 117.464897 11 1
-2.287000 -1.373200 116.910400 16 1
-2.667167 -1.275067 116.860868 16 1
-2.251800 -1.380000 116.657200 0 0
-2.514867 -1.388867 117.254631 17 1
-1.997150 -1.200500 117.083801 15 1
-2.265200 -1.383578 116.455866 12 1
-2.255300 -1.375000 117.007551 0 0
-2.682660 -1.257720 116.750000 16 1
-1.919700 -1.061700 117.335999 11 1
-1.959400 -1.128167 117.005168 15 1
-1.931000 -1.088700 117.410301 11 1
-2.211900 -1.304150 117.373997 11 1
-2.230800 -1.368500 117.155403 0 0
-2.069200 -1.255100 117.504501 11 1
-2.587900 -1.320800 117.212502 17 1
-2.685600 -1.242344 116.674434 16 1
-2.299150 -1.368050 117.142601 17 1
-2.274600 -1.336500 117.172203 0 0
-2.668500 -1.254950 116.814053 16 1
-1.947600 -1.072900 117.424450 11 1
-2.664800 -1.334450 117.104325 17 1
-1.998800 -1.140500 117.465897 11 1
-2.355660 -1.374520 116.570081 13 1
-2.316500 -1.378300 116.635902 13 1
-2.023150 -1.260750 117.103352 15 1
-2.620000 -1.271800 116.894798 16 1
-2.207792 -1.326992 117.016752 15 1
-2.670413 -1.231350 116.797650 16 1
-2.574000 -1.319900 117.226601 17 1
-2.280311 -1.383589 116.900233 16 1
-2.248150 -1.375775 116.926773 0 0
-2.261000 -1.362200 116.991600 0 0
-2.253050 -1.363700 116.734348 0 0
-1.976350 -1.105350 117.452602 11 1
-2.365750 -1.374700 116.534500 13 1
-2.086000 -1.235950 117.494499 11 1
-2.289771 -1.377943 116.479614 12 1
-2.569700 -1.325400 117.239502 17 1
-2.200900 -1.370100 116.783897 14 1
-2.264883 -1.365833 116.737665 0 0
-2.230580 -1.377540 116.972580 0 0
-2.653200 -1.248800 116.869904 16 1
-2.345875 -1.353725 117.209024 17 1
-2.346500 -1.333033 116.945534 16 1
-2.679850 -1.230900 116.710552 16 1
-1.942600 -1.143600 116.968750 15 1
-2.630893 -1.338107 117.142473 17 1
-1.955750 -1.062900 116.893902 15 1
-2.309500 -1.441000 116.514397 12 1
-2.265800 -1.365900 116.875397 16 1
-1.955200 -1.078100 116.849197 15 1
-2.230800 -1.373200 117.396698 0 0
-2.561830 -1.293930 116.953120 16 1
-2.240825 -1.368800 116.839901 0 0
-2.595717 -1.362817 117.178791 17 1
-2.196325 -1.315550 117.040999 15 1
-2.303300 -1.360500 117.152702 17 1
-2.671700 -1.253400 116.800697 16 1
-2.040400 -1.205650 117.097950 15 1
-2.337400 -1.362750 117.194802 17 1
-1.905767 -1.081600 117.370699 11 1
-2.373460 -1.335640 116.422819 13 1
-2.179060 -1.321210 117.376679 11 1
-2.599800 -1.266700 116.929497 16 1
-1.918000 -1.119800 117.445602 11 1
-2.223440 -1.381440 117.277020 0 0
-2.689300 -1.225000 116.702141 16 1
-2.634833 -1.258233 116.878933 16 1
-2.212500 -1.321000 117.351303 11 1
-1.962950 -1.135950 117.470600 11 1
-2.690500 -1.223800 116.650902 16 1
-2.154750 -1.293850 117.056648 15 1
-2.217250 -1.300450 117.357803 11 1
-2.366960 -1.372600 116.479880 13 1
-2.107800 -1.258400 117.108704 15 1
-2.359200 -1.350100 116.950500 16 1
-2.260200 -1.365450 116.968868 0 0
-1.970900 -1.113800 117.466602 11 1
-2.023350 -1.128750 117.484650 11 1
-2.092700 -1.281600 117.488701 11 1
-2.465200 -1.350900 116.993500 16 1
-2.238000 -1.357700 117.015099 0 0
-2.283027 -1.372055 116.884845 16 1
-1.977333 -1.131533 117.477768 11 1
-2.190450 -1.323850 117.359600 11 1
-2.255800 -1.373700 116.906403 0 0
-2.341700 -1.346800 116.566902 13 1
-2.055533 -1.340667 116.841599 14 1
-2.082500 -1.259600 117.496803 11 1
-2.400250 -1.314900 116.965000 16 1
-2.724650 -1.333700 116.953701 17 1
-1.934300 -1.056600 117.378502 11 1
-2.695700 -1.306600 117.048897 17 1
-2.268200 -1.383750 116.440799 12 1
-1.920656 -1.080722 117.395067 11 1
-1.991967 -1.219500 117.089668 15 1
-2.234300 -1.380800 117.249199 0 0
-2.175100 -1.364725 117.343527 0 0
-2.666200 -1.320800 117.121803 17 1
-2.438250 -1.344650 116.993153 16 1
-2.191800 -1.339900 117.341904 11 1
-2.618800 -1.368667 117.154019 17 1
-2.214750 -1.353650 117.284252 11 1
-2.135700 -1.311450 117.454300 11 1
-2.206800 -1.372600 117.287300 0 0
-2.307210 -1.530830 116.495509 12 1
-2.256800 -1.374750 116.986633 0 0
-2.132800 -1.244200 117.480598 11 1
-2.233550 -1.358850 117.368048 0 0
-2.686100 -1.253900 116.782402 16 1
-2.584300 -1.285200 116.936567 16 1
-1.946800 -1.159100 116.990097 15 1
-2.357433 -1.380033 116.936467 16 1
-2.253175 -1.362650 116.704275 0 0
-2.707500 -1.335900 116.979401 17 1
-2.230650 -1.357275 117.332277 0 0
-2.036500 -1.137750 117.490651 11 1
-2.265820 -1.381620 116.533900 0 0
-2.276500 -1.372700 116.511803 0 0
-2.570300 -1.393700 117.232399 17 1
-2.358417 -1.365650 116.437600 13 1
-2.213800 -1.337843 117.316370 11 1
-2.253200 -1.378800 116.833714 0 0
-2.419200 -1.317600 116.988602 16 1
-2.276657 -1.372371 117.175702 0 0
-2.145533 -1.246067 117.466899 11 1
-1.926643 -1.089557 117.424858 11 1
-2.237692 -1.359450 117.382961 0 0
-2.628167 -1.258083 116.902782 16 1
-2.642800 -1.330300 117.145401 17 1
-2.220860 -1.372340 117.260320 11 1
-2.245000 -1.395050 117.115299 0 0
-2.206100 -1.333500 116.992401 15 1
-2.256733 -1.357667 116.840200 0 0
-2.007050 -1.209800 117.093152 15 1
-2.613200 -1.358200 117.178497 17 1
-1.961400 -1.070700 116.912151 15 1
-1.891500 -1.107100 117.358452 11 1
-2.203200 -1.347700 117.319397 11 1
-2.232000 -1.374567 116.776298 14 1
-2.665600 -1.239000 116.816750 16 1
-2.259800 -1.380740 116.860799 16 1
-2.710100 -1.230200 116.712800 16 1
-2.236350 -1.374600 117.208775 0 0
-2.238700 -1.354100 116.977303 15 1
-2.003000 -1.151800 117.488899 11 1
-2.172500 -1.315900 117.387497 11 1
-2.244133 -1.381867 116.763631 14 1
-2.251500 -1.353700 117.003799 0 0
-2.535100 -1.337600 116.975800 16 1
-2.505311 -1.387078 117.259433 17 1
-1.962600 -1.173650 117.031626 15 1
-2.590000 -1.314567 117.220436 17 1
-2.088825 -1.248975 117.494049 11 1
-2.445213 -1.305763 116.995712 16 1
-2.702689 -1.309567 117.016700 17 1
-2.333000 -1.356200 116.605400 13 1
-2.239450 -1.362500 117.139248 0 0
-2.302400 -1.347533 116.639033 13 1
-2.250650 -1.355100 117.202975 0 0
-2.235275 -1.336950 117.415749 0 0
-2.457780 -1.335800 117.270923 17 1
-2.382250 -1.380920 117.247830 17 1
-2.258600 -1.398500 116.496803 0 0
-1.938550 -1.149450 116.992401 15 1
-1.959225 -1.086300 116.965200 15 1
-2.366967 -1.369533 116.459066 13 1
-1.977150 -1.179600 117.052599 15 1
-2.175000 -1.325400 117.051804 15 1
-2.068300 -1.179900 117.508598 11 1
-2.450929 -1.356714 117.265486 17 1
-2.586771 -1.377841 117.206252 17 1
-2.304400 -1.456200 116.507896 12 1
-2.270600 -1.380900 116.496201 0 0
-2.338600 -1.358700 116.588997 13 1
-2.229867 -1.327333 116.990667 15 1
-2.011250 -1.134250 117.489899 11 1
-2.658500 -1.251200 116.853302 16 1
-2.241100 -1.345000 117.276100 11 1
-1.942000 -1.067300 117.373398 11 1
-2.258900 -1.344400 117.235248 11 1
-2.382100 -1.334000 116.460297 13 1
-2.246100 -1.352100 116.550697 0 0
-2.679600 -1.230750 116.693001 16 1
-2.660800 -1.264100 116.850951 16 1
-2.253400 -1.366400 116.473396 0 0
-2.515067 -1.330617 117.251600 17 1
-2.577400 -1.275100 116.947700 16 1
-2.067200 -1.369250 116.833227 14 1
-2.685067 -1.236900 116.749700 16 1
-2.224200 -1.371225 117.322700 0 0
-1.983460 -1.185960 117.064940 15 1
-2.586200 -1.314700 116.956902 16 1
-2.575500 -1.361900 117.200951 17 1
-2.319200 -1.363750 116.629948 13 1
-2.705100 -1.329900 117.013100 17 1
-2.502508 -1.338825 116.990316 16 1
-2.361650 -1.356067 116.524448 13 1
-2.717700 -1.338700 116.984497 17 1
-2.489900 -1.323950 116.987767 16 1
-2.702850 -1.346050 117.027950 17 1
-1.909325 -1.117000 117.427650 11 1
-2.203800 -1.331100 117.341202 11 1
-2.273000 -1.359300 117.104797 17 1
-2.675640 -1.335800 117.073301 17 1
-2.358700 -1.348900 117.220497 17 1
-2.241500 -1.361300 116.960602 0 0
-2.090900 -1.384600 116.828334 14 1
-1.968025 -1.200275 117.070774 15 1
-2.209000 -1.303325 117.412725 11 1
-2.664375 -1.263088 116.821700 16 1
-2.040800 -1.151000 117.488899 11 1
-2.212400 -1.372550 117.278599 2 0
-2.245000 -1.353600 117.223297 11 1
-2.244400 -1.360600 116.857498 0 0
-1.999850 -1.239400 117.094200 15 1
-1.944500 -1.099400 116.944801 15 1
-1.912100 -1.137750 117.430975 11 1
-2.217680 -1.383740 116.786922 14 1
-2.162400 -1.248200 117.464798 11 1
-2.261100 -1.380000 116.491402 0 0
-2.224500 -1.381100 116.981850 0 0
-1.983700 -1.158600 117.490601 11 1
-2.249300 -1.359500 116.752800 14 1
-2.253100 -1.359200 117.086199 17 1
-2.655600 -1.357131 117.100688 17 1
-1.945550 -1.057400 117.358052 11 1
-2.262200 -1.362782 116.692654 0 0
-2.241900 -1.357867 117.235601 11 1
-2.275417 -1.390317 116.887749 16 1
-2.164000 -1.309500 117.053703 15 1
-1.958900 -1.148500 117.465599 11 1
-2.262644 -1.371756 116.542644 0 0
-2.136500 -1.258000 117.471497 11 1
-2.400667 -1.329333 116.981333 16 1
-2.480943 -1.320071 117.274087 17 1
-2.225400 -1.315900 117.006851 15 1
-2.250000 -1.374950 116.735100 0 0
-1.918800 -1.070600 117.352203 11 1
-2.198000 -1.325700 117.376099 11 1
-2.006950 -1.125350 117.466701 11 1
-2.260700 -1.336800 117.254097 11 1
-2.267300 -1.339400 117.115848 17 1
-2.326525 -1.344725 117.199226 17 1
-2.457418 -1.318191 116.992573 16 1
-2.256875 -1.365950 116.920649 0 0
-2.274900 -1.360600 116.459198 12 1
-2.372550 -1.376950 116.516449 13 1
-2.260300 -1.335900 117.283699 11 1
-2.015100 -1.133200 117.476997 11 1
-2.043350 -1.377750 116.835197 14 1
-2.355500 -1.365762 117.220536 17 1
-2.574100 -1.341050 117.216351 17 1
-1.965900 -1.067000 117.420303 11 1
-2.028800 -1.342100 116.834396 14 1
-1.960900 -1.113800 117.453003 11 1
-2.202960 -1.318680 117.032098 15 1
-2.183800 -1.314300 117.407402 11 1
-1.924600 -1.087550 117.388748 11 1
-2.262400 -1.356600 116.449600 0 0
-2.200400 -1.322800 117.397998 11 1
-2.685700 -1.335192 117.058931 17 1
-1.939400 -1.097900 116.897449 15 1
-2.546667 -1.321933 117.246732 17 1
-2.068000 -1.151300 117.502899 11 1
-1.984367 -1.236767 117.083102 15 1
-2.367108 -1.374917 117.232808 17 1
-2.186300 -1.346300 117.347603 11 1
-2.584300 -1.343300 117.206200 17 1
-2.424000 -1.353533 116.992365 16 1
-2.229100 -1.368000 116.767197 14 1
-1.955900 -1.072900 117.410599 11 1
-2.388400 -1.388200 117.258698 17 1
-2.315200 -1.373200 116.644302 13 1
-2.313600 -1.366267 117.180900 17 1
-2.127300 -1.274000 117.085098 15 1
-2.379700 -1.345900 116.968899 16 1
-2.154200 -1.286900 117.448196 11 1
-2.252100 -1.372600 117.148201 0 0
-2.218100 -1.334800 117.005203 15 1
-2.558700 -1.334600 117.225799 17 1
-1.961850 -1.059650 116.840351 15 1
-2.074100 -1.170900 117.511398 11 1
-1.987500 -1.171250 117.066448 15 1
-2.241567 -1.357800 116.993367 0 0
-1.964800 -1.190100 117.060997 15 1
-2.252800 -1.393100 116.504248 0 0
-2.233175 -1.358925 117.253876 11 1
-1.986325 -1.206425 117.083200 15 1
-1.903300 -1.130100 117.415901 11 1
-2.235580 -1.347240 116.968820 15 1
-2.262200 -1.359700 117.264297 0 0
-2.234433 -1.323433 117.419497 0 0
-2.316067 -1.356467 117.182500 17 1
-2.252500 -1.394300 116.865700 0 0
-2.248600 -1.351000 116.953697 0 0
-2.680700 -1.250900 116.715202 16 1
-2.727767 -1.330800 116.927049 17 1
-2.249300 -1.365100 117.013603 0 0
-2.256025 -1.351075 117.220324 0 0
-2.337038 -1.371063 117.205787 17 1
-1.952300 -1.129800 116.969200 15 1
-2.694200 -1.221900 116.722702 16 1
-2.149000 -1.306700 117.435501 11 1
-2.702200 -1.327200 117.028603 17 1
-2.689060 -1.238980 116.698519 16 1
-2.184457 -1.377886 116.801657 14 1
-2.587040 -1.363130 117.191711 17 1
-2.171600 -1.387100 116.805397 14 1
-2.684100 -1.236400 116.761200 16 1
-2.709642 -1.320475 116.995792 17 1
-2.228100 -1.351200 116.977303 15 1
-1.955000 -1.100700 116.960602 15 1
-2.574440 -1.329500 117.220347 17 1
-2.255100 -1.363000 117.032501 0 0
-2.516800 -1.334300 116.985397 16 1
-2.059100 -1.161400 117.496350 11 1
-2.421133 -1.384433 117.266433 17 1
-2.291840 -1.366000 116.891798 16 1
-1.953800 -1.119367 117.462934 11 1
-2.267100 -1.368400 116.728500 0 0
-2.276200 -1.347267 117.127533 17 1
-2.641414 -1.356100 117.119229 17 1
-2.261737 -1.379888 117.139812 0 0
-1.965100 -1.071433 117.403633 11 1
-1.932100 -1.109800 117.435898 11 1
-2.721800 -1.319400 116.952400 17 1
-2.049900 -1.236500 117.106102 15 1
-2.266467 -1.379067 116.515600 0 0
-1.941900 -1.084600 117.416100 11 1
-2.719600 -1.308650 116.981552 17 1
-2.038000 -1.171900 117.498001 11 1
-2.247550 -1.377750 116.780250 14 1
-2.123900 -1.242860 117.484361 11 1
-2.212000 -1.386400 117.316452 0 0
-2.730386 -1.320943 116.914786 17 1
-2.522600 -1.321100 117.254501 17 1
-2.250450 -1.365600 117.182098 0 0
-1.950450 -1.072350 116.867050 15 1
-2.180900 -1.332100 117.376099 11 1
-2.302120 -1.362140 116.899899 16 1
-2.183200 -1.286600 117.444901 11 1
-2.260200 -1.367850 117.190700 0 0
-1.916850 -1.072050 117.335598 11 1
-2.250000 -1.396400 116.492500 0 0
-2.184750 -1.335600 117.355999 11 1
-2.293200 -1.370000 117.159897 17 1
-2.249950 -1.374850 116.717350 0 0
-2.070950 -1.242750 117.500900 11 1
-2.103700 -1.269650 117.100975 15 1
-2.349500 -1.363100 116.586899 13 1
-2.259700 -1.390200 116.430603 12 1
-2.354540 -1.351880 116.554318 13 1
-2.271050 -1.365800 116.854816 16 1
-1.929400 -1.065300 117.327499 11 1
-2.231975 -1.369825 117.313726 0 0
-2.696100 -1.345100 117.035202 17 1
-1.956200 -1.104833 117.454533 11 1
-2.474900 -1.382833 117.270434 17 1
-2.243480 -1.364720 117.271360 0 0
-2.695100 -1.270750 116.705501 16 1
-2.264400 -1.397900 116.873100 16 1
-2.222600 -1.356300 117.293800 11 1
-2.200025 -1.375300 116.792900 14 1
-2.247967 -1.374200 116.698702 0 0
-2.699200 -1.315700 117.062202 17 1
-2.694250 -1.270025 116.723002 16 1
-2.309750 -1.476975 116.510025 12 1
-2.666100 -1.254000 116.829597 16 1
-2.256700 -1.382400 116.710297 0 0
-2.684855 -1.336373 117.049373 17 1
-2.256860 -1.374640 117.019360 0 0
-2.595360 -1.289100 116.929961 16 1
-2.158300 -1.321400 117.404297 11 1
-1.956867 -1.164700 117.019335 15 1
-1.984600 -1.144050 117.064751 15 1
-2.240700 -1.368400 117.095398 0 0
-1.943400 -1.154100 117.461800 11 1
-2.613395 -1.317642 117.175874 17 1
-2.241200 -1.373400 117.165398 0 0
-1.950900 -1.098200 116.921299 15 1
-1.930700 -1.123500 116.938103 15 1
-1.967700 -1.104000 117.434303 11 1
-2.259100 -1.356900 116.527897 0 0
-1.952000 -1.061000 117.385498 11 1
-2.263500 -1.354000 117.037300 0 0
-2.403800 -1.332800 117.262699 17 1
-2.528200 -1.341400 117.253998 17 1
-2.132700 -1.280500 117.078400 15 1
-1.953867 -1.152500 116.999367 15 1
-2.095067 -1.246700 117.118266 15 1
-2.248800 -1.364200 117.102203 17 1
-2.204300 -1.317100 117.385498 11 1
-1.951000 -1.086600 116.927567 15 1
-2.264550 -1.362917 117.055599 17 1
-2.668850 -1.265100 116.810497 16 1
-2.013100 -1.124800 117.490398 11 1
-2.533100 -1.344550 117.244350 17 1
-2.176500 -1.371000 117.041801 15 1
-2.496280 -1.318840 117.271082 17 1
-2.253725 -1.360075 117.118676 8 0
-2.604500 -1.318100 117.186996 17 1
-2.532700 -1.395430 117.250871 17 1
-2.237950 -1.361250 117.296749 0 0
-2.368650 -1.338800 116.962250 16 1
-2.264933 -1.331900 117.313268 11 1
-2.656100 -1.335633 117.122401 17 1
-2.364725 -1.369200 116.945326 16 1
-2.195767 -1.387733 116.998731 15 1
-1.989900 -1.130400 117.460800 11 1
-1.982400 -1.169000 117.057297 15 1
-2.692318 -1.335418 117.034919 17 1
-1.936700 -1.084900 117.429604 11 1
-2.532790 -1.321350 117.254330 17 1
-2.057000 -1.253100 117.101799 15 1
-2.515200 -1.306617 116.978649 16 1
-2.249050 -1.359200 116.876098 16 1
-1.932300 -1.101400 117.427399 11 1
-2.168500 -1.309400 117.407303 11 1
-2.197500 -1.340900 117.021103 15 1
-1.960367 -1.071567 116.875765 15 1
-2.688225 -1.231375 116.737726 16 1
-1.968000 -1.140800 117.031552 15 1
-2.130400 -1.216500 117.493403 11 1
-2.224700 -1.345000 117.374100 0 0
-2.258400 -1.355100 117.172897 0 0
-2.672550 -1.271850 116.826649 16 1
-2.676200 -1.246347 116.785766 16 1
-2.222400 -1.368200 117.343697 0 0
-2.436364 -1.326800 116.989672 16 1
-1.924350 -1.118200 116.917450 15 1
-1.939500 -1.096400 116.908001 15 1
-1.945650 -1.099600 117.448299 11 1
-2.661300 -1.281700 116.867302 16 1
-2.658000 -1.257700 116.881104 16 1
-1.935200 -1.113400 116.929566 15 1
-2.689650 -1.271800 116.812901 16 1
-2.164300 -1.330300 117.388702 11 1
-1.926567 -1.072200 117.376597 11 1
-2.206900 -1.324100 117.363701 11 1
-2.192920 -1.315740 117.376500 11 1
-2.259000 -1.389700 117.131798 0 0
-2.263457 -1.372014 116.674616 0 0
-2.245100 -1.357167 116.488269 0 0
-2.173800 -1.254700 117.458199 11 1
-2.402300 -1.360900 116.974800 16 1
-2.146400 -1.400550 116.810001 14 1
-2.556267 -1.384117 117.234732 17 1
-2.233425 -1.370175 117.293076 0 0
-2.256200 -1.366150 117.127552 0 0
-2.721567 -1.339233 116.972432 17 1
-1.960700 -1.045000 116.808998 15 1
-2.259767 -1.374667 116.768068 0 0
-1.974080 -1.152660 117.481099 11 1
-2.246167 -1.369033 117.211667 0 0
-2.190850 -1.386600 116.799450 14 1
-2.116056 -1.263944 117.094779 15 1
-2.262000 -1.363200 116.797701 0 0
-2.643750 -1.312767 117.145718 17 1
-2.705800 -1.344500 116.995677 17 1
-2.293400 -1.380050 116.908802 16 1
-2.252660 -1.336040 117.106801 17 1
-2.394550 -1.371500 117.248200 17 1
-2.529690 -1.378020 117.248670 17 1
-2.672800 -1.339200 117.091549 17 1
-2.217000 -1.350600 117.306602 11 1
-2.233267 -1.363000 116.933332 0 0
-2.020000 -1.148600 117.494003 11 1
-2.250600 -1.368600 117.110802 17 1
-1.943300 -1.124500 116.942299 15 1
-2.205700 -1.367833 117.011001 15 1
-1.953867 -1.077433 117.431101 11 1
-2.239800 -1.376500 116.974602 0 0
-2.231700 -1.388100 117.255749 0 0
-2.263300 -1.361000 116.542297 0 0
-2.370000 -1.379900 116.473549 13 1
-2.478540 -1.308830 116.990109 16 1
-2.179800 -1.320300 117.394997 11 1
-2.024000 -1.249300 117.103798 15 1
-2.211500 -1.344700 117.325600 11 1
-2.262000 -1.356100 117.136597 17 1
-2.223600 -1.358800 117.281197 11 1
-2.288500 -1.364725 117.140125 17 1
-2.553962 -1.374625 117.232988 17 1
-2.715550 -1.314700 116.965767 17 1
-2.384950 -1.338450 116.972351 16 1
-2.475473 -1.353991 117.265364 17 1
-2.631033 -1.264300 116.887865 16 1
-2.259520 -1.375000 116.810019 0 0
-2.502173 -1.377800 117.259586 17 1
-1.941571 -1.092871 117.442555 11 1
-1.896080 -1.075800 117.329121 11 1
-2.702200 -1.310200 117.028603 17 1
-2.118100 -1.208800 117.502098 11 1
-2.249400 -1.380400 116.681297 0 0
-2.284700 -1.351700 116.651398 13 1
-2.237000 -1.367500 117.108200 0 0
-2.212000 -1.311000 117.391800 11 1
-2.163050 -1.300700 117.424153 11 1
-2.262422 -1.390333 116.516266 0 0
-2.232450 -1.368400 117.164703 0 0
-2.429400 -1.357600 117.261002 17 1
-1.974400 -1.174200 117.485703 11 1
-2.028300 -1.198000 117.094551 15 1
-2.689900 -1.255600 116.764702 16 1
-2.703550 -1.318700 117.040501 17 1
-1.959800 -1.090900 117.439201 11 1
-2.686475 -1.273675 116.770451 16 1
-2.287700 -1.371400 116.655403 13 1
-2.241567 -1.338900 116.982735 15 1
-2.702367 -1.336067 117.005201 17 1
-2.264808 -1.368738 117.109870 17 1
-2.275000 -1.368950 116.893799 16 1
-2.297000 -1.364200 116.647697 13 1
-2.231600 -1.347200 116.534599 0 0
-2.249100 -1.373200 117.224403 0 0
-2.137800 -1.285600 117.455597 11 1
-2.267500 -1.368500 116.477303 0 0
-1.953050 -1.057250 116.861149 15 1
-2.685650 -1.220050 116.770798 16 1
-2.244750 -1.374275 117.043625 0 0
-2.724700 -1.323700 116.977402 17 1
-2.231550 -1.362850 117.232697 11 1
-2.547086 -1.303300 116.964871 16 1
-1.922500 -1.081300 117.338402 11 1
-2.240700 -1.368500 117.180199 0 0
-2.376391 -1.341627 116.467918 13 1
-2.258600 -1.374020 117.097879 17 1
-1.953075 -1.092475 116.968725 15 1
-2.331933 -1.363867 116.600067 13 1
-2.279750 -1.362950 116.650227 13 1
-2.266140 -1.375940 116.569859 0 0
-2.254350 -1.348750 117.133449 0 0
-1.962800 -1.134500 117.020100 15 1
-1.920200 -1.102200 117.421600 11 1
-2.124800 -1.287800 117.467400 11 1
-2.226643 -1.342757 116.782571 14 1
-2.406850 -1.317650 116.981100 16 1
-2.598556 -1.371244 117.181911 17 1
-2.232800 -1.364000 117.092903 0 0
-2.369917 -1.352783 116.458683 13 1
-2.086300 -1.318500 117.085899 15 1
-1.952600 -1.099550 117.434449 11 1
-2.634424 -1.341821 117.133828 17 1
-1.926700 -1.076000 117.355904 11 1
-1.989250 -1.143800 117.485453 11 1
-2.675500 -1.275950 116.818352 16 1
-2.216664 -1.317891 117.013465 15 1
-1.976700 -1.079400 117.431801 11 1
-2.150500 -1.320400 117.423302 11 1
-2.661010 -1.237390 116.833700 16 1
-2.302300 -1.427000 116.505203 12 1
-2.218850 -1.370600 117.304303 0 0
-2.265700 -1.377386 116.558128 0 0
-2.444000 -1.369800 117.265999 17 1
-2.250500 -1.373950 116.635601 0 0
-2.196300 -1.355600 117.328499 11 1
-2.254200 -1.380900 116.728851 0 0
-2.682300 -1.218600 116.789101 16 1
-2.312000 -1.486000 116.513496 12 1
-2.625347 -1.356616 117.142301 17 1
-2.290300 -1.353100 117.168800 17 1
-2.166675 -1.264200 117.455902 11 1
-1.942300 -1.094600 117.430397 11 1
-2.343500 -1.363525 116.575699 13 1
-2.265062 -1.363492 117.076732 17 1
-2.240100 -1.358600 116.927902 0 0
-2.249700 -1.345600 117.252502 11 1
-2.686300 -1.318300 117.054802 17 1
-2.439600 -1.384600 117.271103 17 1
-2.250400 -1.365600 117.196949 0 0
-2.667200 -1.347540 117.078680 17 1
-2.210000 -1.378300 117.320602 0 0
-2.231400 -1.367300 117.181801 0 0
-1.995767 -1.230900 117.091268 15 1
-2.572254 -1.353585 117.203592 17 1
-2.263400 -1.363600 116.567398 0 0
-2.590800 -1.268200 116.947700 16 1
-1.994600 -1.094100 117.455101 11 1
-1.977633 -1.198433 117.073568 15 1
-1.984100 -1.107600 117.462898 11 1
-2.122200 -1.383100 116.828998 14 1
-1.996133 -1.132267 117.484469 11 1
-2.616850 -1.249200 116.911801 16 1
-2.286640 -1.374740 116.470579 12 1
-2.226950 -1.368875 117.355625 0 0
-2.536050 -1.317050 116.972626 16 1
-2.166500 -1.318150 117.400902 11 1
-2.519883 -1.357500 117.250066 17 1
-2.359600 -1.379200 116.445801 13 1
-2.621500 -1.342000 117.165703 17 1
-1.948500 -1.055700 116.893848 15 1
-2.100950 -1.392900 116.828949 14 1
-2.304625 -1.367550 117.178875 17 1
-1.975340 -1.095960 117.457341 11 1
-2.241667 -1.375500 117.022598 0 0
-2.025800 -1.110450 117.482052 11 1
-2.482100 -1.291300 116.994202 16 1
-2.301300 -1.402500 116.503601 12 1
-2.369800 -1.350250 116.434998 13 1
-2.262133 -1.358067 116.720266 0 0
-2.122600 -1.265000 117.077202 15 1
-1.952750 -1.075400 116.915100 15 1
-2.565488 -1.386544 117.226908 17 1
-2.578500 -1.365500 117.217251 17 1
-2.223700 -1.371800 117.275032 0 0
-2.205692 -1.380783 117.301533 0 0
-2.259320 -1.357160 117.067960 17 1
-1.962100 -1.145900 117.014074 15 1
-1.951700 -1.074600 116.857399 15 1
-2.265533 -1.368611 116.761790 0 0
-2.054800 -1.209400 117.104950 15 1
-2.377375 -1.345237 116.485650 13 1
-2.680700 -1.260800 116.766899 16 1
-2.245250 -1.369350 116.481751 0 0
-2.289400 -1.351300 117.139297 17 1
-2.622550 -1.327300 117.170147 17 1
-2.488600 -1.388500 117.269501 17 1
-2.621260 -1.264180 116.902220 16 1
-2.353000 -1.365000 117.209900 17 1
-1.929883 -1.065417 117.371001 11 1
-2.350500 -1.362800 116.416748 13 1
-2.005100 -1.093400 117.451302 11 1
-1.960500 -1.110300 116.997803 15 1
-2.274700 -1.373200 117.166649 0 0
-2.689600 -1.233050 116.710998 16 1
-2.239900 -1.366200 117.029602 0 0
-2.189400 -1.328900 117.369904 11 1
-2.224150 -1.380050 117.265850 0 0
-2.262733 -1.363867 116.624100 0 0
-2.684000 -1.263000 116.798302 16 1
-2.217000 -1.345367 117.340698 11 1
-2.256800 -1.356300 116.890198 16 1
-2.592675 -1.331025 117.197374 17 1
-2.256580 -1.353060 117.043422 0 0
-2.378500 -1.337700 116.437198 13 1
-2.011700 -1.224500 117.096802 15 1
-2.613642 -1.308517 116.926833 16 1
-2.337550 -1.355700 117.205651 17 1
-2.158700 -1.299000 117.435600 11 1
-1.937875 -1.113375 117.455702 11 1
-2.238814 -1.329671 116.987842 15 1
-2.256225 -1.348800 117.094649 17 1
-2.248000 -1.369900 117.076202 0 0
-1.925500 -1.072200 117.338699 11 1
-1.950025 -1.085750 116.914349 15 1
-2.671117 -1.242983 116.803692 16 1
-1.944300 -1.187200 117.026901 15 1
-2.266000 -1.357175 116.518701 0 0
-2.371100 -1.385600 117.246696 17 1
-2.542337 -1.344850 117.233251 17 1
-2.047500 -1.159800 117.490097 11 1
-1.939040 -1.071980 117.388841 11 1
-2.238610 -1.359320 117.205680 0 0
-2.279550 -1.369700 116.636052 13 1
-2.187600 -1.323800 117.388351 11 1
-2.651300 -1.261900 116.869549 16 1
-2.099200 -1.361150 116.831352 14 1
-2.381567 -1.340667 116.452499 13 1
-2.671029 -1.323100 117.104029 17 1
-2.250100 -1.339000 117.295700 11 1
-2.653700 -1.237700 116.853699 16 1
-2.244800 -1.354900 117.264503 11 1
-2.535500 -1.369700 117.247299 17 1
-1.962350 -1.045750 116.792396 15 1
-2.341200 -1.377100 117.219398 17 1
-2.681867 -1.229700 116.786103 16 1
-1.926800 -1.130800 116.948303 15 1
-1.934900 -1.097300 117.409897 11 1
-2.263120 -1.375300 116.711020 0 0
-1.938900 -1.067000 117.364800 11 1
-2.192400 -1.310100 117.387299 11 1
-2.545900 -1.373700 117.237198 17 1
-2.123200 -1.262500 117.473198 11 1
-2.680220 -1.242780 116.731999 16 1
-2.197800 -1.333900 117.385696 0 0
-1.958950 -1.188775 117.052700 15 1
-2.259025 -1.379725 116.692575 0 0
-2.235271 -1.383686 116.977959 0 0
-2.261114 -1.371757 117.040429 0 0
-2.232625 -1.370625 117.262774 0 0
-2.021100 -1.102200 117.466003 11 1
-2.240729 -1.357057 117.394784 0 0
-2.653000 -1.284400 116.879997 16 1
-1.991800 -1.159133 117.070900 15 1
-2.249500 -1.365800 117.067001 0 0
-2.290200 -1.341500 116.646103 13 1
-2.262133 -1.365767 116.839750 0 0
-2.238600 -1.380000 117.088898 0 0
-2.365325 -1.350725 116.957199 16 1
-2.254200 -1.353000 117.276802 11 1
-2.402300 -1.380900 117.256699 17 1
-2.276260 -1.377020 116.876340 16 1
-2.208367 -1.386450 116.791917 14 1
-2.254300 -1.351800 116.480003 0 0
-2.671050 -1.246050 116.818551 16 1
-2.602767 -1.257967 116.921366 16 1
-2.697233 -1.271800 116.690002 16 1
-2.263500 -1.338100 117.130699 17 1
-2.472886 -1.329471 116.990785 16 1
-2.225900 -1.380500 117.406303 0 0
-2.200300 -1.306800 117.422798 11 1
-2.552975 -1.323862 116.970798 16 1
-2.237300 -1.370300 117.283703 0 0
-1.937567 -1.083133 116.849200 15 1
-2.302275 -1.473525 116.514799 12 1
-2.260067 -1.361933 116.788432 0 0
-2.001000 -1.165100 117.078003 15 1
-2.245700 -1.364400 117.155602 0 0
-1.951425 -1.056425 116.875148 15 1
-2.649100 -1.344650 117.133549 17 1
-2.020000 -1.191300 117.091400 15 1
-2.028200 -1.157000 117.497902 11 1
-2.638300 -1.260100 116.870048 16 1
-2.241750 -1.343950 117.415501 0 0
-2.511500 -1.324167 116.983475 16 1
-2.073100 -1.228100 117.121597 15 1
-1.908300 -1.069800 117.319698 11 1
-2.238670 -1.356930 117.217750 11 1
-2.647200 -1.330600 117.137497 17 1
-2.094900 -1.272800 117.488332 11 1
-2.262500 -1.355300 116.611801 0 0
-2.379033 -1.339350 116.476949 13 1
-2.716263 -1.332012 116.959688 17 1
-2.361133 -1.377433 116.552099 13 1
-2.031300 -1.228000 117.102352 15 1
-2.235650 -1.356450 116.890701 0 0
-2.013400 -1.234100 117.097049 15 1
-2.361850 -1.350450 116.411400 13 1
-2.012750 -1.171150 117.085751 15 1
-2.237967 -1.351050 117.377031 0 0
-1.958000 -1.062700 117.401604 11 1
-2.591843 -1.374671 117.199486 17 1
-2.697400 -1.273567 116.761767 16 1
-1.958400 -1.067700 117.386200 11 1
-2.194400 -1.333500 117.360397 11 1
-2.155100 -1.331900 117.391800 11 1
-2.559600 -1.274200 116.967598 16 1
-2.270800 -1.330100 117.136902 17 1
-2.532900 -1.291400 116.972719 16 1
-2.251033 -1.365817 117.232417 0 0
-2.208250 -1.344650 117.343452 11 1
-1.973350 -1.096350 117.448551 11 1
-2.301200 -1.461800 116.515240 12 1
-2.291580 -1.390280 116.509721 12 1
-2.247800 -1.354400 117.061897 0 0
-2.070433 -1.384033 116.831502 14 1
-2.200450 -1.372600 117.001949 15 1
-2.239800 -1.360500 117.413597 0 0
-2.264829 -1.368957 116.698671 0 0
-2.206400 -1.373200 116.993698 15 1
-2.707200 -1.248600 116.720200 16 1
-2.157438 -1.395900 116.806024 14 1
-2.688633 -1.237300 116.665499 16 1
-2.239000 -1.362275 117.325850 0 0
-2.205100 -1.327400 117.031502 15 1
-2.255750 -1.350750 116.491901 0 0
-2.356300 -1.338750 117.223049 17 1
-2.232625 -1.342625 117.292725 11 1
-2.226300 -1.323733 116.998100 15 1
-2.208850 -1.310450 117.367099 11 1
-2.238836 -1.350600 116.770701 14 1
-2.148414 -1.254786 117.467212 11 1
-2.228250 -1.350850 117.283199 11 1
-2.235800 -1.362300 117.151249 0 0
-2.698167 -1.340133 117.020500 17 1
-1.897600 -1.126600 117.385002 11 1
-1.933100 -1.148000 117.453903 11 1
-2.338800 -1.365400 116.617897 13 1
-2.208550 -1.324000 117.007351 15 1
-2.271570 -1.335670 117.307679 11 1
-2.285350 -1.351800 117.156552 17 1
-1.948750 -1.158750 117.005249 15 1
-2.259400 -1.357300 117.080101 17 1
-2.046850 -1.342150 116.839901 14 1
-2.671225 -1.257325 116.822273 16 1
-2.087700 -1.267100 117.493599 11 1
-2.457200 -1.332300 116.994598 16 1
-2.213550 -1.312833 117.028332 15 1
-1.950300 -1.096400 116.951199 15 1
-1.934300 -1.070800 117.344398 11 1
-2.364150 -1.359980 116.488850 13 1
-2.704700 -1.353200 117.013603 17 1
-1.990050 -1.102000 117.455101 11 1
-2.676712 -1.340037 117.064625 17 1
-2.204150 -1.343400 117.310574 11 1
-2.729600 -1.323900 116.959198 17 1
-2.508850 -1.297600 116.981548 16 1
-2.685400 -1.323870 117.073769 17 1
-2.266289 -1.378056 116.587778 0 0
-2.090700 -1.269100 117.102402 15 1
-2.175388 -1.315513 117.047274 15 1
-2.597200 -1.254600 116.940903 16 1
-2.375400 -1.364100 116.948502 16 1
-2.604100 -1.353500 117.185303 17 1
-2.692200 -1.315300 116.998199 17 1
-2.198850 -1.389600 117.307102 0 0
-2.053500 -1.144800 117.494499 11 1
-2.043350 -1.131600 117.488399 11 1
-2.218900 -1.324800 117.326797 11 1
-2.221500 -1.346700 117.359703 0 0
-2.256450 -1.380708 117.115618 17 1
-2.245300 -1.325800 117.101700 0 0
-2.596400 -1.319100 117.205349 17 1
-1.950150 -1.156450 117.020000 15 1
-2.258975 -1.374000 116.974852 0 0
-2.695100 -1.261600 116.738502 16 1
-2.255800 -1.364700 117.019699 0 0
-2.565333 -1.320767 116.966221 16 1
-2.226738 -1.335837 116.990424 15 1
-1.955100 -1.064200 117.367302 11 1
-2.727525 -1.322675 116.932575 17 1
-1.980000 -1.118200 117.451599 11 1
-1.966400 -1.167800 117.476196 11 1
-2.241017 -1.370700 117.244966 0 0
-2.200800 -1.299900 117.416702 11 1
-2.698700 -1.333600 117.043800 17 1
-2.058600 -1.221200 117.113800 15 1
-1.985300 -1.089800 117.449303 11 1
-2.253850 -1.362213 116.932975 0 0
-2.581800 -1.292250 116.941402 16 1
-2.544871 -1.383700 117.242629 17 1
-2.260722 -1.345244 117.250909 11 1
-2.109767 -1.378267 116.829035 14 1
-2.360500 -1.373400 117.223900 17 1
-2.715211 -1.324033 116.980710 17 1
-1.939300 -1.084600 116.857966 15 1
-2.361971 -1.360071 116.443745 13 1
-2.671650 -1.333150 117.080799 17 1
-1.953300 -1.045167 116.804067 15 1
-1.913800 -1.141050 117.406750 11 1
-2.292438 -1.356225 116.647562 13 1
-2.236467 -1.347467 117.398333 0 0
-2.127740 -1.374320 116.825740 14 1
-2.256900 -1.362000 117.202202 0 0
-2.690750 -1.228450 116.770600 16 1
-2.230350 -1.369475 117.331774 0 0
-1.968333 -1.161733 117.032199 15 1
-2.105800 -1.233625 117.491447 11 1
-2.566500 -1.318100 117.231003 17 1
-2.235462 -1.374125 117.199789 0 0
-1.914500 -1.077000 117.347801 11 1
-1.977500 -1.117000 117.461601 11 1
-2.571600 -1.354800 117.215897 17 1
-2.496743 -1.296786 116.987643 16 1
-1.945300 -1.104600 116.894203 15 1
-2.266133 -1.379033 117.163567 0 0
-2.358300 -1.359533 116.425634 13 1
-1.947833 -1.085667 116.875498 15 1
-2.229333 -1.356467 117.013664 15 1
-1.960600 -1.165900 117.027802 15 1
-2.285500 -1.354850 116.885200 16 1
-2.004500 -1.133900 117.481697 11 1
-2.652400 -1.265700 116.853302 16 1
-2.199900 -1.339100 117.338402 11 1
-2.372733 -1.378183 116.494618 13 1
-2.702950 -1.350213 117.005275 17 1
-2.693200 -1.227400 116.751602 16 1
-2.240400 -1.319400 117.435997 0 0
-2.269233 -1.351300 117.104299 17 1
-2.433660 -1.317960 116.993099 16 1
-2.250850 -1.344350 117.275600 11 1
-2.304779 -1.365821 117.163671 17 1
-2.235700 -1.358100 116.953201 0 0
-2.110340 -1.263840 117.101619 15 1
-2.429980 -1.332880 116.988980 16 1
-2.553947 -1.345240 117.224373 17 1
-2.526543 -1.321057 116.977015 16 1
-2.041200 -1.253500 117.103302 15 1
-2.262840 -1.383980 116.602719 0 0
-2.678600 -1.238400 116.811699 16 1
-1.980367 -1.225300 117.083033 15 1
-1.944700 -1.193500 117.042000 15 1
-2.226900 -1.341500 117.316200 11 1
-2.267644 -1.381011 116.620545 13 1
-2.621400 -1.303000 116.920097 16 1
-1.965017 -1.104750 117.460950 11 1
-2.636900 -1.358300 117.129898 17 1
-2.487557 -1.347843 117.262771 17 1
-2.019167 -1.119067 117.493667 11 1
-2.263150 -1.346750 117.193500 0 0
-2.628200 -1.301650 116.908699 16 1
-2.267725 -1.338338 117.289662 11 1
-2.193600 -1.329944 117.340843 11 1
-2.140400 -1.334200 117.395401 11 1
-2.652900 -1.316100 117.134804 17 1
-2.115400 -1.225300 117.493263 11 1
-2.093000 -1.322800 117.079697 15 1
-2.211000 -1.360850 117.305050 11 1
-2.698550 -1.234650 116.684101 16 1
-2.234350 -1.374400 117.094250 0 0
-2.495400 -1.310500 116.985603 16 1
-2.364450 -1.383700 117.240948 17 1
-2.229800 -1.356745 117.352819 0 0
-2.251000 -1.366300 116.816200 0 0
-2.695400 -1.244100 116.731499 16 1
-2.259450 -1.348150 117.157601 0 0
-2.710000 -1.313925 117.002125 17 1
-2.407700 -1.334500 116.983597 16 1
-2.121000 -1.272000 117.090897 15 1
-2.366217 -1.362867 116.471317 13 1
-2.262264 -1.380771 117.148773 0 0
-2.254500 -1.353800 117.022400 0 0
-2.230900 -1.356800 116.995399 15 1
-2.250100 -1.360300 116.827698 0 0
-2.681540 -1.348780 117.059080 17 1
-2.252900 -1.357300 116.898598 0 0
-2.064540 -1.353640 116.835860 14 1
-2.307583 -1.431717 116.512626 12 1
-2.698500 -1.245500 116.710899 16 1
-2.223950 -1.323150 117.418103 0 0
-2.565600 -1.298500 116.959602 16 1
-2.243257 -1.365886 117.190785 0 0
-2.463350 -1.368700 117.266624 17 1
-2.190338 -1.308537 117.046899 15 1
-1.899700 -1.109000 117.414101 11 1
-2.280450 -1.368675 117.136499 17 1
-2.578700 -1.376433 117.211334 17 1
-2.502925 -1.393675 117.265600 17 1
-2.707433 -1.311400 116.990033 17 1
-2.232711 -1.332856 117.424558 0 0
-2.251500 -1.379400 116.746002 0 0
-2.695750 -1.270550 116.741001 16 1
-2.172700 -1.360400 117.054901 15 1
-2.028050 -1.350850 116.828750 14 1
-2.234800 -1.363400 117.121647 0 0
-2.687100 -1.250300 116.758202 16 1
-2.335800 -1.340900 116.582703 13 1
-2.688400 -1.239000 116.722743 16 1
-2.617400 -1.265400 116.913101 16 1
-2.673567 -1.281467 116.827578 16 1
-1.914300 -1.084300 117.341301 11 1
-2.361300 -1.356925 117.222849 17 1
-2.684850 -1.345483 117.049666 17 1
-2.661747 -1.332658 117.112778 17 1
-2.289333 -1.384133 116.500132 12 1
-2.289300 -1.360900 117.150803 17 1
-1.917500 -1.082800 117.384300 11 1
-2.273100 -1.376700 116.899300 16 1
-2.729000 -1.313100 116.940300 17 1
-2.262900 -1.327300 117.123299 17 1
-2.257000 -1.392400 117.121902 0 0
-2.368500 -1.354767 116.476265 13 1
-2.712900 -1.321500 117.011500 17 1
-2.393650 -1.341400 116.974899 16 1
-2.487414 -1.323814 117.268564 17 1
-2.184517 -1.395550 116.801732 14 1
-2.607819 -1.350952 117.163920 17 1
-2.259300 -1.363250 116.513901 0 0
-1.974525 -1.185875 117.059399 15 1
-2.274300 -1.331050 117.153954 17 1
-2.673900 -1.353800 117.054001 17 1
-2.582200 -1.389050 117.218400 17 1
-2.641300 -1.321120 117.146159 17 1
-2.244700 -1.373600 117.061663 0 0
-1.945000 -1.061100 117.400299 11 1
-2.241100 -1.352500 117.408897 0 0
-2.271100 -1.356375 116.449875 0 0
-2.347050 -1.362000 116.561599 13 1
-2.213200 -1.328700 116.998596 15 1
-2.272850 -1.347700 117.142700 17 1
-1.964200 -1.106100 117.447403 11 1
-2.526000 -1.298200 116.982399 16 1
-2.260800 -1.376000 116.725998 0 0
-2.557267 -1.308100 116.960566 16 1
-2.688150 -1.254850 116.774002 16 1
-2.328400 -1.371882 116.632682 13 1
-2.647400 -1.255600 116.864998 16 1
-2.464000 -1.291600 117.002285 16 1
-2.157800 -1.315700 117.413101 11 1
-2.242500 -1.363425 117.305000 0 0
-1.959450 -1.123500 116.978025 15 1
-1.954100 -1.060100 116.836449 15 1
-2.217467 -1.326789 117.406680 0 0
-2.475700 -1.362671 117.265114 17 1
-2.638008 -1.252317 116.893708 16 1
-2.275250 -1.374450 116.432548 12 1
-2.556271 -1.329353 117.232271 17 1
-2.224650 -1.379250 117.397603 0 0
-2.615567 -1.378200 117.160667 17 1
-2.224600 -1.327633 117.320567 11 1
-2.670992 -1.324592 117.085985 17 1
-2.078900 -1.270200 117.494667 11 1
-2.508100 -1.320100 117.265049 17 1
-2.370564 -1.350750 116.500571 13 1
-1.920333 -1.086417 117.406750 11 1
-2.137300 -1.263900 117.465202 11 1
-2.154733 -1.384267 116.810997 14 1
-2.268050 -1.380540 116.608830 0 0
-2.211250 -1.392525 117.289551 0 0
-2.512650 -1.328550 117.259647 17 1
-2.676711 -1.254822 116.783256 16 1
-2.111600 -1.352100 116.827797 14 1
-2.532500 -1.332611 117.244400 17 1
-2.369450 -1.379550 116.464253 13 1
-2.101500 -1.254000 117.490097 11 1
-2.040200 -1.116433 117.490400 11 1
-2.082471 -1.360043 116.833787 14 1
-2.360750 -1.353400 116.542198 13 1
-1.959767 -1.038800 116.785967 15 1
-2.310500 -1.502400 116.508301 12 1
-2.127233 -1.308767 117.466634 11 1
-2.300700 -1.380000 116.649897 13 1
-2.611700 -1.334900 117.180000 17 1
-2.265600 -1.334200 117.273102 11 1
-2.237644 -1.362800 117.346500 0 0
-2.490675 -1.362888 117.261625 17 1
-2.373073 -1.345045 116.449882 13 1
-2.233233 -1.359167 117.313934 0 0
-2.276700 -1.356450 117.116402 17 1
-2.364600 -1.333100 116.957201 16 1
-2.207150 -1.303650 117.398147 11 1
-2.696200 -1.316300 117.079597 17 1
-2.171200 -1.280900 117.451202 11 1
-2.014800 -1.103600 117.474701 11 1
-2.609300 -1.319600 117.194000 17 1
-2.130600 -1.399800 116.815804 14 1
-2.599700 -1.359300 117.190903 17 1
-2.250700 -1.376400 117.092300 17 1
-2.027000 -1.139900 117.483704 11 1
-2.695200 -1.313800 117.044201 17 1
-2.234280 -1.366740 117.364679 0 0
-2.042650 -1.164800 117.499451 11 1
-1.955750 -1.062900 116.908699 15 1
-2.073540 -1.375340 116.833421 14 1
-2.246950 -1.377650 116.794552 14 1
-2.248517 -1.375550 116.936103 0 0
-2.593200 -1.298600 116.932701 16 1
-2.228750 -1.355200 117.262253 11 1
-2.225400 -1.372800 116.988502 0 0
-2.693600 -1.271700 116.778900 16 1
-2.657500 -1.252800 116.862801 16 1
-2.238775 -1.379575 116.957001 0 0
-2.214140 -1.326940 117.334500 11 1
-2.718446 -1.326987 116.968588 17 1
-2.487433 -1.333256 117.263567 17 1
-2.533350 -1.357200 117.239849 17 1
-2.682100 -1.268550 116.810398 16 1
-1.977267 -1.086633 117.442901 11 1
-2.586268 -1.332716 117.205395 17 1
-2.234800 -1.360900 116.966400 15 1
-2.318067 -1.515667 116.500999 12 1
-2.322700 -1.371700 117.196780 17 1
-1.942280 -1.099020 116.923680 15 1
-2.676700 -1.225500 116.797798 16 1
-2.001400 -1.116760 117.485402 11 1
-2.149800 -1.305400 117.063400 15 1
-1.966550 -1.128050 117.473198 11 1
-2.686400 -1.250000 116.749653 16 1
-2.128467 -1.320833 117.454033 11 1
-2.658050 -1.340525 117.102526 17 1
-2.030650 -1.164600 117.477402 11 1
-2.253925 -1.362587 116.947737 0 0
-2.230800 -1.373600 117.047997 0 0
-2.720778 -1.324633 116.944800 17 1
-2.253325 -1.356900 117.142649 0 0
-2.692100 -1.269075 116.756325 16 1
-2.109567 -1.269333 117.481534 11 1
-1.939600 -1.128800 116.955902 15 1
-2.356386 -1.357443 116.531071 13 1
-2.258900 -1.354900 116.962799 0 0
-2.243900 -1.373600 116.846298 0 0
-2.313460 -1.366240 116.639400 13 1
-2.248300 -1.357700 116.471397 0 0
-2.251100 -1.374533 116.623797 0 0
-2.661010 -1.344462 117.088652 17 1
-2.226533 -1.315183 117.331616 11 1
-1.926400 -1.093000 117.404503 11 1
-2.264950 -1.337300 117.261998 11 1
-2.259200 -1.385750 116.464496 0 0
-1.955700 -1.122100 116.965751 15 1
-2.368467 -1.335767 116.415767 13 1
-2.098400 -1.257950 117.111649 15 1
-2.282300 -1.348400 117.143898 17 1
-1.955400 -1.061200 117.393600 11 1
-2.683600 -1.262900 116.742302 16 1
-2.580600 -1.325200 117.212997 17 1
-2.677400 -1.244450 116.761097 16 1
-2.359700 -1.340900 116.538002 13 1
-2.577250 -1.264000 116.953449 16 1
-2.256175 -1.347250 117.176226 0 0
-2.226533 -1.336167 117.410098 0 0
-2.153900 -1.328700 117.404198 11 1
-2.721400 -1.334200 116.944801 17 1
-2.112150 -1.395300 116.832600 14 1
-2.361618 -1.365864 116.524664 13 1
-2.261100 -1.360100 116.468002 0 0
-2.256700 -1.380275 116.668802 0 0
-2.353067 -1.378400 117.226298 17 1
-2.679300 -1.230700 116.723396 16 1
-2.367300 -1.346800 116.417999 13 1
-2.695700 -1.322000 117.030296 17 1
-2.275160 -1.343860 117.157719 17 1
-2.220650 -1.371050 117.289402 0 0
-2.136433 -1.305800 117.448001 11 1
-1.959300 -1.058200 116.813301 15 1
-2.475550 -1.336090 117.266519 17 1
-2.193200 -1.296700 117.432404 11 1
-2.260600 -1.369833 117.058535 17 1
-2.257750 -1.351100 117.205349 0 0
-2.220300 -1.340700 116.998299 15 1
-2.606733 -1.363161 117.166633 17 1
-2.241000 -1.369300 117.085899 0 0
-1.935475 -1.098450 117.440651 11 1
-1.957100 -1.069700 116.851402 15 1
-2.056500 -1.154200 117.506699 11 1
-2.262794 -1.374931 116.527318 0 0
-2.256767 -1.386167 116.759201 0 0
-2.221033 -1.342033 116.788883 14 1
-2.261862 -1.377362 116.641576 13 1
-2.282300 -1.354200 117.135101 17 1
-2.320214 -1.354357 116.615073 13 1
-1.949450 -1.083850 116.905850 15 1
-2.323700 -1.371100 117.185699 17 1
-2.284000 -1.373800 116.488403 12 1
-2.205900 -1.306400 117.020401 15 1
-2.271800 -1.359700 116.874802 16 1
-2.245600 -1.394500 116.513100 0 0
-2.688100 -1.230900 116.728150 16 1
-2.241150 -1.353250 116.535649 0 0
-2.268500 -1.369333 117.127602 17 1
-2.369400 -1.342400 116.527496 13 1
-2.259267 -1.360233 116.752569 0 0
-2.241600 -1.354500 117.254799 11 1
-2.276100 -1.404000 116.421097 12 1
-2.186100 -1.376900 117.037003 15 1
-2.255000 -1.384300 116.844002 0 0
-2.472150 -1.295600 116.997501 16 1
-2.319150 -1.530100 116.492351 12 1
-2.679600 -1.322300 117.083099 17 1
-2.643100 -1.276033 116.878933 16 1
-2.260067 -1.366767 117.093831 17 1
-2.647300 -1.271500 116.866997 16 1
-2.257800 -1.375950 116.827252 0 0
-2.337700 -1.347300 117.199749 17 1
-2.266800 -1.370600 116.433601 12 1
-2.200020 -1.326180 117.349998 11 1
-2.242800 -1.323800 117.321404 11 1
-2.237600 -1.367867 117.383001 0 0
-2.622209 -1.252191 116.905617 16 1
-2.057300 -1.232400 117.109901 15 1
-2.710725 -1.328875 116.974974 17 1
-2.165500 -1.315500 117.059402 15 1
-1.965460 -1.072040 116.845460 15 1
-2.448000 -1.341525 116.992302 16 1
-2.035250 -1.213150 117.098652 15 1
-2.679900 -1.256850 116.758850 16 1
-2.660750 -1.260300 116.839298 16 1
-2.102600 -1.289500 117.483902 11 1
-2.275000 -1.385400 116.506798 12 1
-2.209200 -1.371925 117.304674 0 0
-2.299322 -1.443844 116.515301 12 1
-2.229440 -1.345740 117.268961 11 1
-2.683300 -1.244500 116.701103 16 1
-1.926500 -1.130600 116.936600 15 1
-1.899500 -1.077900 117.346532 11 1
-2.615550 -1.323750 117.181198 17 1
-2.254200 -1.380600 116.647400 0 0
-2.469511 -1.302978 116.993666 16 1
-2.070600 -1.233500 117.115402 15 1
-2.189100 -1.371600 117.030998 15 1
-2.145300 -1.299950 117.442877 11 1
-2.258200 -1.360550 116.977852 0 0
-2.253350 -1.365950 116.608952 0 0
-2.226745 -1.377509 117.247727 0 0
-1.907200 -1.071850 117.336804 11 1
-2.246400 -1.325700 116.986900 15 1
-2.055514 -1.380700 116.835871 14 1
-1.968600 -1.126500 117.023598 15 1
-2.502771 -1.311643 116.981815 16 1
-2.686600 -1.344500 117.035004 17 1
-2.250100 -1.339640 116.977801 12 0
-2.014200 -1.266200 117.104202 15 1
-2.230900 -1.349600 116.545799 0 0
-1.961750 -1.037750 116.777149 15 1
-2.454857 -1.356329 116.996372 16 1
-2.210760 -1.332400 117.010219 15 1
-2.243800 -1.367100 116.874397 0 0
-1.937300 -1.104800 116.891800 15 1
-2.372150 -1.350700 116.468200 13 1
-2.640975 -1.266037 116.885088 16 1
-2.351800 -1.344300 116.556503 13 1
-2.270667 -1.345900 117.133634 17 1
-1.992750 -1.188975 117.076925 15 1
-2.545200 -1.358700 117.231003 17 1
-2.245000 -1.363900 117.130898 0 0
-2.661267 -1.325600 117.127500 17 1
-1.936300 -1.077150 117.400675 11 1
-2.695700 -1.266300 116.811302 16 1
-2.584000 -1.353100 117.203796 17 1
-2.052700 -1.156100 117.495796 11 1
-2.142300 -1.320500 117.419296 11 1
-2.242200 -1.365875 116.831324 0 0
-2.235600 -1.366267 116.762299 14 1
-2.626700 -1.364750 117.141197 17 1
-2.126450 -1.392150 116.829750 14 1
-2.416900 -1.362400 117.258400 17 1
-2.636200 -1.268800 116.893799 16 1
-2.200600 -1.331900 117.327202 11 1
-2.454300 -1.301850 116.997650 16 1
-2.681000 -1.241700 116.774300 16 1
-2.171700 -1.290500 117.441902 11 1
-2.363511 -1.366033 116.512599 13 1
-2.208400 -1.366600 116.782997 14 1
-2.255600 -1.328800 117.112701 17 1
-1.961700 -1.037800 116.794701 15 1
-2.001467 -1.186600 117.091034 15 1
-1.941100 -1.116850 116.944648 15 1
-2.264600 -1.364850 117.046449 17 1
-2.280250 -1.377100 116.647549 13 1
-2.683700 -1.278700 116.801903 16 1
-2.668733 -1.332133 117.089800 17 1
-2.691200 -1.226900 116.668503 16 1
-1.941450 -1.101050 117.421150 11 1
-2.552858 -1.360117 117.226259 17 1
-2.196571 -1.381300 117.004970 15 1
-2.001500 -1.132000 117.464600 11 1
-2.661150 -1.272900 116.855598 16 1
-1.952500 -1.075150 116.879547 15 1
-2.256350 -1.356900 116.987247 0 0
-2.239900 -1.361600 117.243896 11 1
-2.313700 -1.527100 116.499473 12 1
-2.279425 -1.338762 116.882063 16 1
-2.208350 -1.303050 117.385502 11 1
-2.215400 -1.311600 117.373199 11 1
-2.269343 -1.335629 117.148285 17 1
-1.952400 -1.062700 117.350399 11 1
-2.241550 -1.358700 116.983548 0 0
-2.217233 -1.375367 116.780632 14 1
-2.235967 -1.354100 117.269134 11 1
-1.962133 -1.182767 117.046634 15 1
-2.241400 -1.357000 116.878304 0 0
-2.638100 -1.269600 116.873501 16 1
-2.183800 -1.291250 117.431400 11 1
-2.232033 -1.386983 116.782134 14 1
-2.250900 -1.369600 116.672401 0 0
-1.957300 -1.096767 116.977267 15 1
-2.262800 -1.342500 117.102097 17 1
-2.386500 -1.353900 116.967796 16 1
-2.375950 -1.329500 116.960148 16 1
-2.740900 -1.337300 116.911301 17 1
-2.257667 -1.368900 116.955501 0 0
-2.131050 -1.326650 117.443298 11 1
-1.948050 -1.095750 116.911900 15 1
-1.937000 -1.106600 117.441704 11 1
-2.254600 -1.377200 116.593597 0 0
-2.593200 -1.271500 116.939499 16 1
-2.264467 -1.366567 116.813100 0 0
-2.249950 -1.354600 117.243748 11 1
-2.279150 -1.332400 116.873352 16 1
-1.989950 -1.112500 117.466099 11 1
-2.256700 -1.367950 116.596600 0 0
-2.270900 -1.369200 116.573160 0 0
-1.961700 -1.196400 117.065300 15 1
-2.264100 -1.371200 116.656700 13 1
-2.000700 -1.102300 117.468102 11 1
-2.111550 -1.369850 116.829750 14 1
-2.377400 -1.375100 117.243599 17 1
-1.946750 -1.107100 116.921002 15 1
-2.249967 -1.354000 116.540133 0 0
-2.215450 -1.308700 117.351146 11 1
-2.095100 -1.348500 116.831952 14 1
-1.982600 -1.176675 117.070400 15 1
-2.156933 -1.252267 117.460200 11 1
-1.958650 -1.115800 117.430950 11 1
-2.067500 -1.219500 117.114098 15 1
-1.958300 -1.070700 116.931396 15 1
-2.216833 -1.341600 117.295766 11 1
-2.252650 -1.377750 116.761923 0 0
-2.242300 -1.388900 117.100899 0 0
-2.370925 -1.358950 117.229824 17 1
-2.270667 -1.370667 116.861402 16 1
-2.194140 -1.369280 116.789500 14 1
-2.253933 -1.386433 116.860199 16 1
-2.250300 -1.371950 116.656849 0 0
-2.691600 -1.297400 117.024300 17 1
-2.339250 -1.339050 116.565854 13 1
-1.956700 -1.085700 116.945999 15 1
-2.646191 -1.260355 116.881719 16 1
-2.262586 -1.368879 117.022836 0 0
-2.252700 -1.356600 116.511398 0 0
-2.406300 -1.344600 116.982803 16 1
-2.163250 -1.291700 117.055199 15 1
-2.233700 -1.394400 116.774498 14 1
-2.621700 -1.319800 117.176201 17 1
-2.682815 -1.333195 117.067706 17 1
-1.946600 -1.106950 116.903198 15 1
-2.477200 -1.340600 116.993103 16 1
-2.231700 -1.370800 117.123802 0 0
-2.344000 -1.338500 117.212601 17 1
-1.944500 -1.071600 117.406580 11 1
-2.640500 -1.347400 117.144600 17 1
-2.304250 -1.491610 116.512391 12 1
-2.259567 -1.360933 116.771235 0 0
-2.393800 -1.354100 116.973503 16 1
-2.602400 -1.376500 117.186851 17 1
-1.991850 -1.116850 117.457500 11 1
-2.098800 -1.227200 117.493698 11 1
-2.231900 -1.371200 117.067200 0 0
-2.277150 -1.404600 116.411950 12 1
-1.956900 -1.106600 116.984398 15 1
-2.250550 -1.389450 116.764690 9 0
-2.263100 -1.366600 116.504402 0 0
-2.017500 -1.251100 117.099197 15 1
-2.000400 -1.163500 117.493797 11 1
-2.247400 -1.359300 116.998901 0 0
-2.252567 -1.357900 116.914833 0 0
-2.266400 -1.366700 116.488998 0 0
-2.279150 -1.384850 116.423050 12 1
-2.266358 -1.368692 116.707515 0 0
-2.609400 -1.370750 117.169151 17 1
-2.184367 -1.309983 117.400515 11 1
-2.232100 -1.345800 116.987900 15 1
-2.628637 -1.330631 117.149006 17 1
-2.135925 -1.392912 116.821376 14 1
-2.674800 -1.280300 116.840500 16 1
-1.942200 -1.181000 117.031750 15 1
-1.943100 -1.070700 117.381897 11 1
-2.234300 -1.368800 117.139603 0 0
-1.967500 -1.170100 117.042198 15 1
-2.680100 -1.249250 116.797848 16 1
-2.663800 -1.268000 116.831703 16 1
-2.258967 -1.356333 116.851499 0 0
-1.950200 -1.106000 117.429497 11 1
-2.205371 -1.346886 117.298729 11 1
-1.947850 -1.080550 117.421699 11 1
-2.697900 -1.272100 116.672302 16 1
-2.277660 -1.389620 116.904999 16 1
-2.231500 -1.332000 117.312698 11 1
-2.515700 -1.339900 117.249100 17 1
-1.942333 -1.152733 116.998800 15 1
-2.325933 -1.354700 117.189934 17 1
-1.939700 -1.078000 117.411903 11 1
-2.004550 -1.110850 117.467049 11 1
-2.241000 -1.376000 116.989953 0 0
-1.991950 -1.180700 117.082348 15 1
-2.436600 -1.391700 117.274498 17 1
-2.171450 -1.341350 117.357399 11 1
-2.593700 -1.365950 117.185997 17 1
-2.256200 -1.350150 117.190799 0 0
-2.185450 -1.284800 117.436199 11 1
-2.223440 -1.345000 117.278058 11 1
-2.283900 -1.369250 117.154850 17 1
-2.257700 -1.382033 116.554535 0 0
-2.218067 -1.366267 116.776632 14 1
-2.498700 -1.286200 116.991798 16 1
-2.273900 -1.398050 116.890796 16 1
-2.214450 -1.349650 117.269702 11 1
-2.269300 -1.352100 116.646797 13 1
-2.528250 -1.329850 116.979751 16 1
-2.170900 -1.323000 117.394997 11 1
-2.723600 -1.361900 116.986504 17 1
-2.383200 -1.330600 116.967400 16 1
-2.454550 -1.386650 117.274696 17 1
-2.271200 -1.366700 116.598503 0 0
-2.703760 -1.309660 117.007721 17 1
-2.709740 -1.305560 116.975200 17 1
-2.312860 -1.354047 116.626406 13 1
-2.676263 -1.234525 116.761776 16 1
-1.923550 -1.108450 117.447147 11 1
-2.210714 -1.330057 117.395275 0 0
-2.535414 -1.302650 116.969236 16 1
-1.929867 -1.111933 116.923701 15 1
-2.527050 -1.288550 116.977474 16 1
-2.136525 -1.323675 117.430801 11 1
-2.560488 -1.356612 117.215486 17 1
-2.226986 -1.370014 117.373485 0 0
-2.207929 -1.320886 117.022771 15 1
-2.252300 -1.379700 116.604897 0 0
-2.244367 -1.376100 117.001503 0 0
-2.610387 -1.269013 116.911500 16 1
-2.043600 -1.174500 117.478302 11 1
-2.257500 -1.341800 117.265701 11 1
-1.947350 -1.070600 116.851700 15 1
-2.289600 -1.352800 117.149200 17 1
-2.332150 -1.329700 116.938050 16 1
-2.258500 -1.352000 116.503098 0 0
-2.265575 -1.347350 117.118601 17 1
-2.165000 -1.374300 116.811302 14 1
-2.270700 -1.371900 116.503502 0 0
-2.237400 -1.376900 117.236504 0 0
-2.239500 -1.360300 117.075699 0 0
-2.173000 -1.337100 117.369797 11 1
-2.352700 -1.338600 116.950450 16 1
-2.281040 -1.363240 116.869620 16 1
-2.047500 -1.209400 117.101601 15 1
-2.683400 -1.351700 117.044800 17 1
-2.401000 -1.391800 117.267502 17 1
-1.959600 -1.071100 116.860298 15 1
-1.945567 -1.142033 116.986699 15 1
-1.914850 -1.092100 117.415550 11 1
-2.668300 -1.244700 116.810997 16 1
-2.612800 -1.365400 117.175000 17 1
-2.196640 -1.308700 117.401099 11 1
-2.259500 -1.359900 116.737750 0 0
-2.261214 -1.363029 116.824514 0 0
-2.631600 -1.342000 117.152500 17 1
-2.463550 -1.321317 117.274950 17 1
-2.585100 -1.301900 116.943199 16 1
-2.675000 -1.236300 116.791298 16 1
-2.243250 -1.395050 116.776047 14 1
-2.637700 -1.311800 117.152802 17 1
-2.205400 -1.320000 117.376198 11 1
-2.206700 -1.378600 117.293900 0 0
-2.216860 -1.387170 117.286610 0 0
-2.231400 -1.367500 117.240601 11 1
-1.934600 -1.155400 116.987900 15 1
-1.968200 -1.208800 117.071602 15 1
-1.985100 -1.190500 117.072098 15 1
-2.248400 -1.364400 117.204597 0 0
-2.131400 -1.306100 117.458397 11 1
-2.357500 -1.371450 116.431999 13 1
-2.662350 -1.275433 116.840333 16 1
-2.426000 -1.303900 116.995796 16 1
-2.614300 -1.262833 116.906199 16 1
-2.610600 -1.264000 116.923897 16 1
-2.734800 -1.326100 116.918999 17 1
-1.974800 -1.171200 117.058403 15 1
-2.195300 -1.335800 117.347900 11 1
-2.244380 -1.346760 116.965579 0 0
-2.222700 -1.351850 117.368702 0 0
-2.139100 -1.314133 117.446134 11 1
-2.240000 -1.366700 117.221001 0 0
-2.225100 -1.361800 117.249702 11 1
-1.959167 -1.084533 117.427434 11 1
-2.604100 -1.260900 116.932899 16 1
-2.607800 -1.249000 116.925903 16 1
-2.112167 -1.252633 117.479301 11 1
-2.148750 -1.267150 117.463100 11 1
-1.971167 -1.179367 117.047333 15 1
-2.624860 -1.333180 117.156822 17 1
-2.214950 -1.334250 117.323597 11 1
-2.377200 -1.338800 116.445503 13 1
-2.195000 -1.393400 116.799698 14 1
-2.596056 -1.342139 117.185099 17 1
-1.956000 -1.132000 116.978401 15 1
-1.934000 -1.117400 116.917503 15 1
-2.220589 -1.306244 117.340754 11 1
-2.243525 -1.362800 116.845323 0 0
-1.941875 -1.087550 117.436649 11 1
-2.253450 -1.396900 116.416748 12 1
-2.695200 -1.238500 116.749700 16 1
-2.695500 -1.238467 116.713699 16 1
-2.016100 -1.110800 117.478699 11 1
-2.280800 -1.366950 116.900299 16 1
-2.232967 -1.344000 117.418602 0 0
-2.238900 -1.362350 117.175499 0 0
-2.219800 -1.341900 117.312599 11 1
-2.148350 -1.330850 117.380299 11 1
-2.693633 -1.354767 117.031967 17 1
-2.142000 -1.331300 117.413498 11 1
-2.244400 -1.384500 116.972504 0 0
-2.038300 -1.330900 116.846199 14 1
-2.222200 -1.310900 117.363800 11 1
-2.568468 -1.377842 117.223563 17 1
-2.192000 -1.310000 117.413597 11 1
-2.245800 -1.364000 116.944298 0 0
-2.378600 -1.360700 117.237602 17 1
-2.272200 -1.366350 116.446350 12 1
-1.982900 -1.155600 117.059133 15 1
-1.964650 -1.152175 117.026074 15 1
-2.255000 -1.367900 116.619003 0 0
-2.672133 -1.230767 116.806501 16 1
-2.014400 -1.204900 117.092400 15 1
-2.679150 -1.234000 116.774000 16 1
-2.059900 -1.347700 116.838303 14 1
-2.269550 -1.370900 116.528251 0 0
-2.211500 -1.318400 117.360703 11 1
-2.258900 -1.336233 117.299967 11 1
-2.675962 -1.322985 117.094407 17 1
-2.696250 -1.234000 116.699298 16 1
-2.261000 -1.364100 116.605103 0 0
-2.236200 -1.319600 117.326301 11 1
-2.581467 -1.344867 117.197832 17 1
-2.646220 -1.336800 117.121890 17 1
-1.976100 -1.217000 117.078201 15 1
-2.681900 -1.229800 116.677803 16 1
-2.252600 -1.374300 117.042702 0 0
-2.188400 -1.295700 117.424004 11 1
-2.208467 -1.327067 117.347135 11 1
-2.342300 -1.374300 117.212097 17 1
-2.700500 -1.232700 116.708000 16 1
-2.279200 -1.361100 116.886299 16 1
-2.240200 -1.348700 116.951897 0 0
-2.652673 -1.338353 117.112780 17 1
-2.060500 -1.155500 117.491302 11 1
-1.944650 -1.076550 117.394852 11 1
-1.949833 -1.067800 117.415601 11 1
-2.260667 -1.369633 117.005399 0 0
-2.518900 -1.343500 116.985397 16 1
-2.329500 -1.374600 117.205002 17 1
-2.683500 -1.274700 116.827202 16 1
-2.232100 -1.346200 117.387299 0 0
-2.222200 -1.328700 117.008797 15 1
-2.589500 -1.257800 116.956299 16 1
-2.370800 -1.321600 116.947998 16 1
-1.955800 -1.109200 116.969597 15 1
-2.265514 -1.369271 116.848386 9 0
-2.630300 -1.260400 116.910004 16 1
-1.953200 -1.084600 117.434502 11 1
-2.689400 -1.243300 116.746803 16 1
-2.178400 -1.280750 117.442753 11 1
-2.248900 -1.372200 116.690399 0 0
-2.259200 -1.380500 116.500702 0 0
-2.218900 -1.375200 117.381699 0 0
-2.256827 -1.377555 116.851837 0 0
-2.689200 -1.317900 117.065697 17 1
-1.981800 -1.099500 117.463203 11 1
-1.966400 -1.096133 117.444901 11 1
-2.033600 -1.141200 117.502399 11 1
-2.566200 -1.342800 117.212601 17 1
-1.965750 -1.119650 117.467553 11 1
-2.685000 -1.261750 116.781852 16 1
-2.704550 -1.302750 116.992901 17 1
-1.961800 -1.059600 116.848701 15 1
-2.398050 -1.347700 116.978699 16 1
-2.048100 -1.220000 117.105003 15 1
-2.682267 -1.272633 116.794334 16 1
-2.256000 -1.362500 116.725799 0 0
-2.274129 -1.371214 117.148844 17 1
-1.947167 -1.085900 116.888066 15 1
-2.419300 -1.309800 116.989304 16 1
-2.653300 -1.251533 116.882200 16 1
-2.456900 -1.347300 116.988502 16 1
-2.133400 -1.273000 117.463799 11 1
-1.967400 -1.074300 117.422699 11 1
-1.919700 -1.082000 117.323898 11 1
-2.716800 -1.352600 116.986603 17 1
-2.259800 -1.342900 117.205700 0 0
-2.148000 -1.289900 117.056702 15 1
-2.258500 -1.398500 116.505600 0 0
-1.952350 -1.070600 116.948300 15 1
-2.071500 -1.166800 117.504097 11 1
-2.118500 -1.367550 116.825649 14 1
-2.199800 -1.373600 117.326698 0 0
-2.434700 -1.309100 116.995201 16 1
-2.672200 -1.320700 117.112602 17 1
-2.274875 -1.369000 116.869549 16 1
-2.203050 -1.334925 117.016977 15 1
-2.428133 -1.381100 117.265467 17 1
-1.956550 -1.079150 116.929950 15 1
-2.692400 -1.324900 117.069553 17 1
-2.266100 -1.370500 116.518997 0 0
-2.268620 -1.371080 116.554399 0 0
-2.236425 -1.374775 117.182026 0 0
-2.273600 -1.342550 116.867699 16 1
-2.535450 -1.346000 117.237049 17 1
-2.683400 -1.244500 116.683403 16 1
-1.995075 -1.114450 117.481448 11 1
-2.178900 -1.322900 117.043335 15 1
-2.348100 -1.369500 116.577698 13 1
-1.946200 -1.159000 117.472702 11 1
-2.243600 -1.325600 117.430897 0 0
-2.565200 -1.270150 116.963250 16 1
-2.644662 -1.350375 117.113350 17 1
-2.250380 -1.374760 117.025780 0 0
-2.261350 -1.351100 117.130650 17 1
-1.951000 -1.099200 116.938848 15 1
-1.923300 -1.142100 117.444801 11 1
-2.148675 -1.276100 117.458376 11 1
-2.700360 -1.336200 117.028859 17 1
-2.282400 -1.364300 116.456703 12 1
-2.162550 -1.401550 116.800849 14 1
-2.225633 -1.371567 117.307999 0 0
-2.220150 -1.352000 117.260552 11 1
-2.004600 -1.143800 117.469902 11 1
-2.636645 -1.366064 117.130372 17 1
-2.684400 -1.228950 116.749500 16 1
-2.250900 -1.364100 116.746399 0 0
-2.178442 -1.326933 117.370834 11 1
-2.699233 -1.241733 116.680967 16 1
-2.003400 -1.193300 117.084999 15 1
-2.267100 -1.341700 117.254997 11 1
-2.259400 -1.357540 116.485422 0 0
-2.701550 -1.316100 117.020752 17 1
-2.628400 -1.320200 117.166199 17 1
-2.536200 -1.385100 117.245503 17 1
-2.650700 -1.336100 117.131104 17 1
-2.668571 -1.341214 117.074386 17 1
-2.693500 -1.236500 116.678497 16 1
-1.935650 -1.111900 116.905250 15 1
-2.234950 -1.362050 117.211998 5 0
-2.003100 -1.173300 117.487000 11 1
-2.025067 -1.213533 117.098267 15 1
-2.658627 -1.248791 116.845474 16 1
-2.473540 -1.327280 117.269760 17 1
-2.227800 -1.342500 117.405800 0 0
-2.698900 -1.315500 117.033203 17 1
-2.349675 -1.378400 116.936527 16 1
-1.927600 -1.087500 117.395897 11 1
-2.019600 -1.330100 116.845001 14 1
-2.390900 -1.366400 117.243450 17 1
-2.199750 -1.327125 117.358574 11 1
-2.072925 -1.258375 117.103949 15 1
-2.410600 -1.378000 117.258202 17 1
-2.334850 -1.363550 117.202074 17 1
-2.264300 -1.352000 116.524902 0 0
-1.949850 -1.170025 117.016874 15 1
-2.522350 -1.304450 116.976601 16 1
-2.019000 -1.338600 116.835503 14 1
-2.094500 -1.329200 117.075600 15 1
-2.275750 -1.378950 116.501648 12 1
-2.265683 -1.366217 116.780048 0 0
-2.248550 -1.376000 116.907852 0 0
-2.194100 -1.379825 116.794977 14 1
-2.497200 -1.326767 116.987732 16 1
-2.660000 -1.352600 117.090599 17 1
-2.253200 -1.390550 117.136848 0 0
-2.259000 -1.357533 117.055867 5 0
-2.188600 -1.374400 117.023548 15 1
-2.260550 -1.340600 117.121849 17 1
-2.654986 -1.370614 117.113043 17 1
-2.244878 -1.351122 116.765255 14 1
-1.975750 -1.123150 117.447452 11 1
-2.011800 -1.195000 117.095398 15 1
-2.202100 -1.362000 117.003098 15 1
-2.175200 -1.396117 116.803500 14 1
-2.251100 -1.365900 117.164703 0 0
-1.931200 -1.073300 117.382896 11 1
-2.217650 -1.338350 116.986401 15 1
-2.240500 -1.367900 117.076599 0 0
-2.518100 -1.317960 116.978781 16 1
-2.266400 -1.326200 117.141899 17 1
-2.028100 -1.235400 117.100601 15 1
-1.968100 -1.047300 116.797302 15 1
-2.208500 -1.328100 117.357300 11 1
-2.712533 -1.313133 116.975665 17 1
-2.056600 -1.161850 117.507698 11 1
-2.155600 -1.301500 117.057098 15 1
-2.036900 -1.164300 117.487000 11 1
-2.202925 -1.341762 117.325714 11 1
-2.688150 -1.251450 116.712452 16 1
-2.589800 -1.325400 117.219902 17 1
-2.013933 -1.153333 117.493563 11 1
-1.932275 -1.081150 117.409426 11 1
-2.722100 -1.322500 116.995300 17 1
-2.260700 -1.361400 117.013496 0 0
-2.564800 -1.278800 116.962502 16 1
-2.367183 -1.363700 116.494898 13 1
-2.232300 -1.359600 116.772899 14 1
-1.947400 -1.101633 116.959767 15 1
-2.556000 -1.291522 116.959379 16 1
-2.679487 -1.332400 117.079673 17 1
-2.361200 -1.372350 116.542150 13 1
-1.951800 -1.074800 116.899150 15 1
-2.252950 -1.391900 116.448951 0 0
-1.998650 -1.143700 117.458099 11 1
-2.261000 -1.377500 116.684502 0 0
-2.004267 -1.170967 117.081764 15 1
-2.149900 -1.312700 117.421997 11 1
-2.481380 -1.386860 117.271599 17 1
-2.708600 -1.239200 116.720200 16 1
-2.256825 -1.362825 116.687149 0 0
-2.261400 -1.380100 116.509903 0 0
-2.120600 -1.296800 117.469597 11 1
-2.238460 -1.344560 117.286418 11 1
-2.001500 -1.127200 117.471802 11 1
-2.343017 -1.355850 116.575683 13 1
-2.003100 -1.138500 117.475700 11 1
-2.244350 -1.371350 116.462250 0 0
-2.178425 -1.270550 117.451628 11 1
-2.309650 -1.458850 116.513699 12 1
-2.223400 -1.356333 116.780299 14 1
-2.220425 -1.365625 117.278223 11 1
-2.484000 -1.325300 116.992500 16 1
-1.965250 -1.088950 117.434151 11 1
-2.372900 -1.341217 116.431834 13 1
-2.285350 -1.330100 116.887650 16 1
-2.251250 -1.393450 116.432548 0 0
-1.947600 -1.114100 116.927250 15 1
-2.676320 -1.264220 116.836621 16 1
-2.247250 -1.354850 116.930100 0 0
-1.928600 -1.097500 117.436199 11 1
-2.696600 -1.342000 117.004997 17 1
-2.246900 -1.359850 117.187050 0 0
-1.909467 -1.075833 117.367266 11 1
-2.264743 -1.340957 117.268729 11 1
-2.667800 -1.259833 116.851133 16 1
-2.343500 -1.360100 116.583199 13 1
-2.216600 -1.323000 117.341904 11 1
-1.948900 -1.113300 116.952904 15 1
-1.952300 -1.081200 116.865997 15 1
-2.270033 -1.328800 117.302399 11 1
-2.244200 -1.368500 117.035500 0 0
-2.243800 -1.366200 116.955101 0 0
-2.227600 -1.311500 117.428299 0 0
-1.957600 -1.126600 116.997902 15 1
-2.571520 -1.315900 116.962280 16 1
-2.719700 -1.329550 116.986397 17 1
-2.223400 -1.328700 117.411102 0 0
-2.256583 -1.368583 116.912025 0 0
-2.313100 -1.369967 117.196302 17 1
-1.933300 -1.071600 117.361675 11 1
-2.246700 -1.356900 117.070602 0 0
-2.253100 -1.367000 116.663200 0 0
-2.236100 -1.350200 116.551350 0 0
-1.982900 -1.082800 117.436996 11 1
-2.641600 -1.252967 116.882268 16 1
-2.666350 -1.359700 117.086300 17 1
-2.268250 -1.361000 116.503898 0 0
-2.653300 -1.240800 116.872498 16 1
-2.258100 -1.367300 116.458298 0 0
-2.614250 -1.333064 117.167585 17 1
-2.376450 -1.328650 116.423351 13 1
-1.944100 -1.108900 117.444504 11 1
-2.238033 -1.357133 116.938934 0 0
-1.939300 -1.146450 116.974998 15 1
-1.921200 -1.077300 117.315498 11 1
-1.973200 -1.153700 117.041496 15 1
-2.455800 -1.347500 116.997002 16 1
-2.544900 -1.397750 117.245499 17 1
-2.304800 -1.373600 116.649399 13 1
-2.220600 -1.347900 117.297798 11 1
-2.642400 -1.258100 116.896004 16 1
-1.946600 -1.139700 117.464798 11 1
-2.233250 -1.359075 117.280874 11 1
-2.271420 -1.375540 116.458520 12 1
-2.235100 -1.362050 117.197300 0 0
-2.286180 -1.379880 116.903339 16 1
-2.691900 -1.331500 117.053398 17 1
-2.244467 -1.388033 117.112432 0 0
-1.947300 -1.094800 117.423103 11 1
-2.692100 -1.303500 117.038696 17 1
-2.719050 -1.318800 116.975849 17 1
-2.298725 -1.417125 116.509377 12 1
-2.294150 -1.403100 116.510197 12 1
-2.745000 -1.331000 116.908798 17 1
-2.263350 -1.348450 116.857098 0 0
-2.096800 -1.377700 116.829201 14 1
-1.992450 -1.176300 117.073875 15 1
-2.502545 -1.326282 117.261809 17 1
-2.632467 -1.259967 116.896833 16 1
-2.237975 -1.361225 117.286775 0 0
-2.329000 -1.356800 116.611801 13 1
-2.369200 -1.367700 116.485199 13 1
-2.186200 -1.367300 116.794197 14 1
-1.894000 -1.124400 117.369003 11 1
-2.181700 -1.325400 117.382401 11 1
-1.921100 -1.094600 117.425903 11 1
-2.216833 -1.303900 117.397598 11 1
-2.144825 -1.230850 117.472702 11 1
-1.920900 -1.126100 117.442596 11 1
-2.256300 -1.366358 116.941633 0 0
-2.244200 -1.368100 116.858398 0 0
-2.276000 -1.363500 116.633598 13 1
-2.683600 -1.343800 117.041901 17 1
-2.130633 -1.226767 117.487101 11 1
-2.710150 -1.357550 117.016503 17 1
-2.211450 -1.300000 117.406403 11 1
-2.215900 -1.338800 117.332001 11 1
-1.920600 -1.084800 117.346901 11 1
-2.372000 -1.371300 116.500900 13 1
-2.244900 -1.336400 117.310898 11 1
-2.251600 -1.371200 117.132599 0 0
-2.679700 -1.269200 116.823700 16 1
-2.338525 -1.344650 116.576075 13 1
-2.562320 -1.324300 117.238380 17 1
-2.509733 -1.369000 117.254799 17 1
-2.242000 -1.361900 117.091797 0 0
-2.228300 -1.352000 116.936699 0 0
-2.328100 -1.336200 116.608002 13 1
-1.975500 -1.072350 117.434200 11 1
-1.950333 -1.120000 116.956635 15 1
-2.181333 -1.308233 117.048500 15 1
-1.939250 -1.105950 116.908199 15 1
-2.170150 -1.326750 117.383202 11 1
-2.571408 -1.297150 116.948275 16 1
-1.948400 -1.150300 116.987251 15 1
-2.649912 -1.324353 117.133930 17 1
-2.224700 -1.374300 116.975998 0 0
-2.006500 -1.259700 117.097000 15 1
-2.701500 -1.349500 117.019897 17 1
-2.653600 -1.244800 116.851196 16 1
-2.352600 -1.350700 117.211201 17 1
-1.990900 -1.087200 117.445000 11 1
-2.616000 -1.260700 116.919502 16 1
-2.369000 -1.345000 117.229797 17 1
-2.249550 -1.354750 116.974800 0 0
-1.948600 -1.093700 116.926899 15 1
-2.670900 -1.270480 116.833861 16 1
-2.255200 -1.342200 117.220200 0 0
-2.205050 -1.316883 117.364750 11 1
-2.218500 -1.368000 117.326401 0 0
-1.947200 -1.065000 117.379204 11 1
-2.335700 -1.365200 116.593697 13 1
-2.268000 -1.389000 116.415497 12 1
-1.944433 -1.169800 117.007467 15 1
-1.965750 -1.074950 117.434551 11 1
-2.174900 -1.310300 117.391899 11 1
-2.706981 -1.326788 116.992700 17 1
-1.990800 -1.162400 117.488403 11 1
-2.239000 -1.353300 116.897598 0 0
-2.238950 -1.377600 116.759701 14 1
-2.672925 -1.270225 116.842325 16 1
-2.236600 -1.391600 116.982300 0 0
-2.238889 -1.370833 117.397879 0 0
-1.909200 -1.072600 117.344002 11 1
-2.235650 -1.356600 116.873497 0 0
-2.650600 -1.350450 117.101948 17 1
-2.684950 -1.237425 116.740726 16 1
-1.916700 -1.091500 117.390099 11 1
-2.297400 -1.393500 116.505203 12 1
-1.977250 -1.138300 117.480999 11 1
-2.235700 -1.375250 117.103901 0 0
-2.063600 -1.338700 116.841152 14 1
-2.178900 -1.308800 117.405998 11 1
-2.012600 -1.181800 117.090599 15 1
-2.684333 -1.237667 116.716466 16 1
-2.285800 -1.333733 116.902400 16 1
-2.379600 -1.345327 116.501036 13 1
-2.178262 -1.296750 117.053000 15 1
-2.204400 -1.383200 117.319702 0 0
-2.279560 -1.364820 117.121982 17 1
-2.304000 -1.353167 117.172900 17 1
-2.268600 -1.383667 116.870201 16 1
-1.988925 -1.126250 117.479124 11 1
-2.200325 -1.328050 117.025774 15 1
-1.962150 -1.071400 117.415550 11 1
-2.226757 -1.386414 117.262900 0 0
-2.529779 -1.362921 117.244736 17 1
-2.634600 -1.333842 117.137292 17 1
-2.224325 -1.372675 117.253700 11 1
-2.113450 -1.240300 117.488403 11 1
-2.256500 -1.382600 116.571999 0 0
-2.369775 -1.380675 116.536501 13 1
-2.234520 -1.317920 117.428360 0 0
-1.921600 -1.087900 117.375702 11 1
-2.303750 -1.363100 116.638847 13 1
-2.490700 -1.340400 116.993301 16 1
-2.166700 -1.311000 117.046898 15 1
-2.280200 -1.378400 116.469597 12 1
-2.189500 -1.369500 117.332100 0 0
-2.251800 -1.379700 117.231102 0 0
-2.272800 -1.346500 117.120300 17 1
-2.220500 -1.339833 117.398364 0 0
-2.353500 -1.338200 116.541199 13 1
-2.674725 -1.348050 117.062050 17 1
-2.722800 -1.317450 116.944500 17 1
-2.253650 -1.348750 117.232201 11 1
-2.614386 -1.362543 117.155041 17 1
-2.556900 -1.353100 117.228203 17 1
-2.253933 -1.368667 116.647034 0 0
-2.144267 -1.395100 116.814634 14 1
-2.294400 -1.362300 117.176201 17 1
-2.670350 -1.335850 117.097752 17 1
-2.082633 -1.389800 116.827666 14 1
-2.241900 -1.361900 117.106697 0 0
-2.714967 -1.350967 116.995766 17 1
-2.238050 -1.361175 117.275049 11 1
-2.217867 -1.351200 117.277934 11 1
-2.264533 -1.366900 116.669299 0 0
-2.271643 -1.369657 117.136357 17 1
-2.658100 -1.237880 116.843240 16 1
-2.192800 -1.337400 117.027802 15 1
-1.940900 -1.086100 116.872803 15 1
-2.688622 -1.224267 116.716633 16 1
-2.273400 -1.348800 116.656998 13 1
-1.950725 -1.068850 116.917999 15 1
-2.245500 -1.364300 117.145699 0 0
-2.189400 -1.364000 117.341301 0 0
-1.961300 -1.037600 116.808502 15 1
-1.927000 -1.078700 117.391750 11 1
-2.306386 -1.353814 116.635458 13 1
-2.241720 -1.359100 117.403400 0 0
-2.041100 -1.157800 117.485901 11 1
-1.967600 -1.061150 116.821850 15 1
-2.599300 -1.282300 116.931396 16 1
-2.171800 -1.350400 117.353897 11 1
-2.692500 -1.225000 116.740303 16 1
-2.267000 -1.389200 116.431602 12 1
-2.614400 -1.275700 116.912697 16 1
-2.208300 -1.310000 117.416496 11 1
-1.922000 -1.098400 117.413002 11 1
-2.239520 -1.369960 117.310860 0 0
-2.641267 -1.334600 117.133298 17 1
-2.230000 -1.355800 116.922401 0 0
-2.553533 -1.331733 116.968834 16 1
-2.062500 -1.143100 117.498703 11 1
-2.361900 -1.376700 116.452400 13 1
-2.052600 -1.243600 117.105003 15 1
-2.006700 -1.118100 117.472733 11 1
-2.191000 -1.328100 117.039699 15 1
-2.725900 -1.340600 116.964798 17 1
-2.212900 -1.356600 117.290802 11 1
-2.028500 -1.150700 117.483398 11 1
-2.223580 -1.337020 117.307402 11 1
-2.259300 -1.380067 116.740534 0 0
-2.271500 -1.357900 116.863701 16 1
-2.172800 -1.370900 116.804599 14 1
-1.948800 -1.187400 117.039299 15 1
-2.699100 -1.319600 117.046799 17 1
-2.663700 -1.253600 116.836601 16 1
-1.948600 -1.153800 117.013252 15 1
-2.042900 -1.389450 116.838848 14 1
-2.266475 -1.360025 117.094852 17 1
-1.907700 -1.073233 117.358869 11 1
-2.265000 -1.348650 117.109773 17 1
-2.592662 -1.339319 117.191082 17 1
-2.252000 -1.376400 116.979301 0 0
-2.202233 -1.308500 117.385564 11 1
-2.382850 -1.366662 117.238687 17 1
-2.059900 -1.368200 116.832603 14 1
-2.262975 -1.372575 116.740937 0 0
-1.934600 -1.119900 117.456902 11 1
-2.261200 -1.405400 116.496201 0 0
-1.985550 -1.152350 117.485653 11 1
-2.342400 -1.352600 116.582298 13 1
-2.267433 -1.332567 117.127764 17 1
-2.238300 -1.362150 117.229599 11 1
-2.136720 -1.281280 117.070740 15 1
-2.255840 -1.357260 116.731601 0 0
-1.953400 -1.109300 117.460503 11 1
-2.279167 -1.368867 116.645101 13 1
-2.282200 -1.344600 117.154198 17 1
-2.614333 -1.349767 117.155566 17 1
-2.662182 -1.320936 117.115602 17 1
-2.239700 -1.337800 117.283096 11 1
-2.412100 -1.317600 116.986298 16 1
-2.245433 -1.355233 116.945231 0 0
-2.257500 -1.364200 117.183800 0 0
-2.263257 -1.362400 116.714029 0 0
-2.364100 -1.366050 116.465000 13 1
-2.056200 -1.173433 117.504799 11 1
-2.265317 -1.398867 116.500718 0 0
-2.251233 -1.376100 116.963066 0 0
-1.958600 -1.134400 116.990799 15 1
-1.931900 -1.091400 117.418900 11 1
-2.194157 -1.368543 117.016958 15 1
-2.271500 -1.389375 116.444252 12 1
-2.619142 -1.341746 117.154708 17 1
-2.456100 -1.292300 117.001503 16 1
-2.259240 -1.377870 116.659600 3 0
-2.732150 -1.330875 116.938401 17 1
-2.708000 -1.344000 117.002701 17 1
-2.257600 -1.395600 116.871399 0 0
-2.640242 -1.347600 117.121563 17 1
-2.273625 -1.376950 116.447397 12 1
-2.355450 -1.324600 116.944500 16 1
-1.962900 -1.076900 117.427925 11 1
-2.619000 -1.367200 117.166199 17 1
-1.960000 -1.100500 117.429199 11 1
-1.951700 -1.145700 117.001198 15 1
-1.955250 -1.141400 116.992852 15 1
-1.952700 -1.104150 116.977551 15 1
-2.624850 -1.344600 117.145394 17 1
-2.019800 -1.140900 117.478104 11 1
-2.256433 -1.382000 116.701668 0 0
-2.216700 -1.315000 117.354748 11 1
-2.216200 -1.354500 116.786499 14 1
-2.259075 -1.353450 117.089573 17 1
-2.227400 -1.334100 117.322700 11 1
-2.511400 -1.344900 117.256104 17 1
-1.977100 -1.108550 117.442848 11 1
-2.683000 -1.237500 116.689850 16 1
-2.694817 -1.332225 117.019500 17 1
-2.265450 -1.380950 116.636249 13 1
-2.244000 -1.364600 116.488297 0 0
-2.120933 -1.251000 117.480700 11 1
-2.301800 -1.369800 116.907600 16 1
-2.262500 -1.357400 117.108200 17 1
-1.993600 -1.100000 117.462700 11 1
-2.630927 -1.350859 117.133340 17 1
-2.489900 -1.295850 116.991898 16 1
-2.420400 -1.344650 116.989148 16 1
-2.496200 -1.311500 117.271400 17 1
-2.261833 -1.373733 116.788567 0 0
-2.525600 -1.346500 117.249397 17 1
-2.088767 -1.362800 116.831201 14 1
-1.948200 -1.082200 116.859497 15 1
-2.262200 -1.364060 116.650841 13 1
-2.691000 -1.243950 116.704151 16 1
-2.521600 -1.335200 117.253304 17 1
-1.966200 -1.131650 117.037350 15 1
-2.689100 -1.231671 116.699071 16 1
-2.394633 -1.332467 116.978599 16 1
-2.540600 -1.332180 116.973761 16 1
-2.362200 -1.357840 116.507161 13 1
-1.944975 -1.110175 116.932850 15 1
-2.295750 -1.366000 117.136448 17 1
-2.268433 -1.366283 116.581634 0 0
-2.646650 -1.266250 116.857800 16 1
-1.998400 -1.107300 117.476700 11 1
-2.196633 -1.314767 117.382732 11 1
-2.250967 -1.375300 117.014000 0 0
-2.186300 -1.329633 117.361303 11 1
-1.938650 -1.096250 117.403549 11 1
-2.361350 -1.362950 116.431449 13 1
-2.227800 -1.351700 116.987396 15 1
-2.321400 -1.342675 116.614025 13 1
-2.493482 -1.381091 117.263109 17 1
-2.214350 -1.371400 117.285698 0 0
-2.616800 -1.311000 116.933296 16 1
-1.954400 -1.154000 117.007603 15 1
-2.174400 -1.314800 117.407501 11 1
-2.237500 -1.368900 117.158302 0 0
-2.417800 -1.326600 116.987900 16 1
-2.256000 -1.365200 117.158352 0 0
-2.653467 -1.256833 116.875435 16 1
-1.952300 -1.097700 117.441803 11 1
-2.054300 -1.391400 116.835701 14 1
-2.091900 -1.242925 117.491348 11 1
-2.281700 -1.367000 117.193604 0 0
-2.169600 -1.355800 117.348999 0 0
-2.672950 -1.353420 117.067485 17 1
-2.241450 -1.370475 117.277698 0 0
-2.209800 -1.322000 117.035004 15 1
-2.266900 -1.351500 116.862701 16 1
-2.235500 -1.348333 116.980433 15 1
-2.271200 -1.373100 117.180496 0 0
-2.344400 -1.373800 116.938599 16 1
-2.202600 -1.389329 116.994971 15 1
-2.231600 -1.374300 117.256401 0 0
-2.193800 -1.323000 117.382401 11 1
-2.554600 -1.279500 116.968002 16 1
-1.979500 -1.129400 117.447098 11 1
-2.252300 -1.374233 117.052531 0 0
-2.236800 -1.365500 116.873100 0 0
-1.917400 -1.085100 117.400200 11 1
-2.148600 -1.329225 117.388174 11 1
-2.192600 -1.345100 117.017700 15 1
-2.272050 -1.336600 117.133698 17 1
-2.177300 -1.273600 117.445099 11 1
-2.690725 -1.268050 116.764900 16 1
-2.667900 -1.327193 117.118740 17 1
-2.210300 -1.358400 116.789001 14 1
-1.984200 -1.105900 117.471397 11 1
-2.603333 -1.335467 117.187001 17 1
-2.268300 -1.377837 116.596737 0 0
-2.159667 -1.350933 117.361865 0 0
-2.306200 -1.402900 116.510101 12 1
-1.939550 -1.096500 116.915402 15 1
-2.135000 -1.274500 117.072800 15 1
-2.190780 -1.321560 117.370660 11 1
-2.607740 -1.304840 116.929001 16 1
-2.091050 -1.230850 117.495724 11 1
-1.961350 -1.037450 116.768150 15 1
-2.674450 -1.258825 116.815926 16 1
-2.043867 -1.152917 117.500300 11 1
-2.269350 -1.365350 116.641602 13 1
-2.249625 -1.360650 117.247774 11 1
-2.250600 -1.389300 116.852898 0 0
-2.191800 -1.362100 117.328102 11 1
-2.727300 -1.328600 116.943703 17 1
-2.247750 -1.371200 117.238700 0 0
-2.231050 -1.370300 117.277600 0 0
-1.952233 -1.075000 116.887832 15 1
-2.299467 -1.531567 116.499931 12 1
-2.018900 -1.152850 117.475750 11 1
-2.687400 -1.244400 116.717796 16 1
-2.202200 -1.332625 117.334250 11 1
-2.545700 -1.375200 117.244301 17 1
-2.266300 -1.355800 116.632401 13 1
-2.439200 -1.356200 116.999001 16 1
-2.248800 -1.364100 117.083000 0 0
-1.951600 -1.106750 116.962750 15 1
-2.245250 -1.369250 116.750500 14 1
-2.216700 -1.322700 117.022202 15 1
-1.949150 -1.070800 117.394802 11 1
-2.162650 -1.329600 117.376400 11 1
-2.046600 -1.152700 117.493103 11 1
-2.622629 -1.327379 117.160944 17 1
-2.548360 -1.350640 117.224859 17 1
-2.207900 -1.372100 117.313599 0 0
-2.275214 -1.384000 116.884185 16 1
-2.262433 -1.362700 116.743766 0 0
-1.986400 -1.133400 117.455200 11 1
-2.081800 -1.259000 117.107002 15 1
-2.191700 -1.309000 117.395798 11 1
-2.243800 -1.364400 117.262799 0 0
-2.184220 -1.339360 117.349821 11 1
-2.197400 -1.304400 117.411400 11 1
-2.381767 -1.344767 116.491399 13 1
-1.920450 -1.076600 117.376450 11 1
-2.006950 -1.140000 117.488899 11 1
-2.143700 -1.328300 117.402603 11 1
-2.002050 -1.182450 117.082650 15 1
-2.706300 -1.245500 116.734497 16 1
-2.231800 -1.370800 117.054604 0 0
-2.255150 -1.368100 116.636200 0 0
-2.259667 -1.360400 116.699036 0 0
-2.035400 -1.260600 117.101402 15 1
-2.711665 -1.332859 116.986707 17 1
-2.665671 -1.356500 117.076942 17 1
-2.255700 -1.357280 116.999120 0 0
-2.232800 -1.368300 117.208550 0 0
-2.353350 -1.362100 116.545902 13 1
-2.271567 -1.367233 117.121399 17 1
-1.959600 -1.064850 116.873199 15 1
-2.676450 -1.233250 116.782499 16 1
-2.237700 -1.339500 117.306503 11 1
-1.971800 -1.134950 117.049049 15 1
-2.309550 -1.343100 116.626351 13 1
-2.662700 -1.241700 116.826103 16 1
-2.566500 -1.368200 117.226501 17 1
-2.715450 -1.326450 116.998902 17 1
-2.203100 -1.322700 117.369904 11 1
-2.296380 -1.366460 117.154462 17 1
-2.276783 -1.357250 116.444068 12 1
-2.334200 -1.341550 117.203350 17 1
-2.147700 -1.287850 117.445198 11 1
-2.322767 -1.360067 117.185000 17 1
-2.226825 -1.372575 117.268575 0 0
-2.251367 -1.397833 116.509501 0 0
-2.231333 -1.356567 117.359866 0 0
-2.446400 -1.363000 117.266197 17 1
-2.290700 -1.366100 117.168999 17 1
-2.253920 -1.378500 116.812921 0 0
-2.247200 -1.351400 116.478798 0 0
-2.016900 -1.127700 117.481300 11 1
-2.204000 -1.334800 117.390503 0 0
-1.960100 -1.058700 116.832703 15 1
-2.279750 -1.339200 117.160752 17 1
-2.164000 -1.313000 117.416901 11 1
-2.036300 -1.122000 117.487999 11 1
-2.228400 -1.362400 117.262199 11 1
-1.962000 -1.122600 116.989399 15 1
-1.994200 -1.084200 117.456100 11 1
-2.250800 -1.393300 116.521797 0 0
-2.395400 -1.326650 116.974403 16 1
-2.254600 -1.361750 116.497749 0 0
-1.956450 -1.069850 117.424099 11 1
-2.183900 -1.370700 117.040026 15 1
-2.364613 -1.371850 116.527325 13 1
-2.371375 -1.348975 116.515776 13 1
-2.219200 -1.379000 116.986252 0 0
-2.263100 -1.359000 117.120598 17 1
-2.261400 -1.364400 116.636002 13 1
-2.699300 -1.241200 116.700104 16 1
-2.066667 -1.237600 117.497134 11 1
-2.029300 -1.134600 117.487999 11 1
-2.170033 -1.299967 117.053734 15 1
-2.610812 -1.341964 117.166924 17 1
-2.688300 -1.223200 116.764900 16 1
-2.234800 -1.361800 117.169453 0 0
-2.259900 -1.372150 116.515346 0 0
-2.607440 -1.336540 117.173090 17 1
-2.334557 -1.350686 116.593956 13 1
-2.224200 -1.377400 117.374001 0 0
-2.263500 -1.360300 117.192299 0 0
-2.017200 -1.130700 117.487999 11 1
-2.676213 -1.258013 116.797540 16 1
-2.487850 -1.374775 117.264074 17 1
-2.205100 -1.312100 117.394149 11 1
-2.721067 -1.327450 116.956917 17 1
-2.620100 -1.253200 116.916801 16 1
-2.693433 -1.319100 117.054998 17 1
-1.959700 -1.178600 117.036797 15 1
-2.700600 -1.341400 117.013817 17 1
-2.268586 -1.362857 116.531229 0 0
-2.262189 -1.375200 116.536367 0 0
-2.286764 -1.368455 117.187847 0 0
-2.329733 -1.351667 116.600334 13 1
-2.250133 -1.374467 116.950634 0 0
-2.192800 -1.354800 117.334801 11 1
-2.220300 -1.329691 116.998590 15 1
-2.495000 -1.350000 117.261299 17 1
-2.311100 -1.524100 116.492599 12 1
-1.930400 -1.107850 117.451000 11 1
-2.310000 -1.357700 117.168404 17 1
-2.274900 -1.332900 117.323700 11 1
-2.106520 -1.248960 117.485402 11 1
-1.936350 -1.072025 117.373253 11 1
-2.664400 -1.367800 117.104401 17 1
-2.178400 -1.337300 117.360298 11 1
-1.958400 -1.091300 117.447098 11 1
-2.237300 -1.368400 117.186501 0 0
-2.167600 -1.249300 117.459999 11 1
-1.958000 -1.102400 116.970001 15 1
-2.190200 -1.313500 117.404297 11 1
-2.584070 -1.350620 117.191630 17 1
-2.332350 -1.359100 116.585532 13 1
-2.049833 -1.251967 117.101334 15 1
-2.263467 -1.381700 116.542603 0 0
-2.234300 -1.368800 117.098701 0 0
-2.623000 -1.270000 116.905998 16 1
-2.179450 -1.306250 117.396901 11 1
-2.014300 -1.100000 117.466301 11 1
-2.196800 -1.348600 117.334999 11 1
-2.683150 -1.242650 116.764950 16 1
-1.987800 -1.122700 117.456802 11 1
-2.738800 -1.332200 116.917000 17 1
-2.312800 -1.372500 117.184300 17 1
-2.250650 -1.374050 117.071026 0 0
-2.361900 -1.326300 116.950897 16 1
-2.116200 -1.259200 117.108002 15 1
-2.376050 -1.341783 116.515542 13 1
-2.142167 -1.381067 116.819044 14 1
-2.701567 -1.324133 117.010832 17 1
-1.947400 -1.177167 117.028033 15 1
-2.138300 -1.293200 117.453796 11 1
-1.986200 -1.152840 117.064819 15 1
