2.424000 -0.979900 87.411797 18 1
2.780700 -0.829800 86.307999 13 1
2.922633 -1.132433 87.038002 17 1
2.421450 -0.982250 88.018650 12 1
2.277500 -0.705000 86.532700 11 1
2.134200 -0.968500 86.968102 16 1
2.631467 -0.835800 86.816101 0 0
2.661300 -1.065850 86.548748 15 1
2.422100 -1.172450 87.702900 19 1
2.648300 -0.950000 87.138748 17 1
2.356900 -0.866450 87.693947 20 1
2.471000 -0.852000 86.302902 14 1
2.359100 -0.880600 87.139603 16 1
2.576600 -0.746100 86.547897 11 1
2.850267 -1.052533 87.286367 17 1
2.214600 -0.869600 87.527802 20 1
2.635800 -1.022500 86.744003 15 1
2.464900 -0.965000 87.825401 12 1
2.629183 -0.724833 86.363065 0 0
2.495900 -1.051400 87.574097 19 1
2.560750 -0.866800 86.990902 16 1
2.542200 -0.904100 87.285797 0 0
2.421300 -0.741600 86.610497 11 1
2.300200 -1.072600 87.473297 18 1
2.950300 -1.148800 87.199898 17 1
2.571300 -0.875600 86.426002 14 1
2.707000 -0.800300 86.476799 13 1
2.222900 -0.923300 87.084297 16 1
2.463300 -0.904400 87.592102 20 1
2.721833 -1.004200 86.866801 0 0
2.626100 -0.807400 86.672600 0 0
2.733500 -1.024000 87.218803 17 1
2.540900 -0.968150 87.472153 19 1
2.461100 -0.912200 87.062599 16 1
2.384300 -1.085800 87.621597 19 1
2.473733 -0.940800 87.707166 12 1
2.309800 -0.950050 87.436500 18 1
2.265150 -0.893150 87.630096 20 1
2.659025 -0.910525 87.031927 17 1
2.616417 -0.944050 86.818085 15 1
2.640014 -0.877657 86.917872 0 0
2.556989 -0.911111 87.178854 0 0
2.424000 -0.932200 87.918602 12 1
2.676800 -1.062400 86.653702 15 1
2.454150 -0.911450 87.340351 18 1
2.593800 -0.847100 86.557198 14 1
2.901200 -1.138625 87.287075 17 1
2.626350 -0.744150 86.461701 0 0
2.334650 -0.773050 86.575100 11 1
2.734120 -0.785360 86.383481 13 1
2.443500 -1.007100 87.504601 19 1
2.933700 -1.041300 87.065804 17 1
2.584967 -0.901733 87.088567 0 0
2.901167 -1.117867 87.128034 17 1
2.530600 -0.934800 87.381897 0 0
2.196167 -0.989233 87.029401 16 1
2.306300 -0.952200 87.135696 16 1
2.507600 -0.760200 86.601951 11 1
2.541300 -0.891600 86.338600 14 1
2.344800 -1.140200 87.680702 19 1
2.661463 -0.793750 86.551737 13 1
2.399100 -0.924000 87.645798 20 1
2.440800 -1.145000 87.599701 19 1
2.353150 -0.695200 86.593725 11 1
2.352700 -1.016800 87.449203 18 1
2.484000 -0.940300 87.521702 0 0
2.778200 -1.072400 87.265099 17 1
2.503833 -0.842133 86.384234 14 1
2.715000 -0.949100 87.176300 17 1
2.498900 -0.972900 87.323998 18 1
2.416267 -1.045800 87.565598 19 1
2.544200 -0.842700 87.207497 0 0
2.676350 -0.980550 86.791050 15 1
2.636600 -0.834600 86.741699 0 0
2.564700 -0.836800 86.488701 14 1
2.413443 -0.922486 87.116159 16 1
2.615950 -0.780050 86.605698 0 0
2.803000 -1.011400 87.232101 17 1
2.668300 -0.708450 86.305649 0 0
2.528400 -0.912500 87.034897 16 1
2.415800 -1.104200 87.684303 19 1
2.444800 -0.914200 87.766098 12 1
2.283800 -0.705900 86.462200 11 1
2.457000 -0.988000 87.944801 12 1
2.520563 -1.016400 87.518136 19 1
2.458050 -1.082550 87.624852 19 1
2.488000 -0.935800 87.435799 0 0
2.901167 -1.183333 87.235232 17 1
2.519900 -0.937850 87.229748 0 0
2.619400 -0.897500 86.977997 0 0
2.568900 -0.817400 86.641602 14 1
2.307450 -0.907100 87.679802 20 1
2.650000 -1.074700 86.485603 15 1
2.487267 -0.928544 87.646924 12 1
2.955700 -1.099400 87.104500 17 1
2.651700 -0.893450 86.827500 15 1
2.638267 -1.052000 86.606130 15 1
2.244400 -0.861750 87.581452 20 1
2.289550 -0.766000 86.534203 11 1
2.465650 -0.970450 87.886753 12 1
2.457900 -0.993800 87.363197 18 1
2.363900 -0.940000 87.149300 16 1
2.279000 -0.900500 87.122101 16 1
2.673750 -0.926900 87.087601 17 1
2.431600 -0.929200 87.860001 12 1
2.915650 -1.168650 87.154648 17 1
2.404500 -0.866300 87.657303 20 1
2.632150 -1.043800 86.689499 15 1
2.604300 -0.890767 87.034266 0 0
2.403100 -1.016500 87.371902 18 1
2.484167 -0.976633 87.475767 19 1
2.769975 -0.826075 86.365476 13 1
2.360900 -0.926700 87.688004 20 1
2.423825 -0.869200 87.101074 16 1
2.704700 -1.003800 87.171501 17 1
2.463100 -1.010650 87.556500 19 1
2.631800 -0.858467 86.866168 0 0
2.481300 -0.891400 87.297096 18 1
2.888650 -1.088300 87.269249 17 1
2.309400 -0.721800 86.574303 11 1
2.422175 -0.943800 87.370949 18 1
2.763800 -0.979300 87.212799 17 1
2.439100 -1.142900 87.653801 19 1
2.402700 -1.026300 87.429398 18 1
2.546200 -0.953900 87.304497 18 1
2.905467 -1.085700 87.056033 17 1
2.499400 -0.940950 87.281803 18 1
2.383500 -0.974867 87.445531 18 1
2.362800 -0.999400 87.401398 18 1
2.169000 -0.952600 87.005096 16 1
2.503400 -0.908514 87.559830 20 1
2.934367 -1.132933 87.247966 17 1
2.472575 -0.725050 86.614999 11 1
2.635250 -0.742400 86.411202 0 0
2.367467 -0.743533 86.603035 11 1
2.217700 -0.973600 87.072800 16 1
2.629500 -0.773000 86.503197 0 0
2.675500 -1.038800 86.715103 15 1
2.466100 -0.949400 87.568001 20 1
2.440378 -0.955756 87.980111 12 1
2.727000 -0.805300 86.430801 13 1
2.749900 -0.795800 86.330803 13 1
2.513200 -0.921800 87.326103 18 1
2.425800 -0.946000 87.800697 12 1
2.441700 -0.925100 87.672203 12 1
2.673400 -0.937800 86.820602 15 1
2.420650 -1.064850 87.652451 19 1
2.549850 -0.896750 87.225601 0 0
2.673400 -0.817500 86.508400 13 1
2.618700 -0.770800 86.557701 0 0
2.195800 -0.940700 87.044502 16 1
2.691725 -0.926450 87.140150 17 1
2.820575 -1.090650 87.283651 17 1
2.578200 -0.906100 87.136101 0 0
2.438450 -1.042100 87.607948 19 1
2.441000 -0.885700 87.633102 20 1
2.944160 -1.129780 87.145421 17 1
2.307300 -1.030800 87.451599 18 1
2.896700 -1.151400 87.200600 17 1
2.683350 -1.062400 86.596348 15 1
2.554200 -0.875000 86.380699 14 1
2.471800 -0.949100 87.362602 18 1
2.551100 -0.870000 87.036400 16 1
2.364500 -1.123700 87.641899 19 1
2.392033 -0.706767 86.617836 11 1
2.329000 -0.912400 87.125298 16 1
2.530100 -0.856700 86.419296 14 1
2.499360 -0.853680 86.338660 14 1
2.927200 -1.137300 87.096199 17 1
2.391250 -1.139100 87.700802 19 1
2.383600 -0.995900 87.998299 12 1
2.641700 -0.742600 86.318001 0 0
2.484250 -0.989950 87.522598 19 1
2.676500 -1.004400 86.753448 15 1
2.809550 -1.040850 87.266102 17 1
2.316800 -0.866700 87.665298 20 1
2.641175 -0.902250 87.070700 17 1
2.468400 -0.933800 87.909698 12 1
2.769800 -1.039400 87.238403 17 1
2.917750 -1.080050 87.097499 17 1
2.647100 -1.032800 86.643600 15 1
2.611583 -0.898967 86.813018 15 1
2.683400 -0.973400 87.149803 17 1
2.567000 -0.823800 86.599297 14 1
2.169900 -0.988600 86.979797 16 1
2.615800 -0.810200 86.713898 0 0
2.531700 -0.732500 86.581001 11 1
2.635300 -0.979300 86.782204 15 1
2.406100 -1.132200 87.630501 19 1
2.950800 -1.107300 87.196198 17 1
2.410567 -0.962033 87.892932 12 1
2.488100 -0.935500 87.478732 0 0
2.465800 -0.877000 87.083900 16 1
2.439067 -0.929367 87.727997 12 1
2.364300 -1.176200 87.685699 19 1
2.597750 -0.839750 86.516850 14 1
2.468700 -0.952600 87.786301 12 1
2.403900 -0.885700 87.132698 16 1
2.617300 -0.824500 86.776100 0 0
2.638400 -0.924300 87.108803 17 1
2.229200 -0.894700 87.563301 20 1
2.723800 -0.977600 87.203400 17 1
2.598775 -0.749075 86.513250 11 1
2.381600 -0.894900 87.675003 20 1
2.551100 -0.926050 87.252701 0 0
2.478800 -1.083900 87.590797 19 1
2.494433 -0.944400 87.394683 0 0
2.525200 -0.945900 87.443497 19 1
2.439200 -1.103700 87.652199 19 1
2.410300 -0.952100 87.949435 12 1
2.547567 -0.902367 87.002365 16 1
2.559800 -0.832000 86.527000 14 1
2.437350 -1.030700 87.535832 19 1
2.469000 -0.933300 87.868752 12 1
2.503700 -1.046500 87.535500 19 1
2.514125 -0.981125 87.499626 19 1
2.403000 -1.074967 87.589732 19 1
2.374300 -0.911667 87.122767 16 1
2.255200 -0.857900 87.618797 20 1
2.475867 -0.935233 87.610951 12 1
2.557800 -0.862400 86.459099 14 1
2.436533 -1.010100 87.392365 18 1
2.745200 -0.820000 86.394600 13 1
2.497250 -0.902050 87.058597 16 1
2.278700 -0.936800 87.111801 16 1
2.452800 -1.052800 87.570900 19 1
2.438000 -0.945150 87.336853 18 1
2.614150 -0.788050 86.642300 0 0
2.528600 -0.887300 86.303802 14 1
2.440450 -0.920600 87.620052 20 1
2.436500 -0.903000 87.092697 16 1
2.634867 -0.891117 87.010916 17 1
2.282300 -0.868100 87.652298 20 1
2.443400 -0.974500 87.857803 12 1
2.472333 -0.931267 87.748901 12 1
2.680033 -1.049267 86.521932 15 1
2.446950 -0.962650 87.920299 12 1
2.856900 -1.094100 87.285896 17 1
2.475900 -0.969700 87.440598 19 1
2.524400 -0.865000 86.362350 14 1
2.604900 -0.914800 87.061501 0 0
2.355300 -1.158200 87.646900 19 1
2.283800 -0.712983 86.498116 11 1
2.429933 -1.136333 87.691597 19 1
2.567875 -0.934500 87.283076 18 1
2.716200 -0.777400 86.449997 13 1
2.656200 -1.041800 86.574402 15 1
2.453750 -0.755150 86.605850 11 1
2.564450 -0.925450 87.210853 0 0
2.485325 -0.941525 87.315876 18 1
2.910350 -1.160850 87.260601 17 1
2.334271 -0.733957 86.596770 11 1
2.439050 -0.927950 87.574303 20 1
2.444950 -0.966300 87.385200 18 1
2.448900 -1.117500 87.621696 19 1
2.691600 -1.054300 86.563499 15 1
2.504600 -0.935533 87.358869 0 0
2.340750 -0.895900 87.685650 20 1
2.597300 -0.824600 86.659847 14 1
2.665200 -1.039700 86.680496 15 1
2.921800 -1.156500 87.223648 17 1
2.248500 -0.920700 87.107201 16 1
2.641450 -0.849650 86.786202 0 0
2.919400 -1.109900 87.076103 17 1
2.420250 -0.950900 87.836200 12 1
2.639957 -0.886500 86.950771 0 0
2.390000 -0.981100 87.411301 18 1
2.630150 -0.869500 86.812847 15 1
2.382100 -1.109300 87.688202 19 1
2.669500 -1.046600 86.622902 15 1
2.651800 -0.957200 86.801102 15 1
2.472175 -0.941450 87.673851 12 1
2.929300 -1.153400 87.127197 17 1
2.441800 -0.715200 86.607002 11 1
2.510100 -0.909100 87.292801 18 1
2.455600 -0.993500 87.474403 19 1
2.901650 -1.138600 87.155548 17 1
2.761400 -1.008900 87.228699 17 1
2.628000 -1.056700 86.659599 15 1
2.556300 -0.766500 86.563499 11 1
2.620600 -0.803150 86.553852 13 1
2.644800 -0.924100 86.813400 15 1
2.456050 -0.936550 87.839348 12 1
2.922500 -1.165200 87.187302 17 1
2.534400 -0.930100 87.348701 0 0
2.438700 -0.952850 87.880898 12 1
2.313500 -0.759850 86.555252 11 1
2.415267 -0.896233 87.658501 20 1
2.521100 -0.926267 87.263733 0 0
2.404260 -0.959440 87.391960 18 1
2.212800 -1.002200 87.059998 16 1
2.490167 -1.016833 87.538333 19 1
2.667857 -0.930129 87.118857 17 1
2.243767 -0.886167 87.601598 20 1
2.447300 -1.082800 87.593697 19 1
2.931367 -1.115267 87.119301 17 1
2.473800 -0.915500 87.778297 12 1
2.637100 -0.711900 86.306999 0 0
2.484467 -0.919867 87.340533 18 1
2.241950 -0.947500 87.090153 16 1
2.474400 -0.975700 87.343697 18 1
2.506667 -0.968433 87.454803 19 1
2.909600 -1.109200 87.279297 17 1
2.752162 -0.799900 86.362762 13 1
2.589500 -0.864800 86.979301 16 1
2.425575 -1.004625 87.430523 18 1
2.606533 -0.883767 87.064433 0 0
2.644333 -1.033400 86.716235 15 1
2.441633 -0.944167 87.773300 12 1
2.443950 -0.951900 87.949653 12 1
2.323133 -0.694733 86.580134 11 1
2.386000 -0.860700 87.681396 20 1
2.389300 -0.929200 87.674599 20 1
2.284400 -0.898100 87.658951 20 1
2.688600 -0.999600 87.197403 17 1
2.614500 -0.735500 86.434700 0 0
2.772750 -0.815500 86.336453 13 1
2.615200 -0.813300 86.747101 0 0
2.932600 -1.140150 87.172951 17 1
2.482600 -0.929050 87.551003 12 1
2.226000 -0.864400 87.557251 20 1
2.435600 -0.939200 87.699402 12 1
2.334600 -0.943900 87.142750 16 1
2.423100 -1.065000 87.622299 19 1
2.928900 -1.126300 87.204399 17 1
2.590800 -0.820900 86.617500 14 1
2.572650 -0.892900 86.982201 16 1
2.646800 -0.998600 86.762703 15 1
2.538620 -0.923060 87.310702 0 0
2.438500 -0.982200 87.993599 12 1
2.436667 -1.024433 87.565664 19 1
2.321700 -1.052700 87.465202 18 1
2.184840 -0.977660 87.004800 16 1
2.299800 -0.921000 87.125603 16 1
2.394700 -0.754000 86.610497 11 1
2.455100 -0.999800 87.530502 19 1
2.473700 -1.032400 87.574203 19 1
2.895700 -1.153600 87.236351 17 1
2.460300 -0.937000 87.809402 12 1
2.471700 -0.958400 87.540604 20 1
2.568633 -0.827167 86.554100 14 1
2.472940 -1.055680 87.592599 19 1
2.524700 -0.910400 87.237297 0 0
2.664880 -0.919300 87.058782 17 1
2.403300 -1.082250 87.670399 19 1
2.956267 -1.121133 87.170064 17 1
2.721125 -0.785825 86.410648 13 1
2.369550 -1.006250 87.428650 18 1
2.529100 -0.858100 86.390800 14 1
2.481800 -0.748160 86.600160 11 1
2.882300 -1.113200 87.286400 17 1
2.185000 -0.962175 87.028650 16 1
2.761300 -0.809050 86.306850 13 1
2.684400 -0.792000 86.513802 13 1
2.144300 -0.957700 86.992104 16 1
2.364500 -1.131800 87.705299 19 1
2.214940 -0.943720 87.064779 16 1
2.539157 -0.932457 87.284288 0 0
2.806350 -1.068250 87.271101 17 1
2.643300 -0.723250 86.338947 0 0
2.662150 -1.022150 86.734600 15 1
2.203140 -0.967760 87.049702 16 1
2.584200 -0.846700 86.471397 14 1
2.622975 -0.729125 86.389976 0 0
2.581625 -0.902850 87.163576 0 0
2.632600 -0.854467 86.836766 0 0
2.467467 -0.908067 87.316203 18 1
2.637600 -0.869208 86.891109 0 0
2.622450 -0.968150 86.804149 15 1
2.693700 -0.949100 87.158501 17 1
2.463100 -0.983400 87.911499 12 1
2.465400 -0.876300 87.056198 16 1
2.519200 -0.957300 87.313499 18 1
2.447900 -0.917033 87.646436 12 1
2.658900 -0.813700 86.532799 13 1
2.713300 -0.976600 87.177101 17 1
2.533500 -0.888200 87.023399 16 1
2.368200 -0.716250 86.604851 11 1
2.472000 -0.978700 87.500900 19 1
2.870533 -1.069567 87.277100 17 1
2.818533 -1.016867 87.257034 17 1
2.416100 -1.050300 87.595001 19 1
2.422167 -0.893133 87.113533 16 1
2.375950 -1.099300 87.643704 19 1
2.453000 -0.938600 87.594803 20 1
2.634680 -1.054420 86.632661 15 1
2.639000 -0.896500 87.042999 17 1
2.791180 -1.028460 87.250259 17 1
2.418150 -0.899500 87.631203 20 1
2.421000 -1.122900 87.654800 19 1
2.655500 -0.846900 86.818398 0 0
2.922050 -1.057150 87.083649 17 1
2.469800 -0.924200 87.575302 20 1
2.621800 -0.785300 86.580399 0 0
2.674600 -0.947833 87.140233 17 1
2.436500 -0.921800 87.074203 16 1
2.460900 -0.891200 87.614800 20 1
2.443600 -0.956400 87.360001 18 1
2.439917 -0.875483 87.079818 16 1
2.645667 -0.896433 86.987600 17 1
2.396200 -0.921300 87.135902 16 1
2.391000 -0.890300 87.650497 20 1
2.366500 -0.994900 87.452599 18 1
2.693500 -0.817700 86.491749 13 1
2.433167 -0.931567 87.821131 12 1
2.495100 -0.924400 87.411400 19 1
2.484833 -0.955367 87.460701 9 0
2.463500 -0.958400 87.853798 12 1
2.517400 -0.735900 86.602501 11 1
2.263800 -0.870300 87.596802 20 1
2.560900 -0.886000 86.404602 14 1
2.424833 -0.932733 87.889536 12 1
2.665450 -0.734150 86.307098 0 0
2.940900 -1.139017 87.223783 17 1
2.352600 -0.922567 87.131401 16 1
2.539200 -0.929900 87.213303 0 0
2.485350 -0.903250 87.578900 20 1
2.358900 -1.120800 87.666801 19 1
2.516700 -0.933167 87.301969 0 0
2.440950 -1.053150 87.547699 19 1
2.400933 -1.000800 87.424767 18 1
2.442633 -0.976633 87.895864 12 1
2.374900 -1.028950 87.438904 18 1
2.665500 -1.043300 86.598000 15 1
2.335100 -1.031500 87.460134 18 1
2.670400 -1.066700 86.572449 15 1
2.625283 -0.755650 86.485133 0 0
2.455425 -1.060650 87.611374 19 1
2.439450 -1.079800 87.643697 19 1
2.412900 -0.716200 86.607002 11 1
2.532486 -0.997443 87.505615 19 1
2.781817 -0.994833 87.221166 17 1
2.736500 -1.000700 87.209933 17 1
2.752700 -1.042600 87.220299 17 1
2.715240 -0.803040 86.453243 13 1
2.661250 -0.917100 86.830951 15 1
2.495200 -0.840900 86.359703 14 1
2.434733 -1.159267 87.683065 19 1
2.478700 -0.899500 87.074997 16 1
2.622900 -0.844300 86.762100 0 0
2.550750 -0.857500 86.435749 14 1
2.561100 -0.861500 87.015297 16 1
2.909500 -1.098900 87.111298 17 1
2.508225 -0.982350 87.475426 19 1
2.419375 -0.926475 87.631899 20 1
2.427033 -1.085500 87.664431 19 1
2.420600 -0.968300 87.375801 18 1
2.492500 -0.856000 86.314201 14 1
2.335500 -0.871900 87.680298 20 1
2.446200 -1.031500 87.587101 19 1
2.433000 -0.902300 87.605568 20 1
2.426200 -0.966000 87.962997 12 1
2.247950 -0.887950 87.577553 20 1
2.388250 -0.730800 86.606152 11 1
2.473533 -0.952900 87.334900 18 1
2.610500 -0.892600 87.009598 0 0
2.493900 -1.034160 87.556918 19 1
2.407000 -1.133460 87.683098 19 1
2.448250 -0.988850 87.394149 18 1
2.559600 -0.908600 87.269402 18 1
2.784700 -1.051650 87.254254 17 1
2.274900 -0.869300 87.629274 20 1
2.649978 -0.916844 87.088978 17 1
2.947050 -1.159200 87.175899 17 1
2.650250 -1.048200 86.663002 15 1
2.443050 -0.884000 87.106152 16 1
2.667850 -0.994300 86.773350 15 1
2.460367 -0.932800 87.349002 18 1
2.492500 -0.991100 87.498497 19 1
2.412350 -1.150850 87.700975 19 1
2.547600 -0.879800 86.358200 14 1
2.444400 -0.942900 87.901604 12 1
2.439033 -1.123467 87.670034 19 1
2.304300 -0.887100 87.667752 20 1
2.405750 -0.994800 88.006203 12 1
2.439100 -0.949700 87.850250 12 1
2.425100 -0.923400 87.095249 16 1
2.619660 -0.920460 86.818021 15 1
2.636400 -0.786200 86.562103 13 1
2.420000 -1.003800 87.407799 18 1
2.585500 -0.836600 86.536549 14 1
2.580500 -0.876600 86.998703 16 1
2.399900 -1.070700 87.612999 19 1
2.346700 -0.900000 87.134102 16 1
2.621050 -0.838550 86.794350 0 0
2.927200 -1.147450 87.149651 17 1
2.351600 -0.718900 86.588699 11 1
2.633567 -0.824933 86.717102 0 0
2.684200 -1.061200 86.542603 15 1
2.533600 -0.985425 87.485798 19 1
2.504800 -0.938800 87.451900 19 1
2.633000 -0.749057 86.437827 0 0
2.592000 -0.836800 86.490799 14 1
2.827900 -1.053100 87.280602 17 1
2.490050 -0.950550 87.418202 9 0
2.449800 -0.934550 87.752251 12 1
2.706000 -0.782900 86.491749 13 1
2.937150 -1.104800 87.092148 17 1
2.362033 -0.904267 87.683401 20 1
2.629010 -0.814980 86.695789 0 0
2.501100 -1.003900 87.515800 19 1
2.572400 -0.827200 86.577301 14 1
2.430800 -0.762300 86.608498 11 1
2.792767 -1.081767 87.283534 17 1
2.458500 -0.904400 87.084297 16 1
2.481167 -0.935800 87.728101 12 1
2.739060 -0.797940 86.401801 13 1
2.572500 -0.920800 87.152496 0 0
2.399500 -0.908200 87.669601 20 1
2.445375 -0.919275 87.694748 12 1
2.432800 -0.926600 87.791298 12 1
2.398400 -0.905850 87.119500 16 1
2.467675 -0.980000 87.460647 19 1
2.920033 -1.148167 87.202700 17 1
2.489900 -0.943700 87.500149 0 0
2.444800 -1.123633 87.643201 19 1
2.646300 -0.871900 86.831497 15 1
2.301300 -0.897500 87.123497 16 1
2.560153 -0.920373 87.232866 0 0
2.896000 -1.153600 87.171303 17 1
2.163700 -0.971520 86.992940 16 1
2.434567 -0.932833 87.355816 18 1
2.522800 -0.956100 87.467201 19 1
2.414700 -0.868500 87.123497 16 1
2.507033 -0.942333 87.337799 0 0
2.328850 -0.715600 86.585476 11 1
2.319750 -0.931650 87.131397 16 1
2.653333 -0.904267 87.011401 17 1
2.469733 -0.941867 87.649597 12 1
2.652900 -1.022700 86.698799 15 1
2.537700 -0.910800 87.265198 0 0
2.947400 -1.101700 87.126198 17 1
2.610600 -0.792100 86.669197 0 0
2.223800 -0.890233 87.584198 20 1
2.283700 -0.695650 86.513748 11 1
2.464400 -1.000300 87.503902 19 1
2.498400 -0.923600 87.309502 18 1
2.455467 -1.031367 87.556635 19 1
2.634400 -0.904200 86.819000 15 1
2.453500 -0.925400 87.323402 18 1
2.496533 -0.955633 87.440132 19 1
2.577500 -0.814800 86.661598 14 1
2.454500 -1.101400 87.636703 19 1
2.604800 -0.899550 87.079573 0 0
2.411550 -0.980400 87.393852 18 1
2.352200 -0.775100 86.587700 11 1
2.443100 -0.954067 87.810999 12 1
2.781825 -1.015850 87.233601 17 1
2.586750 -0.754333 86.530599 11 1
2.484329 -0.931500 87.688672 12 1
2.551700 -0.879300 87.005997 16 1
2.661300 -1.050900 86.644096 15 1
2.452800 -0.927800 87.557701 20 1
2.408200 -0.978700 87.426399 18 1
2.346900 -1.141500 87.657600 19 1
2.452471 -0.733857 86.608829 11 1
2.587300 -0.887150 87.131451 0 0
2.698200 -0.986300 87.160896 17 1
2.917400 -1.149800 87.243599 17 1
2.675500 -1.049600 86.696602 15 1
2.925950 -1.132700 87.131550 17 1
2.371500 -0.881200 87.688702 20 1
2.397800 -1.094000 87.689796 19 1
2.590000 -0.815300 86.638702 14 1
2.472783 -1.076133 87.610733 19 1
2.432200 -0.965800 88.005798 12 1
2.713337 -0.779000 86.471125 13 1
2.661825 -0.965400 87.144773 17 1
2.647600 -1.028500 86.675903 15 1
2.953600 -1.128400 87.205303 17 1
2.725600 -0.783500 86.431396 13 1
2.385200 -0.874900 87.664096 20 1
2.400500 -1.111600 87.671402 19 1
2.577800 -0.916400 87.179604 0 0
2.637900 -0.833300 86.772499 0 0
2.743400 -0.970200 87.207298 17 1
2.496800 -0.917400 87.540199 20 1
2.947300 -1.128700 87.124397 17 1
2.666950 -0.795400 86.525501 13 1
2.721000 -0.956800 87.195198 17 1
2.375700 -0.923900 87.142197 16 1
2.669500 -0.966200 86.808403 15 1
2.663060 -1.061360 86.608720 15 1
2.539100 -0.917900 87.331200 0 0
2.327600 -0.891500 87.131203 16 1
2.538600 -0.940567 87.322466 18 1
2.419400 -0.946000 87.863701 12 1
2.431200 -0.960200 87.935097 12 1
2.489900 -0.951300 87.297798 18 1
2.545350 -0.909150 87.209198 0 0
2.474800 -1.001900 87.537598 19 1
2.382775 -1.000775 87.413149 18 1
2.528500 -0.878500 86.328300 14 1
2.593500 -0.895533 87.052900 0 0
2.898833 -1.163400 87.218069 17 1
2.446200 -0.971300 87.959602 12 1
2.457900 -1.019600 87.536797 19 1
2.642400 -0.931700 87.127998 17 1
2.876775 -1.087550 87.286449 17 1
2.672900 -1.065600 86.633499 15 1
2.628200 -0.875000 86.934799 0 0
2.541050 -0.945950 87.456947 19 1
2.757000 -0.810300 86.380501 13 1
2.655900 -0.979500 86.787498 15 1
2.449600 -0.964100 87.839397 12 1
2.618100 -0.792800 86.621902 0 0
2.838200 -1.080200 87.280800 17 1
2.508767 -1.025122 87.532713 19 1
2.509700 -0.932300 87.432899 19 1
2.474400 -1.026900 87.549698 19 1
2.483600 -0.949100 87.555847 12 1
2.227300 -0.955500 87.078003 16 1
2.538600 -0.925250 87.233799 0 0
2.269500 -0.916900 87.113998 16 1
2.480100 -0.851600 86.330002 14 1
2.426200 -1.037600 87.581596 19 1
2.638300 -0.736367 86.378397 0 0
2.501000 -1.054050 87.554401 19 1
2.465200 -0.975600 87.864800 12 1
2.487067 -0.928800 87.667801 12 1
2.636700 -0.888333 86.971133 0 0
2.472400 -0.946100 87.823599 12 1
2.689180 -0.797520 86.494740 13 1
2.489950 -1.066750 87.586148 19 1
2.452700 -1.052120 87.593121 19 1
2.470533 -0.959100 87.805466 12 1
2.519700 -0.908900 87.310699 18 1
2.444800 -1.020500 87.519798 19 1
2.302800 -1.049400 87.458298 18 1
2.323800 -0.889450 87.676598 20 1
2.425050 -1.123950 87.635002 19 1
2.153100 -0.985800 86.969002 16 1
2.467000 -0.934200 87.889603 12 1
2.380200 -0.933700 87.692001 20 1
2.673133 -1.057300 86.674767 15 1
2.460767 -0.926817 87.767247 12 1
2.392000 -0.966025 87.424473 18 1
2.505975 -0.941100 87.317001 0 0
2.368300 -1.160700 87.697800 19 1
2.783500 -0.830500 86.328598 13 1
2.617400 -0.733300 86.411301 0 0
2.256700 -0.880900 87.615950 20 1
2.492500 -0.963300 87.340302 18 1
2.421333 -0.913000 87.646502 20 1
2.454300 -0.946800 87.868301 12 1
2.560500 -0.838900 86.508102 14 1
2.424900 -0.962900 87.394501 18 1
2.481033 -0.960967 87.316803 18 1
2.535975 -0.910825 87.016552 16 1
2.633200 -0.951000 86.804604 15 1
2.653200 -0.718300 86.316803 0 0
2.458900 -0.962150 87.371353 18 1
2.518700 -0.925000 87.283933 0 0
2.288300 -0.715600 86.545601 11 1
2.295500 -0.940933 87.121567 16 1
2.443600 -1.014300 87.549500 19 1
2.646367 -0.733200 86.357768 0 0
2.574925 -0.903300 87.116751 0 0
2.663900 -1.047100 86.554604 15 1
2.476033 -0.934867 87.631913 12 1
2.411200 -1.098200 87.661598 19 1
2.452467 -0.967267 87.940699 12 1
2.655400 -0.940600 86.811401 15 1
2.652100 -1.010633 86.748034 15 1
2.278275 -0.886800 87.644051 20 1
2.325300 -0.907400 87.689598 20 1
2.489500 -0.929100 87.569397 12 1
2.516850 -0.869350 86.344750 14 1
2.425300 -1.034525 87.550850 19 1
2.457967 -0.980133 87.379168 18 1
2.379450 -1.104750 87.623097 19 1
2.439150 -0.949700 87.829701 12 1
2.682200 -1.049000 86.582100 15 1
2.482067 -0.935667 87.352818 18 1
2.523700 -0.927300 87.364800 0 0
2.567400 -0.911600 87.197403 0 0
2.426200 -0.967400 87.986797 12 1
2.472467 -0.989550 87.484531 19 1
2.415700 -1.060467 87.578400 19 1
2.387600 -1.080150 87.601250 19 1
2.826788 -1.034425 87.275299 17 1
2.442975 -1.070325 87.625351 19 1
2.753100 -1.027300 87.232201 17 1
2.454650 -0.962750 87.902051 12 1
2.629100 -0.820000 86.758797 0 0
2.479067 -0.932100 87.590335 12 1
2.492900 -0.921800 87.629700 12 1
2.620600 -0.802150 86.653851 0 0
2.907000 -1.144300 87.222298 17 1
2.419125 -1.121175 87.673851 19 1
2.758950 -0.805500 86.345298 13 1
2.748900 -0.989450 87.219398 17 1
2.376843 -0.917043 87.683072 20 1
2.682100 -1.043000 86.550102 15 1
2.234100 -0.877100 87.569099 20 1
2.612850 -0.896800 87.051899 0 0
2.649850 -1.050000 86.621251 15 1
2.515467 -0.748867 86.588598 11 1
2.448700 -1.001225 87.379601 18 1
2.709383 -0.938433 87.160735 17 1
2.454700 -1.021400 87.572899 19 1
2.553850 -0.928650 87.271524 18 1
2.458200 -0.946900 87.764099 12 1
2.444550 -0.902100 87.622101 20 1
2.644400 -0.793450 86.543301 13 1
2.499633 -0.965633 87.472265 19 1
2.647167 -1.051367 86.588099 15 1
2.630900 -0.854000 86.801903 0 0
2.626050 -0.887150 86.818752 15 1
2.623500 -0.890733 86.995231 0 0
2.497000 -0.738000 86.605148 11 1
2.522900 -0.969300 87.480797 19 1
2.469200 -0.975400 87.362602 18 1
2.920900 -1.148100 87.111099 17 1
2.573500 -0.763700 86.554001 11 1
2.493675 -0.937675 87.538376 0 0
2.466067 -0.947500 87.691399 12 1
2.406880 -0.990220 87.409142 18 1
2.353000 -0.737250 86.592949 11 1
2.206650 -0.986050 87.052799 16 1
2.433243 -1.142300 87.674174 19 1
2.652900 -1.041800 86.694397 15 1
2.652033 -0.905833 87.052567 17 1
2.518400 -0.927000 87.244800 0 0
2.498933 -0.941067 87.376933 0 0
2.899000 -1.168000 87.247704 17 1
2.385850 -1.015950 87.431351 18 1
2.481800 -0.956700 87.478996 9 0
2.659140 -0.923213 87.103847 17 1
2.454000 -0.936400 87.784798 12 1
2.624833 -0.812300 86.731264 0 0
2.388967 -1.157500 87.700104 19 1
2.533100 -0.941971 87.298972 12 0
2.435900 -0.994550 87.409802 18 1
2.281100 -0.715100 86.477997 11 1
2.496833 -0.975033 87.490501 19 1
2.333700 -1.016000 87.450203 18 1
2.628700 -1.039750 86.708748 15 1
2.433400 -0.957700 87.901497 12 1
2.924250 -1.155400 87.166847 17 1
2.510600 -0.847600 86.367996 14 1
2.448800 -0.922600 87.602898 20 1
2.397600 -1.119100 87.689800 19 1
2.411100 -1.080400 87.650101 19 1
2.444800 -0.918500 87.714302 12 1
2.673800 -0.921200 87.133797 17 1
2.551700 -0.934800 87.297501 18 1
2.149833 -0.971333 86.979831 16 1
2.680400 -1.061000 86.614651 15 1
2.747900 -0.789300 86.347801 13 1
2.415500 -0.879600 87.650902 20 1
2.376700 -0.700800 86.609632 11 1
2.433250 -0.928725 87.841825 12 1
2.283175 -0.714875 86.516249 11 1
2.935500 -1.148433 87.238467 17 1
2.597400 -0.889100 87.092598 0 0
2.500700 -0.909600 87.331100 18 1
2.663650 -1.061600 86.590649 15 1
2.922100 -1.139150 87.259701 17 1
2.439550 -0.973750 87.976200 12 1
2.932700 -1.150350 87.188000 17 1
2.437200 -1.060243 87.611569 19 1
2.914500 -1.171600 87.172501 17 1
2.734750 -0.810550 86.413899 13 1
2.628900 -1.024700 86.719398 15 1
2.488933 -0.935217 87.460767 0 0
2.465700 -0.987900 87.516853 19 1
2.306500 -0.767000 86.540001 11 1
2.656250 -0.983500 86.764698 15 1
2.646218 -0.896555 87.025908 17 1
2.907225 -1.126650 87.143450 17 1
2.411800 -0.917850 87.660900 20 1
2.631000 -0.760220 86.468041 0 0
2.444400 -0.926300 87.342102 18 1
2.657960 -0.912020 87.073779 17 1
2.781000 -0.821400 86.351097 13 1
2.954867 -1.124967 87.187401 17 1
2.667950 -1.046250 86.661800 15 1
2.439400 -0.745767 86.610865 11 1
2.942300 -1.113300 87.139000 17 1
2.747050 -1.012500 87.218250 17 1
2.634350 -1.013300 86.759098 15 1
2.557250 -0.900000 86.987400 16 1
2.525300 -0.922700 87.222298 0 0
2.532633 -0.918467 87.292999 0 0
2.401233 -0.967100 87.407631 18 1
2.895125 -1.108700 87.269125 17 1
2.453300 -0.966000 87.873703 12 1
2.854300 -1.069700 87.285004 17 1
2.592100 -0.910300 87.073601 0 0
2.656800 -0.942500 87.124901 17 1
2.427660 -0.910760 87.107280 16 1
2.213000 -0.926450 87.067749 16 1
2.532550 -0.893800 86.320652 14 1
2.458550 -0.889650 87.093850 16 1
2.540600 -0.856800 86.403999 14 1
2.530900 -0.883600 87.040100 16 1
2.238700 -0.929600 87.095749 16 1
2.491000 -0.763600 86.606300 11 1
2.470000 -0.972300 87.845398 12 1
2.294400 -0.872600 87.664101 20 1
2.458150 -0.980475 87.929075 12 1
2.639900 -0.908500 87.101501 17 1
2.424450 -0.947450 87.818046 12 1
2.446550 -0.937225 87.712852 12 1
2.421300 -1.074800 87.637100 19 1
2.406250 -0.732250 86.608501 11 1
2.439800 -0.930200 87.654503 12 1
2.939400 -1.125900 87.101196 17 1
2.610400 -0.744600 86.468697 0 0
2.428600 -1.026800 87.518799 19 1
2.513900 -0.957700 87.437500 19 1
2.226700 -0.867800 87.540199 20 1
2.506300 -0.957900 87.328697 0 0
2.454200 -0.946800 87.887802 12 1
2.347450 -0.931700 87.145203 16 1
2.434900 -0.976900 87.396202 18 1
2.482800 -0.972500 87.456200 19 1
2.563300 -0.883900 86.994034 16 1
2.773000 -1.056050 87.241699 17 1
2.412967 -1.012867 87.422017 18 1
2.911100 -1.162600 87.205951 17 1
2.646150 -1.020850 86.728302 15 1
2.897300 -1.121400 87.288597 17 1
2.506300 -0.951500 87.464996 19 1
2.539144 -0.914544 87.248045 0 0
2.428075 -0.725475 86.608540 11 1
2.367800 -1.109500 87.654900 19 1
2.761150 -0.811250 86.323902 13 1
2.455200 -0.878833 87.070501 16 1
2.433786 -0.956700 87.376371 18 1
2.798700 -1.054400 87.263802 17 1
2.187450 -0.945200 87.029301 16 1
2.618883 -0.887800 87.025718 0 0
2.743111 -0.785533 86.368868 13 1
2.428450 -0.991850 88.003601 12 1
2.536800 -0.876200 86.345398 14 1
2.919275 -1.159450 87.140425 17 1
2.450000 -0.901100 87.602303 20 1
2.941133 -1.142333 87.158099 17 1
2.516200 -0.996000 87.510498 19 1
2.453400 -0.997800 87.491101 19 1
2.674220 -0.935240 87.103879 17 1
2.480650 -0.963800 87.425347 19 1
2.575700 -0.828100 86.620499 14 1
2.175400 -0.965525 87.014074 16 1
2.341000 -0.703780 86.584581 11 1
2.666500 -1.034500 86.701401 15 1
2.746000 -0.797438 86.381326 13 1
2.469614 -1.048657 87.577556 19 1
2.625950 -0.851400 86.821502 0 0
2.443700 -0.943000 87.798203 12 1
2.346900 -0.880700 87.689850 20 1
2.634667 -1.052133 86.675000 15 1
2.491600 -0.946900 87.332802 18 1
2.467650 -0.959750 87.350250 18 1
2.628100 -0.735500 86.424797 0 0
2.442200 -0.918800 87.091797 16 1
2.465850 -0.953450 87.837902 12 1
2.415700 -1.018650 87.437550 18 1
2.640220 -1.050040 86.647902 15 1
2.442000 -1.087000 87.626999 19 1
2.362800 -0.901000 87.129501 16 1
2.420400 -0.948600 87.387001 18 1
2.902100 -1.183750 87.218502 17 1
2.517400 -0.930200 87.349502 0 0
2.406650 -0.895150 87.644199 20 1
2.413700 -0.755300 86.604698 11 1
2.431800 -0.914800 87.633102 20 1
2.526100 -0.932300 87.329803 0 0
2.607000 -0.913800 87.044998 0 0
2.495200 -0.929100 87.324898 18 1
2.680950 -0.935550 87.129303 17 1
2.229167 -0.938633 87.082766 16 1
2.458250 -0.934500 87.856152 12 1
2.565817 -0.911267 87.164282 0 0
2.662060 -1.030440 86.719980 15 1
2.639500 -0.741800 86.334396 0 0
2.188650 -0.990750 87.014198 16 1
2.426500 -1.057400 87.636597 19 1
2.752533 -0.827000 86.381533 13 1
2.312000 -0.705500 86.573303 11 1
2.481850 -0.908550 87.061550 16 1
2.483000 -0.926200 87.533199 20 1
2.592933 -0.809167 86.663533 14 1
2.445220 -0.951020 87.931799 12 1
2.581100 -0.878600 86.982399 16 1
2.661900 -0.997200 86.756401 15 1
2.470500 -0.934800 87.560501 20 1
2.467180 -0.740380 86.605641 11 1
2.528400 -0.941900 87.216202 0 0
2.323167 -0.772900 86.563400 11 1
2.455900 -0.925367 87.583900 20 1
2.675800 -1.051900 86.567101 15 1
2.624050 -0.889750 86.952950 0 0
2.456925 -0.951325 87.821222 12 1
2.486800 -0.913200 87.566002 20 1
2.639000 -1.031300 86.699097 15 1
2.349500 -1.001000 87.451897 18 1
2.428900 -0.948700 87.356903 18 1
2.676700 -1.029900 86.728699 15 1
2.208250 -0.934475 87.053150 16 1
2.937140 -1.144380 87.208921 17 1
2.774500 -0.819600 86.319000 13 1
2.193500 -0.956500 87.041252 16 1
2.312400 -0.909300 87.122704 16 1
2.491300 -1.001400 87.533501 19 1
2.764336 -0.994836 87.221191 17 1
2.434000 -0.935500 87.683701 12 1
2.630833 -0.866800 86.905635 0 0
2.622400 -0.826800 86.741402 0 0
2.636500 -0.738100 86.394402 0 0
2.611800 -0.740120 86.453198 0 0
2.458000 -1.037367 87.577698 19 1
2.432900 -1.040167 87.566167 19 1
2.343400 -0.882100 87.136002 16 1
2.547000 -0.914400 87.224403 0 0
2.624650 -0.845650 86.780296 0 0
2.791100 -1.008850 87.221501 17 1
2.762000 -0.813700 86.358902 13 1
2.532800 -0.964300 87.308403 18 1
2.473750 -0.968500 87.329299 18 1
2.252900 -0.858700 87.599251 20 1
2.623900 -0.801350 86.687352 0 0
2.454440 -0.944660 87.358182 18 1
2.637800 -0.722100 86.319397 0 0
2.927650 -1.075650 87.085648 17 1
2.404950 -1.061400 87.598202 19 1
2.246500 -0.875400 87.590049 20 1
2.805275 -1.021250 87.247799 17 1
2.478100 -1.039033 87.559469 19 1
2.427900 -0.898400 87.646553 20 1
2.685700 -0.939050 87.147949 17 1
2.194867 -0.974000 87.034101 16 1
2.212433 -0.962067 87.061401 16 1
2.335500 -0.927000 87.135696 16 1
2.416040 -0.995820 87.421062 18 1
2.726500 -0.987900 87.191498 17 1
2.577233 -0.863967 86.989535 16 1
2.660900 -0.926100 86.817802 15 1
2.321900 -0.954400 87.137901 16 1
2.464700 -0.985900 87.351097 18 1
2.402400 -0.887100 87.661102 20 1
2.419700 -0.975100 88.002701 12 1
2.373567 -1.120767 87.695132 19 1
2.432100 -0.957700 87.917702 12 1
2.476233 -0.924467 87.764699 12 1
2.328450 -0.877400 87.664348 20 1
2.649350 -0.908450 86.822998 15 1
2.286200 -0.915300 87.119904 16 1
2.732833 -0.794600 86.416535 13 1
2.480950 -1.070250 87.598599 19 1
2.428300 -1.106033 87.641068 19 1
2.628233 -0.935217 86.812600 15 1
2.525000 -0.912950 87.254749 0 0
2.424250 -1.099750 87.670473 19 1
2.295100 -0.766200 86.550797 11 1
2.559500 -0.893700 87.007797 16 1
2.914900 -1.106650 87.123848 17 1
2.428000 -1.156350 87.696953 19 1
2.630400 -0.858000 86.882797 0 0
2.538200 -0.925800 87.270103 0 0
2.598900 -0.844600 86.535004 14 1
2.942300 -1.108300 87.110497 17 1
2.296600 -0.901300 87.670097 20 1
2.532600 -0.958600 87.453300 19 1
2.545433 -0.896900 87.016866 16 1
2.140700 -0.956800 86.976196 16 1
2.176500 -0.950800 87.019203 16 1
2.649350 -0.702350 86.305496 0 0
2.629050 -0.851590 86.851649 0 0
2.431900 -1.050400 87.622398 19 1
2.449700 -1.075100 87.612000 19 1
2.545200 -0.853500 86.421204 14 1
2.179317 -0.986433 86.993216 16 1
2.649800 -1.045250 86.678253 15 1
2.466000 -0.937267 87.583702 20 1
2.400917 -0.719500 86.617449 11 1
2.488100 -1.038117 87.571301 19 1
2.720133 -0.791267 86.443667 13 1
2.423700 -0.938350 87.850300 12 1
2.930600 -1.135800 87.117104 17 1
2.396900 -0.984600 87.396599 18 1
2.469000 -1.089800 87.601196 19 1
2.652100 -0.932700 87.113800 17 1
2.478400 -0.970600 87.488751 19 1
2.444500 -1.011800 87.534302 19 1
2.768000 -1.022100 87.236298 17 1
2.412800 -0.905050 87.110848 16 1
2.639500 -0.839700 86.758598 0 0
2.505714 -1.010357 87.529672 19 1
2.501000 -1.033400 87.543297 19 1
2.516900 -0.971300 87.465897 19 1
2.911550 -1.125250 87.284351 17 1
2.649400 -0.736700 86.306099 0 0
2.451100 -0.913650 87.074150 16 1
2.518400 -0.944400 87.458298 19 1
2.362000 -0.701600 86.604500 11 1
2.320000 -1.036640 87.457920 18 1
2.590000 -0.830367 86.629534 14 1
2.433550 -0.937500 87.668350 12 1
2.443333 -0.952400 87.964951 12 1
2.453250 -1.000850 87.515350 19 1
2.728600 -1.013700 87.208298 17 1
2.382600 -0.746120 86.605440 11 1
2.640700 -0.719500 86.353550 0 0
2.552300 -0.939900 87.281898 18 1
2.817750 -1.076350 87.277277 17 1
2.907850 -1.161200 87.230201 17 1
2.645400 -0.968300 86.792801 15 1
2.414900 -1.072200 87.664497 19 1
2.643300 -0.842850 86.809601 0 0
2.487433 -0.935233 87.418866 19 1
2.448586 -0.950900 87.373285 18 1
2.441100 -1.029800 87.551903 19 1
2.372200 -1.113900 87.633202 19 1
2.371900 -0.729700 86.598602 11 1
2.529400 -0.975200 87.496201 19 1
2.670500 -0.950667 86.813100 15 1
2.597900 -0.901500 87.101303 0 0
2.550733 -0.915300 87.196434 0 0
2.718050 -0.971025 87.190901 17 1
2.415133 -0.950933 87.902166 12 1
2.425200 -0.878300 87.118698 16 1
2.708100 -0.965600 87.168098 17 1
2.653117 -1.049083 86.606117 15 1
2.488350 -0.845500 86.345050 14 1
2.621500 -0.771500 86.574203 0 0
2.568100 -0.872400 87.007500 16 1
2.682900 -0.958500 87.152298 17 1
2.700325 -0.935388 87.148963 17 1
2.484100 -0.982433 87.509135 19 1
2.887625 -1.100038 87.281288 17 1
2.523700 -0.911900 87.270699 0 0
2.628400 -0.827333 86.785899 0 0
2.439550 -1.044000 87.592247 19 1
2.504400 -0.989100 87.489502 19 1
2.592400 -0.894500 87.072700 0 0
2.375200 -0.908500 87.670799 20 1
2.484725 -1.047000 87.583147 19 1
2.573700 -0.905100 87.150398 0 0
2.388700 -1.093000 87.609200 19 1
2.631563 -0.754925 86.452675 0 0
2.667930 -0.923210 87.073651 17 1
2.669500 -1.059100 86.538200 15 1
2.309200 -1.060800 87.471397 18 1
2.460800 -0.946400 87.797798 12 1
2.627500 -0.781900 86.550903 13 1
2.478900 -1.012817 87.547585 19 1
2.474850 -0.931300 87.658827 12 1
2.435750 -0.875925 87.094149 16 1
2.385150 -0.716200 86.606503 11 1
2.460650 -1.064933 87.598065 19 1
2.410400 -0.708200 86.619698 11 1
2.187000 -0.975000 87.021301 16 1
2.204200 -0.949700 87.052902 16 1
2.430400 -0.932100 87.806503 12 1
2.382900 -0.924900 87.129204 16 1
2.536200 -0.855500 86.438004 14 1
2.528200 -0.898200 87.039597 16 1
2.614575 -0.823050 86.759125 0 0
2.503450 -0.931450 87.295547 18 1
2.714700 -0.790950 86.461800 13 1
2.251000 -0.872350 87.604698 20 1
2.397500 -1.015900 87.385597 18 1
2.380900 -0.876700 87.678200 20 1
2.637200 -0.862500 86.824600 15 1
2.647150 -0.796425 86.557524 13 1
2.659200 -1.016000 86.721397 15 1
2.399500 -1.065300 87.579102 19 1
2.663300 -1.060000 86.623596 15 1
2.406500 -0.893500 87.120003 16 1
2.458900 -0.976500 87.898804 12 1
2.433100 -1.110400 87.663803 19 1
2.870900 -1.100000 87.291649 17 1
2.508400 -0.968600 87.483704 19 1
2.639450 -0.867400 86.875000 0 0
2.440080 -0.980020 87.382799 18 1
2.432800 -1.156800 87.668701 19 1
2.789600 -1.065100 87.270798 17 1
2.629950 -0.769000 86.489097 0 0
2.666600 -0.812300 86.520401 13 1
2.797000 -1.040300 87.256633 17 1
2.953900 -1.150300 87.185303 17 1
2.752550 -0.800500 86.314899 13 1
2.563260 -0.754470 86.549159 11 1
2.655400 -0.740700 86.322700 0 0
2.683433 -0.809700 86.501198 13 1
2.550500 -0.920700 87.283302 18 1
2.557300 -0.872600 86.400101 14 1
2.622333 -0.829567 86.805766 0 0
2.640100 -0.883300 86.936267 0 0
2.289150 -0.881300 87.653652 20 1
2.357800 -1.130500 87.652901 19 1
2.499933 -0.749867 86.595167 11 1
2.950550 -1.090350 87.114651 17 1
2.519000 -0.984700 87.484901 19 1
2.470000 -0.922600 87.345200 18 1
2.504567 -0.850500 86.354131 14 1
2.266600 -0.870200 87.617401 20 1
2.439300 -0.964333 87.992236 12 1
2.635300 -0.840300 86.796402 0 0
2.514700 -0.970100 87.318604 18 1
2.656500 -1.040200 86.652603 15 1
2.419900 -1.058100 87.606598 19 1
2.560950 -0.886100 86.387101 14 1
2.921900 -1.142900 87.228600 17 1
2.450800 -0.965600 87.822197 12 1
2.805833 -1.087967 87.283567 17 1
2.450600 -0.959867 87.860166 12 1
2.525350 -0.924900 87.317402 0 0
2.952500 -1.113700 87.120003 17 1
2.516100 -0.957700 87.452797 19 1
2.639850 -0.884050 86.821602 15 1
2.436517 -1.094233 87.640067 19 1
2.451400 -0.950050 87.841997 12 1
2.469900 -0.891200 87.082802 16 1
2.377300 -1.142200 87.699097 19 1
2.648800 -0.989000 86.775703 15 1
2.478740 -0.852000 86.315341 14 1
2.297200 -1.062000 87.463600 18 1
2.762000 -1.048000 87.229797 17 1
2.669100 -1.043300 86.583397 15 1
2.380850 -0.974050 87.428601 18 1
2.572100 -0.739500 86.559799 11 1
2.465000 -1.043833 87.590235 19 1
2.920900 -1.093350 87.104648 17 1
2.323600 -0.730500 86.587898 11 1
2.452800 -0.949800 87.918098 12 1
2.661400 -0.916600 87.045197 17 1
2.497300 -0.765300 86.593498 11 1
2.708300 -0.990000 87.171700 17 1
2.663033 -1.060333 86.656799 15 1
2.707600 -0.807800 86.464302 13 1
2.616300 -0.776700 86.590351 0 0
2.481140 -1.025340 87.562158 19 1
2.445400 -0.940600 87.878151 12 1
2.384600 -0.898500 87.660202 20 1
2.634350 -0.824500 86.731949 0 0
2.675400 -0.803000 86.514049 13 1
2.550300 -0.913000 87.259003 0 0
2.472640 -0.945380 87.808462 12 1
2.554800 -0.872900 87.023003 16 1
2.579100 -0.762200 86.539597 11 1
2.443500 -1.119800 87.656799 19 1
2.555800 -0.884400 86.370201 14 1
2.367433 -0.922800 87.130732 16 1
2.398600 -1.144600 87.690002 19 1
2.407833 -0.914267 87.640332 20 1
2.286700 -0.694300 86.531448 11 1
2.411600 -1.117300 87.688599 19 1
2.839800 -1.060950 87.281898 17 1
2.646378 -0.896411 87.001732 17 1
2.492750 -0.962900 87.451652 19 1
2.462400 -0.946200 87.345001 18 1
2.655840 -0.794680 86.534200 13 1
2.809000 -1.028120 87.259560 17 1
2.780100 -1.064500 87.250504 17 1
2.474850 -0.898900 87.307152 18 1
2.663300 -0.972800 86.797600 15 1
2.448167 -0.962733 87.889536 12 1
2.613600 -0.885400 87.043647 0 0
2.446470 -0.884180 87.088750 16 1
2.682125 -1.046000 86.536348 15 1
2.653800 -1.044300 86.633499 15 1
2.637600 -0.921200 87.095100 17 1
2.401180 -1.012820 87.433139 18 1
2.432500 -0.991500 87.396500 18 1
2.937867 -1.128200 87.157898 17 1
2.545900 -0.870600 86.368698 14 1
2.423700 -0.935500 87.875801 12 1
2.728850 -0.788150 86.396202 13 1
2.234600 -0.882833 87.589335 20 1
2.699033 -0.811367 86.480499 13 1
2.478100 -0.940300 87.570954 12 1
2.390150 -0.915000 87.677548 20 1
2.673700 -1.050100 86.608902 15 1
2.382667 -1.090867 87.634565 19 1
2.386050 -1.129950 87.691552 19 1
2.415700 -1.138933 87.694415 19 1
2.449267 -1.039367 87.566299 19 1
2.352200 -1.132500 87.670535 19 1
2.424600 -0.886600 87.639801 20 1
2.649075 -0.727475 86.326525 0 0
2.451350 -1.052150 87.556999 19 1
2.431000 -0.906000 87.618896 20 1
2.618100 -0.881400 86.808800 15 1
2.307600 -0.938000 87.128700 16 1
2.565100 -0.875250 86.413498 14 1
2.466800 -1.025967 87.562698 19 1
2.499433 -0.933100 87.401133 9 0
2.361567 -0.710333 86.593335 11 1
2.513000 -0.933900 87.370796 0 0
2.618700 -0.957300 86.814499 15 1
2.780000 -1.039300 87.249901 17 1
2.665700 -1.060000 86.561203 15 1
2.378000 -0.869000 87.690201 20 1
2.550975 -0.890125 86.996723 16 1
2.445200 -0.942600 87.819397 12 1
2.400667 -1.094600 87.676165 19 1
2.842050 -1.093300 87.283302 17 1
2.628100 -0.726500 86.376801 0 0
2.471050 -0.754750 86.605953 11 1
2.304800 -0.769300 86.560501 11 1
2.448300 -0.935250 87.695450 12 1
2.511000 -0.927700 87.313748 0 0
2.401383 -0.919817 87.122434 16 1
2.161700 -0.957900 86.991501 16 1
2.393500 -1.023800 87.439796 18 1
2.623300 -0.782400 86.564400 0 0
2.450900 -0.921800 87.570000 20 1
2.424800 -1.082067 87.649465 19 1
2.472050 -0.934575 87.694950 12 1
2.661688 -0.952850 87.137038 17 1
2.452300 -0.888050 87.625553 20 1
2.267400 -0.930600 87.106903 16 1
2.501700 -0.837300 86.371498 14 1
2.428967 -0.962733 87.949898 12 1
2.431400 -0.897600 87.104301 16 1
2.861900 -1.058700 87.281700 17 1
2.794017 -1.017117 87.240833 17 1
2.411600 -0.950700 87.935799 12 1
2.446700 -0.973000 87.908501 12 1
2.625571 -0.742057 86.447057 0 0
2.491120 -0.995400 87.511720 19 1
2.265400 -0.879500 87.628700 20 1
2.356133 -0.724483 86.600382 11 1
2.489650 -0.917250 87.551899 20 1
2.606000 -0.897400 87.065804 0 0
2.823280 -1.028020 87.263440 17 1
2.427000 -0.938700 87.834801 12 1
2.897200 -1.149900 87.214203 17 1
2.865233 -1.078900 87.285599 17 1
2.481300 -0.733633 86.608869 11 1
2.428375 -1.129150 87.679996 19 1
2.462600 -0.950400 87.678497 12 1
2.445467 -0.938967 87.349602 18 1
2.922450 -1.144825 87.136648 17 1
2.462500 -0.958000 87.891998 12 1
2.443933 -0.935733 87.329033 18 1
2.374600 -0.984000 87.451897 18 1
2.538983 -0.929150 87.298518 0 0
2.932133 -1.052200 87.073766 17 1
2.463600 -0.987950 87.494701 19 1
2.445867 -0.940167 87.857168 12 1
2.620700 -0.788400 86.596100 0 0
2.402800 -1.129750 87.696404 19 1
2.459700 -1.096000 87.624199 19 1
2.668000 -0.929200 86.829597 15 1
2.443200 -0.920200 87.737099 12 1
2.263700 -0.861000 87.628899 20 1
2.768200 -0.822700 86.307404 13 1
2.282900 -0.704200 86.485848 11 1
2.679850 -1.063200 86.581498 15 1
2.617138 -0.809300 86.698951 0 0
2.521150 -0.947600 87.430702 19 1
2.489850 -0.947700 87.448803 9 0
2.487550 -0.973700 87.331299 18 1
2.383800 -0.989650 87.420750 18 1
2.304833 -1.037400 87.464167 18 1
2.443900 -1.001267 87.401233 18 1
2.360400 -0.931500 87.138298 16 1
2.779250 -1.025350 87.244751 17 1
2.736100 -0.983000 87.204697 17 1
2.519000 -0.920300 87.298632 0 0
2.428500 -0.941467 87.788300 12 1
2.480700 -0.943500 87.427101 19 1
2.406500 -0.929300 87.656197 20 1
2.636000 -0.863450 86.854400 0 0
2.667500 -1.037400 86.568604 15 1
2.663200 -1.041900 86.612000 15 1
2.449800 -0.936800 87.580353 20 1
2.663750 -1.056100 86.578400 15 1
2.373850 -1.010950 87.416851 18 1
2.287350 -0.929050 87.118500 16 1
2.406000 -0.745500 86.610497 11 1
2.446200 -1.043233 87.580131 19 1
2.356767 -0.914467 87.691569 20 1
2.400600 -1.155700 87.706497 19 1
2.642100 -0.906400 87.086098 17 1
2.484600 -0.852000 86.303299 14 1
2.508600 -0.945600 87.439697 19 1
2.414600 -1.134400 87.620399 19 1
2.671850 -1.052000 86.635948 15 1
2.524600 -0.859600 86.403297 14 1
2.932367 -1.135633 87.143132 17 1
2.462400 -0.958200 87.867798 12 1
2.210300 -0.976600 87.061501 16 1
2.358100 -0.995600 87.413300 18 1
2.641300 -0.897450 87.058250 17 1
2.483200 -1.003200 87.521503 19 1
2.346150 -0.864150 87.686397 20 1
2.623133 -0.892367 86.966268 0 0
2.562000 -0.942800 87.291702 18 1
2.535300 -0.901650 87.028851 16 1
2.632188 -0.889600 86.983599 0 0
2.513900 -1.005067 87.520599 19 1
2.417100 -0.994200 88.014702 12 1
2.483200 -0.933300 87.712733 12 1
2.610200 -0.817300 86.735450 0 0
2.485800 -0.947800 87.542801 12 1
2.547543 -0.946614 87.293043 18 1
2.466600 -0.907400 87.073700 16 1
2.160900 -0.963050 87.003853 16 1
2.550867 -0.917567 87.241933 0 0
2.457333 -0.721833 86.611664 11 1
2.386050 -0.905400 87.124347 16 1
2.635600 -1.028100 86.731796 15 1
2.462400 -0.917600 87.329399 18 1
2.413300 -0.881900 87.123299 16 1
2.649564 -0.902309 87.037490 17 1
2.518750 -0.911000 87.282951 18 1
2.441200 -0.927000 87.704651 12 1
2.534800 -0.911950 87.219898 0 0
2.742189 -0.806822 86.389831 13 1
2.682200 -0.986200 87.152901 17 1
2.547500 -0.909700 87.274597 18 1
2.936700 -1.123700 87.133100 17 1
2.628300 -0.732233 86.403931 0 0
2.433350 -0.980050 88.006798 12 1
2.655375 -1.034425 86.708450 15 1
2.488900 -1.026300 87.547398 19 1
2.283333 -0.716733 86.531433 11 1
2.774300 -1.006400 87.227997 17 1
2.489733 -0.932100 87.491335 0 0
2.699300 -0.794600 86.485802 13 1
2.479533 -0.931933 87.338834 18 1
2.434150 -1.132600 87.661953 19 1
2.433800 -1.091100 87.652573 19 1
2.411800 -1.118600 87.663101 19 1
2.899000 -1.170867 87.229797 17 1
2.523100 -0.735600 86.590698 11 1
2.393700 -0.896100 87.670100 20 1
2.625917 -0.748600 86.474098 0 0
2.657200 -1.038500 86.668404 15 1
2.940800 -1.139450 87.197353 17 1
2.311100 -0.893750 87.676750 20 1
2.626567 -0.832033 86.764834 0 0
2.628000 -0.814400 86.744598 0 0
2.175000 -0.968650 86.998852 16 1
2.448750 -0.898100 87.091999 16 1
2.466600 -0.998867 87.523903 19 1
2.527200 -0.923800 87.339801 0 0
2.445850 -0.954375 87.908024 12 1
2.389133 -1.108600 87.677101 19 1
2.591000 -0.743600 86.536697 11 1
2.620700 -0.798750 86.638702 0 0
2.461450 -1.007275 87.539202 19 1
2.379900 -0.885200 87.658096 20 1
2.528500 -0.949650 87.308548 18 1
2.338100 -0.720200 86.593399 11 1
2.570500 -0.921900 87.190102 0 0
2.256300 -0.863100 87.587502 20 1
2.421075 -0.974450 87.400375 18 1
2.340600 -0.911150 87.131000 16 1
2.910050 -1.160000 87.247650 17 1
2.430450 -0.880925 87.106188 16 1
2.369500 -0.892700 87.683098 20 1
2.601700 -0.899500 87.043701 0 0
2.409600 -0.874100 87.112999 16 1
2.474100 -0.912000 87.575203 20 1
2.439850 -0.730812 86.608139 11 1
2.930500 -1.145000 87.250504 17 1
2.661400 -0.721900 86.306500 0 0
2.161600 -0.979100 86.982498 16 1
2.416900 -1.046500 87.582397 19 1
2.530400 -0.967820 87.464680 19 1
2.282100 -0.872800 87.640297 20 1
2.322233 -0.941000 87.140566 16 1
2.201800 -0.983133 87.041232 16 1
2.352800 -0.943500 87.143799 16 1
2.235600 -0.891500 87.573998 20 1
2.901400 -1.180100 87.251297 17 1
2.604033 -0.887033 87.076833 0 0
2.496400 -0.934300 87.526299 0 0
2.456700 -0.925700 87.338501 18 1
2.554629 -0.917271 87.214500 0 0
2.343000 -1.022000 87.456703 18 1
2.313900 -0.920400 87.129501 16 1
2.677050 -0.998383 86.764750 15 1
2.526825 -0.987725 87.496998 19 1
2.503800 -0.918300 87.299103 18 1
2.471100 -0.987300 87.472000 19 1
2.540500 -0.865200 86.418999 14 1
2.454100 -1.008800 87.497597 19 1
2.448050 -1.111700 87.647602 19 1
2.487125 -0.947900 87.511898 0 0
2.628000 -0.816267 86.709534 0 0
2.457750 -0.959000 87.358299 18 1
2.395033 -0.998500 87.410334 18 1
2.918150 -1.153500 87.190048 17 1
2.447400 -0.963000 87.970802 12 1
2.225100 -0.875200 87.550499 20 1
2.662100 -0.919486 87.085986 17 1
2.541400 -0.935500 87.310249 18 1
2.220050 -0.935100 87.073923 16 1
2.746200 -1.030600 87.222000 17 1
2.460300 -0.949100 87.368599 18 1
2.433750 -0.893450 87.626049 20 1
2.400333 -1.079967 87.601402 19 1
2.622537 -0.889325 87.013551 0 0
2.526250 -1.006475 87.512051 19 1
2.680100 -1.060550 86.527797 15 1
2.590000 -0.813600 86.651299 14 1
2.377500 -0.933600 87.150200 16 1
2.932500 -1.148050 87.220749 17 1
2.420500 -0.955600 87.375999 18 1
2.532400 -0.976600 87.476597 19 1
2.920500 -1.138200 87.049103 17 1
2.622000 -0.795500 86.674202 0 0
2.427700 -1.048200 87.590347 19 1
2.481933 -0.950467 87.325432 18 1
2.430033 -1.147867 87.685969 19 1
2.448475 -0.970275 87.373701 18 1
2.425160 -1.046520 87.556618 19 1
2.761210 -0.818370 86.371711 13 1
2.499175 -1.064150 87.577902 19 1
2.442900 -1.030475 87.574852 19 1
2.662700 -1.049200 86.542198 15 1
2.720800 -0.804900 86.441803 13 1
2.458700 -0.946800 87.852402 12 1
2.461700 -0.939400 87.823196 12 1
2.391000 -0.882000 87.672798 20 1
2.614450 -0.791550 86.657199 0 0
2.430567 -1.001167 87.419469 18 1
2.932633 -1.136500 87.232936 17 1
2.493800 -0.854400 86.326599 14 1
2.631700 -0.917133 86.816635 15 1
2.635200 -0.746150 86.425800 0 0
2.940700 -1.149800 87.170502 17 1
2.640300 -0.938200 86.810799 15 1
2.550750 -0.862750 86.447152 14 1
2.493467 -0.944383 87.407198 0 0
2.588200 -0.836250 86.524299 14 1
2.691800 -1.056200 86.578449 15 1
2.541500 -0.957800 87.462097 19 1
2.601700 -0.886050 87.052799 0 0
2.486150 -0.977000 87.496750 19 1
2.573100 -0.820600 86.610802 14 1
2.429300 -0.963700 87.974899 12 1
2.388967 -1.007567 87.421634 18 1
2.458300 -0.952550 87.808850 12 1
2.566100 -0.896000 86.995399 16 1
2.918200 -1.067000 87.090302 17 1
2.910733 -1.156933 87.217867 17 1
2.314900 -0.881200 87.673649 20 1
2.324300 -1.026600 87.451897 18 1
2.326700 -0.764100 86.571602 11 1
2.766938 -0.815213 86.347550 13 1
2.412300 -0.963000 87.400803 18 1
2.635300 -1.053800 86.618103 15 1
2.639900 -0.875000 86.903202 0 0
2.613450 -0.897950 86.993752 0 0
2.668240 -1.052060 86.686780 15 1
2.705200 -0.947900 87.168701 17 1
2.630150 -0.870050 86.917849 0 0
2.622250 -0.832150 86.753151 0 0
2.785186 -1.076071 87.274728 17 1
2.584000 -0.897100 87.122597 0 0
2.481567 -0.965333 87.470034 19 1
2.502183 -1.019550 87.541684 19 1
2.621600 -0.905400 86.816597 15 1
2.568200 -0.910150 87.184403 0 0
2.532950 -0.932900 87.223602 0 0
2.530700 -0.919667 87.280800 0 0
2.461967 -1.022133 87.551501 19 1
2.494080 -1.013520 87.526759 19 1
2.468233 -0.943633 87.662300 12 1
2.412333 -1.069233 87.643600 19 1
2.584300 -0.900800 87.145500 0 0
2.428100 -1.100400 87.658447 19 1
2.920520 -1.145660 87.214821 17 1
2.234100 -0.918100 87.095802 16 1
2.508733 -0.930433 87.334834 0 0
2.453600 -1.012500 87.511200 19 1
2.490033 -0.933267 87.448601 0 0
2.515100 -0.843600 86.378799 14 1
2.564400 -0.919600 87.173302 0 0
2.605067 -0.892567 87.020701 0 0
2.394900 -0.739800 86.611397 11 1
2.447050 -0.917400 87.680252 12 1
2.897700 -1.110600 87.282303 17 1
2.473775 -0.989825 87.505951 19 1
2.145300 -0.974100 86.968697 16 1
2.705800 -0.977800 87.167397 17 1
2.593933 -0.841900 86.546036 14 1
2.645900 -1.037600 86.658501 15 1
2.393800 -1.069600 87.595901 19 1
2.715850 -0.985200 87.185951 17 1
2.613657 -0.932114 86.819258 15 1
2.528500 -0.919850 87.244900 0 0
2.881900 -1.079400 87.274399 17 1
2.296050 -0.908850 87.123447 16 1
2.414850 -1.088400 87.668049 19 1
2.634900 -0.829000 86.752502 0 0
2.428240 -1.049660 87.610699 19 1
2.671300 -1.063900 86.599977 15 1
2.543500 -0.877700 87.030602 16 1
2.650900 -0.906933 87.064868 17 1
2.671300 -0.974700 87.148300 17 1
2.658200 -0.929900 87.126404 17 1
2.497425 -1.045750 87.563328 19 1
2.401667 -0.973267 87.395136 18 1
2.236000 -0.865100 87.570702 20 1
2.421200 -1.111200 87.666603 19 1
2.241850 -0.875225 87.578400 20 1
2.262000 -0.863700 87.608101 20 1
2.810700 -1.056050 87.265549 17 1
2.355325 -0.910575 87.128025 16 1
2.444700 -1.139400 87.643501 19 1
2.448725 -0.976700 87.392799 18 1
2.337300 -0.884000 87.680298 20 1
2.537800 -0.926360 87.322441 0 0
2.569150 -0.819100 86.653701 14 1
2.393800 -1.081700 87.615097 19 1
2.667350 -0.986000 86.782303 15 1
2.491400 -0.918300 87.330597 18 1
2.417000 -1.090600 87.653999 19 1
2.781250 -0.824800 86.339150 13 1
2.671800 -1.056900 86.551102 15 1
2.638600 -1.014300 86.735298 15 1
2.438700 -1.052900 87.601948 19 1
2.634779 -0.839314 86.782743 0 0
2.916700 -1.152700 87.152901 17 1
2.341900 -0.731500 86.587601 11 1
2.429850 -1.073075 87.628622 19 1
2.642800 -0.851775 86.800726 0 0
2.325700 -0.868867 87.673299 20 1
2.601650 -0.758200 86.520752 11 1
2.462400 -0.978000 87.877800 12 1
2.505150 -0.991050 87.509602 19 1
2.629400 -0.795100 86.556000 13 1
2.500825 -0.937325 87.346922 0 0
2.464000 -1.039000 87.567299 19 1
2.456150 -0.992150 87.376652 18 1
2.487600 -1.056200 87.591599 19 1
2.349850 -0.707325 86.593750 11 1
2.470700 -0.939300 87.350800 18 1
2.467050 -0.935700 87.844303 12 1
2.653700 -1.035300 86.683899 15 1
2.683900 -1.043600 86.563698 15 1
2.454333 -1.106733 87.622465 19 1
2.254500 -0.891400 87.621498 20 1
2.553367 -0.905933 87.218600 0 0
2.479850 -0.926900 87.601200 12 1
2.655500 -1.042500 86.591301 15 1
2.628240 -0.811960 86.683600 0 0
2.740933 -0.812300 86.402832 13 1
2.617700 -0.974800 86.795303 15 1
2.664500 -1.010400 86.733398 15 1
2.452350 -1.019950 87.558853 19 1
2.519100 -0.911500 87.324097 18 1
2.448750 -1.115575 87.635178 19 1
2.527900 -0.883500 86.315201 14 1
2.475967 -0.931367 87.643898 12 1
2.456900 -1.009700 87.523903 19 1
2.772800 -0.986750 87.218403 17 1
2.445025 -0.919850 87.661900 12 1
2.437267 -0.965233 87.394567 18 1
2.708800 -0.997700 87.162003 17 1
2.924000 -1.142900 87.124802 17 1
2.616250 -0.831750 86.785599 0 0
2.672100 -1.051700 86.651001 15 1
2.707733 -0.785767 86.480232 13 1
2.407300 -0.906400 87.660698 20 1
2.676450 -0.937950 87.116011 17 1
2.409150 -1.102450 87.673100 19 1
2.904250 -1.108650 87.118798 17 1
2.914600 -1.160700 87.177399 17 1
2.454400 -1.028700 87.544998 19 1
2.397633 -0.874533 87.662567 20 1
2.626400 -0.848900 86.791649 0 0
2.911100 -1.098100 87.275200 17 1
2.494750 -0.947500 87.431599 9 0
2.926500 -1.158400 87.196999 17 1
2.292000 -0.890500 87.664101 20 1
2.322100 -0.706775 86.581224 11 1
2.673725 -0.959550 87.144800 17 1
2.619833 -0.835933 86.774033 0 0
2.745000 -1.000800 87.218800 17 1
2.359767 -0.919700 87.140434 16 1
2.472500 -0.944767 87.796534 12 1
2.748967 -0.980067 87.212117 17 1
2.621200 -0.866600 86.805603 15 1
2.442500 -0.907850 87.596051 20 1
2.634125 -0.857350 86.812824 15 1
2.631920 -0.884060 86.959770 0 0
2.376100 -0.736600 86.608250 11 1
2.504400 -0.955200 87.448998 19 1
2.672900 -1.054900 86.586502 15 1
2.472100 -1.064400 87.603897 19 1
2.631700 -0.875700 86.823700 15 1
2.716467 -0.779733 86.437949 13 1
2.472800 -0.933750 87.683151 12 1
2.906967 -1.173233 87.220935 17 1
2.448000 -0.942000 87.831299 12 1
2.611100 -0.910750 86.815498 15 1
2.322600 -0.902500 87.124248 16 1
2.752300 -0.810700 86.367599 13 1
2.635017 -0.890242 86.999116 17 1
2.650700 -1.013100 86.736000 15 1
2.669100 -1.064500 86.644649 15 1
2.930700 -1.160200 87.180397 17 1
2.394100 -0.995100 88.004204 12 1
2.441867 -0.985767 87.403603 18 1
2.219600 -0.954500 87.069099 16 1
2.600700 -0.843300 86.566002 14 1
2.447700 -0.970200 87.930298 12 1
2.460629 -1.051757 87.601856 19 1
2.525867 -0.928900 87.235865 0 0
2.457860 -0.965680 87.382559 18 1
2.330600 -1.042400 87.459999 18 1
2.474800 -0.924300 87.563698 20 1
2.492100 -0.969400 87.481300 19 1
2.469767 -1.015600 87.538699 19 1
2.761500 -1.036300 87.228600 17 1
2.594900 -0.748000 86.524948 11 1
2.482333 -0.933167 87.700999 12 1
2.948767 -1.118000 87.130300 17 1
2.688800 -1.055100 86.552101 15 1
2.424100 -0.992933 87.413002 18 1
2.911275 -1.115500 87.133551 17 1
2.509700 -1.037400 87.531097 19 1
2.445550 -0.964150 87.950302 12 1
2.488650 -0.898900 87.065953 16 1
2.417000 -1.063300 87.633003 19 1
2.640020 -0.845080 86.773959 0 0
2.737700 -0.793800 86.390900 13 1
2.782525 -1.061325 87.262226 17 1
2.531700 -0.935700 87.363099 0 0
2.274900 -0.897800 87.646301 20 1
2.924600 -1.153400 87.235100 17 1
2.623700 -0.820200 86.722702 0 0
2.365500 -0.916900 87.680203 20 1
2.453900 -0.943400 87.774399 12 1
2.512000 -0.932200 87.236504 0 0
2.461850 -0.999000 87.482602 19 1
2.399600 -1.109750 87.682904 19 1
2.651550 -1.075550 86.497151 15 1
2.319300 -0.898500 87.684998 20 1
2.627100 -0.840400 86.806297 0 0
2.414900 -0.984600 87.417397 18 1
2.712667 -0.962233 87.178299 17 1
2.461225 -1.073875 87.613377 19 1
2.677100 -1.062500 86.561096 15 1
2.283775 -0.701750 86.503799 11 1
2.461100 -0.938500 87.898697 12 1
2.538450 -0.911300 87.231701 0 0
2.621950 -0.857700 86.833298 15 1
2.936700 -1.100700 87.103050 17 1
2.456650 -0.962250 87.913849 12 1
2.735400 -1.011100 87.217400 17 1
2.647600 -0.924700 87.099899 17 1
2.565900 -0.837300 86.477150 14 1
2.415750 -0.727800 86.613503 11 1
2.453550 -0.957750 87.830501 12 1
2.448544 -0.953178 87.896124 12 1
2.464800 -0.940250 87.788800 12 1
2.499367 -0.960200 87.460800 19 1
2.425200 -0.751533 86.605934 11 1
2.732800 -0.787600 86.407097 13 1
2.497800 -0.981300 87.480400 19 1
2.451775 -1.090100 87.632402 19 1
2.300800 -0.765100 86.530098 11 1
2.472350 -0.942400 87.718552 12 1
2.647000 -1.048700 86.575734 15 1
2.508700 -0.929300 87.279999 18 1
2.383233 -0.905700 87.678830 20 1
2.619700 -0.790400 86.609268 0 0
2.411000 -0.953867 87.382797 18 1
2.653200 -0.879900 86.836197 15 1
2.433900 -0.919000 87.102097 16 1
2.436400 -0.954400 87.839897 12 1
2.496600 -0.945400 87.322197 18 1
2.931500 -1.112500 87.108101 17 1
2.942600 -1.135500 87.240303 17 1
2.628500 -0.823300 86.773697 0 0
2.436300 -1.080200 87.655296 19 1
2.639100 -1.025500 86.709702 15 1
2.440667 -0.892467 87.098732 16 1
2.490950 -0.943300 87.488698 0 0
2.528700 -0.947750 87.454299 19 1
2.721200 -0.966400 87.201500 17 1
2.413900 -1.160100 87.707603 19 1
2.625820 -0.845480 86.831340 0 0
2.447800 -0.895100 87.613602 20 1
2.473667 -0.964033 87.341466 18 1
2.417600 -0.902700 87.643097 20 1
2.637920 -1.052020 86.662959 15 1
2.444100 -0.911000 87.083603 16 1
2.817200 -1.064850 87.269600 17 1
2.400000 -0.883200 87.650200 20 1
2.423850 -1.144650 87.700100 19 1
2.666500 -0.794500 86.538399 13 1
2.335900 -0.899250 87.129700 16 1
2.511720 -0.992300 87.500179 19 1
2.663200 -1.048300 86.568100 15 1
2.316900 -0.945700 87.131599 16 1
2.595500 -0.905050 87.085602 0 0
2.446700 -1.023750 87.538151 19 1
2.410800 -1.004500 87.429497 18 1
2.499300 -1.059600 87.566902 19 1
2.418500 -0.867200 87.111198 16 1
2.432000 -1.038700 87.541950 19 1
2.430750 -0.969050 87.403351 18 1
2.642900 -1.044700 86.638199 15 1
2.535933 -0.929567 87.334867 0 0
2.680187 -0.929975 87.139200 17 1
2.189000 -0.988300 86.998901 16 1
2.280533 -0.705167 86.521568 11 1
2.640350 -0.731017 86.368567 0 0
2.436500 -0.950850 87.367001 18 1
2.274750 -0.880600 87.635200 20 1
2.442500 -0.918300 87.755752 12 1
2.629100 -0.882800 86.943001 0 0
2.480100 -0.981800 87.487999 19 1
2.382700 -0.754500 86.613098 11 1
2.369500 -1.109050 87.643101 19 1
2.654740 -0.905760 87.022560 17 1
2.410600 -1.066950 87.587151 19 1
2.446140 -1.099460 87.644121 19 1
2.514900 -0.934000 87.290802 0 0
2.358450 -1.118650 87.655678 19 1
2.298350 -1.037750 87.451297 18 1
2.635780 -0.893420 87.022800 17 1
2.170820 -0.979980 86.989400 16 1
2.653300 -0.713125 86.306725 0 0
2.896000 -1.095600 87.275101 17 1
2.493325 -0.940350 87.469848 0 0
2.561400 -0.928100 87.224701 0 0
2.376550 -1.093950 87.620404 19 1
2.260300 -0.873700 87.586601 20 1
2.673200 -1.063100 86.664398 15 1
2.664943 -1.048686 86.672415 15 1
2.463000 -0.983400 87.369598 18 1
2.317400 -0.718600 86.581596 11 1
2.586000 -0.900200 87.099701 0 0
2.664000 -1.041000 86.639397 15 1
2.417000 -1.128400 87.684402 19 1
2.409250 -1.070100 87.603950 19 1
2.561400 -0.920900 87.244202 0 0
2.460200 -0.963100 87.843102 12 1
2.432900 -0.953100 87.806297 12 1
2.545800 -0.925100 87.221100 0 0
2.502000 -0.975900 87.468300 19 1
2.496400 -0.948025 87.457949 19 1
2.641567 -1.042567 86.695534 15 1
2.569100 -0.866050 86.982051 16 1
2.661350 -0.956500 86.806999 15 1
2.547650 -0.919450 87.268997 0 0
2.272500 -0.864400 87.639099 20 1
2.501200 -0.966600 87.334000 18 1
2.642200 -0.896300 86.820702 15 1
2.149000 -0.954767 87.001867 16 1
2.585800 -0.838100 86.513496 14 1
2.773100 -0.817100 86.357803 13 1
2.928600 -1.145925 87.160677 17 1
2.446800 -0.938900 87.891403 12 1
2.624800 -0.801300 86.700699 0 0
2.631200 -1.035650 86.720050 15 1
2.522050 -0.930200 87.376301 0 0
2.383700 -0.866400 87.672046 20 1
2.485325 -0.955250 87.308199 18 1
2.752000 -0.799100 86.351303 13 1
2.248700 -0.930200 87.101303 16 1
2.389900 -0.915800 87.122902 16 1
2.692700 -0.978600 87.153198 17 1
2.500600 -1.043500 87.548080 19 1
2.467950 -0.960950 87.793701 12 1
2.413350 -0.922650 87.650375 20 1
2.759200 -0.799600 86.335701 13 1
2.899025 -1.145550 87.163898 17 1
2.477150 -1.043450 87.571152 19 1
2.533300 -0.862800 86.410500 14 1
2.431000 -0.937300 87.365398 18 1
2.518500 -0.974950 87.490299 19 1
2.446300 -1.085950 87.604351 19 1
2.810800 -1.013350 87.242199 17 1
2.694625 -0.806300 86.490576 13 1
2.343733 -0.728400 86.598668 11 1
2.560067 -0.916978 87.190599 0 0
2.423800 -0.886800 87.652702 20 1
2.385800 -0.926680 87.685420 20 1
2.445300 -1.009450 87.523453 19 1
2.499150 -0.938500 87.330547 18 1
2.441667 -0.929433 87.643567 12 1
2.435300 -1.005500 87.407997 18 1
2.662967 -1.061200 86.635833 15 1
2.608400 -0.908700 87.070099 0 0
2.316700 -0.770300 86.553299 11 1
2.617467 -0.733200 86.422600 0 0
2.436600 -1.146350 87.664402 19 1
2.940050 -1.151450 87.196573 17 1
2.440850 -0.944400 87.358097 18 1
2.275800 -0.926000 87.113297 16 1
2.908800 -1.168000 87.238899 17 1
2.616950 -0.800150 86.664997 0 0
2.476167 -0.992211 87.529831 19 1
2.502100 -0.981600 87.497704 19 1
2.584800 -0.820800 86.627502 14 1
2.472750 -0.974400 87.451950 19 1
2.539400 -0.909500 87.006104 16 1
2.438200 -0.930300 87.738998 12 1
2.301850 -0.878750 87.658699 20 1
2.917200 -1.165050 87.197048 17 1
2.827275 -1.081950 87.280661 17 1
2.666000 -1.042000 86.693298 15 1
2.390100 -0.720900 86.615700 11 1
2.466650 -0.925700 87.586403 20 1
2.527600 -0.914700 87.302696 18 1
2.624900 -0.946600 86.811501 15 1
2.389750 -1.100350 87.684402 19 1
2.503000 -0.936200 87.441101 19 1
2.235033 -0.872067 87.559334 20 1
2.797487 -1.076350 87.275174 17 1
2.569267 -0.871000 86.996498 16 1
2.334900 -0.695009 86.581882 11 1
2.447800 -0.999900 87.390503 18 1
2.314033 -1.046567 87.460200 18 1
2.491650 -0.932600 87.314552 18 1
2.374900 -0.753700 86.603302 11 1
2.887900 -1.126900 87.286953 17 1
2.540900 -0.861900 86.429497 14 1
2.667970 -0.925630 87.097731 17 1
2.951600 -1.149400 87.173798 17 1
2.305100 -0.758600 86.548252 11 1
2.385350 -0.928500 87.139601 16 1
2.367633 -0.929033 87.148533 16 1
2.755367 -1.000533 87.223999 17 1
2.153100 -0.969700 86.990196 16 1
2.718750 -0.782483 86.422868 13 1
2.458600 -0.971500 87.817200 12 1
2.477900 -0.978600 87.464401 19 1
2.283900 -0.704600 86.473099 11 1
2.527500 -0.929850 87.278247 0 0
2.375000 -1.102200 87.632797 19 1
2.481733 -0.932600 87.676598 12 1
2.932500 -1.137100 87.217003 17 1
2.916400 -1.152433 87.257032 17 1
2.466200 -1.085400 87.618103 19 1
2.454950 -0.880400 87.082949 16 1
2.449222 -1.057722 87.601858 19 1
2.596250 -0.890750 87.062351 0 0
2.922550 -1.067750 87.080051 17 1
2.330100 -0.897800 87.683403 20 1
2.413300 -0.982550 87.404724 18 1
2.576000 -0.913000 87.159302 0 0
2.250750 -0.885200 87.587750 20 1
2.923033 -1.155767 87.211535 17 1
2.488900 -0.933033 87.502233 0 0
2.517100 -0.939100 87.437550 19 1
2.451150 -1.006200 87.542598 19 1
2.516167 -0.931100 87.272268 0 0
2.465300 -0.963400 87.814003 12 1
2.376933 -0.997167 87.424634 18 1
2.626000 -0.739000 86.434900 0 0
2.441275 -1.130925 87.650475 19 1
2.487000 -0.933700 87.559799 12 1
2.758500 -0.800500 86.323998 13 1
2.510825 -0.936150 87.325827 0 0
2.469000 -0.933400 87.857300 12 1
2.361800 -0.733750 86.600151 11 1
2.431300 -0.983150 87.404326 18 1
2.432100 -0.921800 87.087097 16 1
2.425900 -0.973300 88.014397 12 1
2.567300 -0.924700 87.200401 0 0
2.343900 -1.010300 87.452103 18 1
2.483900 -0.970450 87.343547 18 1
2.289750 -0.899125 87.121525 16 1
2.438667 -0.954100 87.940432 12 1
2.617200 -0.782900 86.617550 0 0
2.445000 -1.074400 87.635200 19 1
2.481400 -1.010500 87.537250 19 1
2.304700 -0.876500 87.669998 20 1
2.655800 -1.019700 86.708801 15 1
2.434360 -1.067060 87.619498 19 1
2.643300 -1.044300 86.611847 15 1
2.419500 -1.162833 87.698636 19 1
2.467967 -1.004467 87.547368 19 1
2.618800 -0.785900 86.630203 0 0
2.507000 -0.935400 87.306198 0 0
2.663633 -1.055533 86.599632 15 1
2.536300 -0.887533 86.329936 14 1
2.630025 -0.763650 86.479651 0 0
2.387500 -1.096100 87.621300 19 1
2.431300 -1.031200 87.574567 19 1
2.431900 -0.958800 87.387398 18 1
2.436633 -0.956500 87.956100 12 1
2.388100 -0.971067 87.436551 18 1
2.725462 -0.794262 86.431975 13 1
2.778600 -0.833300 86.317968 13 1
2.683160 -0.797080 86.503661 13 1
2.429700 -0.736100 86.606598 11 1
2.465300 -0.970400 87.854897 12 1
2.493733 -0.925500 87.532799 20 1
2.466200 -0.970400 87.350800 18 1
2.485725 -0.927850 87.634949 12 1
2.439800 -0.929600 87.692066 12 1
2.466400 -0.933200 87.570503 20 1
2.466920 -0.931500 87.758183 12 1
2.663833 -1.052300 86.614634 15 1
2.464275 -0.731025 86.611700 11 1
2.533300 -0.955500 87.469398 19 1
2.444400 -0.941900 87.842049 12 1
2.373200 -1.123900 87.705399 19 1
2.511675 -0.919775 87.290150 18 1
2.365900 -0.720100 86.595100 11 1
2.371200 -0.926500 87.691002 20 1
2.449200 -0.952250 87.878804 12 1
2.495733 -0.937567 87.425234 0 0
2.459300 -0.974900 87.919998 12 1
2.567900 -0.834700 86.501602 14 1
2.365375 -0.911250 87.131651 16 1
2.922400 -1.141250 87.239548 17 1
2.247800 -0.886350 87.613602 20 1
2.637900 -0.719550 86.366303 0 0
2.458300 -0.944575 87.832577 12 1
2.429500 -1.030700 87.560799 19 1
2.517000 -0.864100 86.354698 14 1
2.900850 -1.165500 87.259102 17 1
2.942200 -1.154100 87.184898 17 1
2.443040 -0.956000 87.383171 18 1
2.370700 -0.938500 87.692703 20 1
2.646433 -0.896544 87.013945 17 1
2.757600 -0.988600 87.213303 17 1
2.375900 -0.885900 87.675102 20 1
2.390500 -0.870600 87.655701 20 1
2.438250 -0.948150 87.790650 12 1
2.908800 -1.093600 87.102097 17 1
2.455800 -1.014100 87.548001 19 1
2.515500 -1.024940 87.524480 19 1
2.748080 -0.787920 86.359780 13 1
2.675700 -1.043800 86.705498 15 1
2.440300 -0.927950 87.716103 12 1
2.515850 -0.920300 87.274849 0 0
2.527633 -0.924533 87.355334 0 0
2.465600 -0.878600 87.072601 16 1
2.655100 -1.027700 86.727501 15 1
2.660700 -1.040700 86.623398 15 1
2.423100 -1.038600 87.571503 19 1
2.499075 -1.001275 87.525873 19 1
2.953117 -1.105767 87.113000 17 1
2.562850 -0.916175 87.205987 0 0
2.647100 -0.910167 87.077550 17 1
2.820000 -1.039500 87.268947 17 1
2.642100 -1.012600 86.750900 15 1
2.580200 -0.906100 87.173550 0 0
2.650350 -1.049025 86.650799 15 1
2.646800 -1.036700 86.669197 15 1
2.679420 -1.060580 86.626842 15 1
2.648700 -0.731700 86.315399 0 0
2.222000 -0.861300 87.547096 20 1
2.662375 -0.803375 86.530726 13 1
2.427633 -0.997400 87.403801 18 1
2.437300 -1.019433 87.533000 19 1
2.345800 -0.930800 87.134804 16 1
2.418100 -0.912700 87.115852 16 1
2.673500 -1.050200 86.597900 15 1
2.457313 -1.046325 87.583451 19 1
2.581433 -0.749167 86.539034 11 1
2.425300 -0.877000 87.093201 16 1
2.601900 -0.899300 87.091797 0 0
2.490100 -0.958000 87.469448 19 1
2.460600 -0.915600 87.318901 18 1
2.572117 -0.754100 86.542699 11 1
2.345950 -0.694500 86.585247 11 1
2.887200 -1.089600 87.279602 17 1
2.766050 -0.815125 86.314402 13 1
2.656567 -0.907667 86.831034 15 1
2.418400 -0.910500 87.656303 20 1
2.652300 -0.999600 86.752800 15 1
2.752300 -1.019300 87.225403 17 1
2.419833 -1.079567 87.658401 19 1
2.464020 -0.950020 87.355580 18 1
2.752090 -0.817910 86.386930 13 1
2.451200 -1.066600 87.618950 19 1
2.542433 -0.884433 86.350301 14 1
2.653350 -0.923800 86.824749 15 1
2.647250 -0.744950 86.327800 0 0
2.420600 -1.054200 87.570198 19 1
2.463450 -1.000000 87.493248 19 1
2.444175 -0.919125 87.724772 12 1
2.425950 -0.938600 87.824101 12 1
2.898250 -1.149550 87.227001 17 1
2.606800 -0.904700 87.058296 0 0
2.449000 -0.744900 86.606697 11 1
2.490700 -0.754267 86.601501 11 1
2.473650 -1.019375 87.556974 19 1
2.474300 -0.936500 87.621696 12 1
2.866200 -1.089900 87.288300 17 1
2.763820 -0.810040 86.335902 13 1
2.529900 -0.922500 87.329200 0 0
2.676100 -0.794400 86.520500 13 1
2.233200 -0.948300 87.082802 16 1
2.929133 -1.123933 87.124733 17 1
2.659200 -0.800500 86.542900 13 1
2.328500 -0.922300 87.129501 16 1
2.747300 -0.807200 86.377800 13 1
2.413100 -0.954200 87.393898 18 1
2.515033 -0.919500 87.308667 18 1
2.490400 -0.967300 87.461151 19 1
2.426300 -1.065500 87.643204 19 1
2.464350 -1.055433 87.586652 19 1
2.634500 -0.846200 86.818497 0 0
2.465100 -0.968500 87.874397 12 1
2.665450 -0.940950 87.130546 17 1
2.542100 -0.922300 87.289299 0 0
2.275800 -0.909600 87.117996 16 1
2.430050 -1.165750 87.701000 19 1
2.587400 -0.842100 86.480202 14 1
2.635700 -0.876500 86.927300 0 0
2.656350 -0.994450 86.771000 15 1
2.524550 -0.923400 87.253878 0 0
2.661833 -1.051600 86.629600 15 1
2.497450 -0.940000 87.365002 0 0
2.709722 -0.791133 86.470956 13 1
2.444700 -0.967200 87.983803 12 1
2.443800 -1.035300 87.596497 19 1
2.357000 -0.742900 86.601402 11 1
2.399400 -0.711400 86.623802 11 1
2.668050 -1.031050 86.711502 15 1
2.436350 -0.973300 87.999496 12 1
2.468400 -1.007800 87.531502 19 1
2.760500 -0.802400 86.357101 13 1
2.489500 -0.927400 87.345596 18 1
2.527400 -0.889400 87.031700 16 1
2.507200 -0.738300 86.603302 11 1
2.775125 -0.824550 86.329975 13 1
2.382400 -0.709200 86.614899 11 1
2.522300 -0.978900 87.476601 19 1
2.391700 -0.989267 87.404231 18 1
2.448000 -1.080600 87.620598 19 1
2.459125 -0.961200 87.880777 12 1
2.260500 -0.911800 87.113998 16 1
2.653000 -0.967800 86.799797 15 1
2.247300 -0.864500 87.592400 20 1
2.424500 -0.922200 87.105499 16 1
2.648600 -1.031400 86.692001 15 1
2.732000 -0.804400 86.421799 13 1
2.562829 -0.761443 86.557286 11 1
2.777600 -1.046100 87.242500 17 1
2.446250 -0.967675 87.865351 12 1
2.638000 -1.003900 86.761599 15 1
2.906800 -1.114000 87.288002 17 1
2.490840 -0.934400 87.407440 19 1
2.446900 -0.924800 87.612801 20 1
2.445700 -0.971350 87.848250 12 1
2.553200 -0.929000 87.289101 18 1
2.522700 -0.963700 87.459198 19 1
2.643000 -0.914500 86.816704 15 1
2.668800 -0.930200 87.133301 17 1
2.517000 -0.963175 87.472227 19 1
2.431500 -0.904000 87.638702 20 1
2.432000 -1.074300 87.638599 19 1
2.426550 -0.968350 87.997601 12 1
2.557000 -0.899900 86.998150 16 1
2.466300 -0.921700 87.775002 12 1
2.443100 -0.951700 87.920898 12 1
2.427000 -1.122100 87.646500 19 1
2.451967 -0.958483 87.847833 12 1
2.427100 -1.059950 87.614300 19 1
2.230800 -0.928100 87.088768 16 1
2.395900 -0.919100 87.670097 20 1
2.664733 -0.941400 86.815600 15 1
2.879200 -1.090500 87.272598 17 1
2.730000 -0.786600 86.422302 13 1
2.464250 -0.985750 87.479702 19 1
2.492600 -0.943200 87.529701 0 0
2.468000 -0.944500 87.558296 20 1
2.515433 -0.947633 87.449033 19 1
2.518300 -0.930500 87.338501 0 0
2.263100 -0.873850 87.607250 20 1
2.658964 -0.910936 87.058785 17 1
2.849000 -1.086000 87.281502 17 1
2.470450 -1.038150 87.583698 19 1
2.471550 -0.908350 87.064800 16 1
2.748400 -0.794220 86.371919 13 1
2.658867 -1.048967 86.657300 15 1
2.430325 -1.118150 87.670651 19 1
2.334650 -0.937150 87.134850 16 1
2.562733 -0.918133 87.220651 0 0
2.670400 -1.066500 86.583504 15 1
2.635000 -0.834100 86.804497 0 0
2.643300 -1.038500 86.704903 15 1
2.655000 -1.047800 86.582603 15 1
2.638360 -0.721880 86.330139 0 0
2.626100 -0.760600 86.494003 0 0
2.374267 -0.901700 87.683365 20 1
2.484450 -1.019613 87.553663 19 1
2.377267 -0.722433 86.603300 11 1
2.626700 -0.958750 86.805751 15 1
2.482600 -1.033100 87.551598 19 1
2.465500 -0.936000 87.879700 12 1
2.514700 -0.958450 87.322552 18 1
2.638700 -1.022100 86.720200 15 1
2.465800 -0.953100 87.826897 12 1
2.646600 -0.883400 86.829300 15 1
2.161275 -0.989025 86.974451 16 1
2.308700 -0.928550 87.125148 16 1
2.428450 -0.940700 87.811534 12 1
2.420500 -0.969800 87.388496 18 1
2.646100 -0.727867 86.347532 0 0
2.237600 -0.938350 87.089703 16 1
2.928500 -1.145900 87.197601 17 1
2.618200 -0.804800 86.678398 0 0
2.605400 -0.899100 87.028603 0 0
2.631850 -0.863750 86.804501 15 1
2.283567 -0.890167 87.652700 20 1
2.494950 -0.920800 87.339752 18 1
2.404567 -1.085333 87.679967 19 1
2.732100 -0.971800 87.203499 17 1
2.645900 -0.975400 86.785599 15 1
2.423200 -0.899800 87.620697 20 1
2.717100 -0.982100 87.195503 17 1
2.454813 -1.069725 87.604798 19 1
2.635500 -0.792400 86.548401 13 1
2.499400 -0.914200 87.552498 20 1
2.556920 -0.871780 87.001721 16 1
2.625100 -0.838900 86.823303 0 0
2.407200 -1.075800 87.658203 19 1
2.479500 -0.953450 87.425850 19 1
2.502000 -0.922800 87.320900 18 1
2.436250 -0.956875 87.970972 12 1
2.939933 -1.120633 87.145899 17 1
2.146600 -0.952700 86.983650 16 1
2.938867 -1.094933 87.095067 17 1
2.454000 -0.998600 87.505550 19 1
2.463300 -0.941600 87.868301 12 1
2.446600 -1.025750 87.566700 19 1
2.377000 -0.916800 87.131001 16 1
2.272300 -0.892900 87.637899 20 1
2.648500 -0.923300 87.113800 17 1
2.479600 -0.939900 87.555099 12 1
2.465533 -0.937833 87.800102 12 1
2.529000 -0.919100 87.266098 0 0
2.877375 -1.099600 87.283974 17 1
2.477950 -0.935775 87.667847 12 1
2.422360 -0.901980 87.104379 16 1
2.663100 -1.051900 86.587502 15 1
2.648900 -0.942400 87.131104 17 1
2.454900 -0.931540 87.760362 12 1
2.438900 -0.912000 87.625000 20 1
2.523800 -0.935400 87.444050 19 1
2.483700 -0.938000 87.543404 12 1
2.556086 -0.947657 87.298213 18 1
2.479600 -0.936400 87.737999 12 1
2.235600 -0.892700 87.587799 20 1
2.675100 -1.029200 86.718399 15 1
2.450000 -0.949300 87.857597 12 1
2.383500 -1.023300 87.439148 18 1
2.936833 -1.121000 87.109566 17 1
2.407560 -0.914360 87.116238 16 1
2.543300 -0.925900 87.259003 0 0
2.872550 -1.111250 87.287701 17 1
2.904100 -1.117425 87.277674 17 1
2.466050 -0.967250 87.836098 12 1
2.539800 -0.923600 87.243797 0 0
2.498400 -0.996900 87.504997 19 1
2.712900 -0.998000 87.175598 17 1
2.401050 -1.147400 87.699303 19 1
2.436133 -0.937367 87.346364 18 1
2.302200 -0.946400 87.126602 16 1
2.341100 -1.031833 87.452136 18 1
2.450700 -0.973000 87.891197 12 1
2.540200 -0.914100 87.283897 0 0
2.466000 -0.957700 87.365898 18 1
2.426700 -0.989300 88.013901 12 1
2.912200 -1.116200 87.122699 17 1
2.917275 -1.165550 87.163998 17 1
2.767520 -0.818220 86.327142 13 1
2.791057 -1.014171 87.229942 17 1
2.486400 -0.932600 87.655998 12 1
2.620200 -0.892500 86.812698 15 1
2.397400 -0.727900 86.610001 11 1
2.479250 -0.920150 87.572651 12 1
2.631800 -0.824500 86.743797 0 0
2.476900 -0.930200 87.571701 12 1
2.445700 -0.876100 87.071701 16 1
2.560133 -0.833167 86.516233 14 1
2.513200 -0.742500 86.595901 11 1
2.634360 -0.731760 86.387039 0 0
2.455000 -0.939000 87.880200 12 1
2.311500 -1.030867 87.460734 18 1
2.488800 -0.923100 87.541735 20 1
2.452078 -0.965344 87.364866 18 1
2.413400 -0.883000 87.660004 20 1
2.687700 -1.046800 86.572304 15 1
2.323400 -0.763000 86.562302 11 1
2.460100 -0.973500 87.910202 12 1
2.466000 -0.951500 87.817101 12 1
2.942300 -1.110600 87.128899 17 1
2.450500 -0.961000 87.376602 18 1
2.617100 -0.808500 86.726353 0 0
2.438550 -0.911450 87.097451 16 1
2.460000 -0.988050 87.467399 19 1
2.397200 -0.891800 87.128700 16 1
2.480900 -0.950900 87.565201 12 1
2.432800 -0.929250 87.830749 12 1
2.695467 -0.802133 86.480400 13 1
2.644367 -0.715900 86.313034 0 0
2.628462 -0.734600 86.413538 0 0
2.526800 -0.926000 87.289522 0 0
2.934900 -1.135900 87.164320 17 1
2.307750 -1.040275 87.454399 18 1
2.435000 -0.975500 87.984802 12 1
2.625200 -0.877950 86.814751 15 1
2.493083 -1.055233 87.583431 19 1
2.359000 -0.713550 86.602447 11 1
2.476167 -0.988200 87.515401 19 1
2.635467 -0.857200 86.845817 0 0
2.741733 -1.021800 87.223798 17 1
2.415550 -0.980000 88.010200 12 1
2.631550 -1.039450 86.699303 15 1
2.498500 -1.025700 87.549599 19 1
2.672600 -1.056800 86.620796 15 1
2.902050 -1.102867 87.277915 17 1
2.466950 -0.893450 87.607349 20 1
2.898050 -1.173300 87.239448 17 1
2.431233 -1.045267 87.602030 19 1
2.514400 -0.934500 87.358902 0 0
2.283350 -0.710050 86.539151 11 1
2.593600 -0.894200 87.082466 0 0
2.481900 -1.000250 87.530800 19 1
2.913900 -1.118300 87.277575 17 1
2.431650 -1.061050 87.626801 19 1
2.921300 -1.141550 87.250054 17 1
2.769767 -1.012600 87.234134 17 1
2.637500 -0.866150 86.863952 0 0
2.218250 -0.872500 87.538502 20 1
2.643567 -1.049767 86.671600 15 1
2.431200 -1.109700 87.649696 19 1
2.382550 -0.887100 87.667351 20 1
2.395133 -0.963033 87.415670 18 1
2.933100 -1.149500 87.176697 17 1
2.511762 -1.015900 87.523839 19 1
2.626000 -0.889700 86.975998 0 0
2.932300 -1.141000 87.182701 17 1
2.447300 -0.968400 87.830902 12 1
2.510943 -0.962329 87.445600 19 1
2.946967 -1.126700 87.134399 17 1
2.454300 -0.979800 87.940201 12 1
2.433267 -0.960367 87.985636 12 1
2.553600 -0.913100 87.169899 0 0
2.214967 -0.982667 87.070366 16 1
2.484000 -1.075800 87.589104 19 1
2.655700 -0.908300 87.043854 17 1
2.479600 -0.959700 87.327599 18 1
2.224800 -0.943900 87.075798 16 1
2.645200 -1.049800 86.630203 15 1
2.562900 -0.930167 87.274834 18 1
2.643100 -0.930900 87.117104 17 1
2.456500 -0.966300 87.855797 12 1
2.580300 -0.887700 86.985802 16 1
2.461120 -0.749260 86.608299 11 1
2.496000 -0.846500 86.350998 14 1
2.192400 -0.980100 87.014999 16 1
2.131150 -0.971350 86.959301 16 1
2.638410 -0.896070 87.031791 17 1
2.738600 -0.801000 86.412003 13 1
2.523722 -0.991944 87.505844 19 1
2.718357 -0.788071 86.453258 13 1
2.437700 -1.050150 87.613350 19 1
2.506067 -0.976967 87.488068 19 1
2.418167 -1.111900 87.676598 19 1
2.616886 -0.739143 86.443816 0 0
2.498300 -0.956500 87.336502 18 1
2.556200 -0.923400 87.263702 18 1
2.451233 -1.025833 87.581034 19 1
2.437600 -0.755550 86.610050 11 1
2.640967 -1.047067 86.681831 15 1
2.633100 -0.893350 86.822300 15 1
2.181900 -0.973650 87.013125 16 1
2.170567 -0.956633 87.013769 16 1
2.492600 -0.906000 87.568901 20 1
2.459300 -0.925500 87.573097 20 1
2.946467 -1.099033 87.115964 17 1
2.416400 -1.096200 87.674896 19 1
2.359100 -1.001900 87.452797 18 1
2.742650 -0.989400 87.212002 17 1
2.439100 -1.019950 87.555946 19 1
2.201100 -0.958300 87.049599 16 1
2.535867 -0.914033 87.274867 0 0
2.635550 -0.721450 86.306900 0 0
2.439700 -0.984033 87.391767 18 1
2.597400 -0.901400 87.067703 0 0
2.920533 -1.155433 87.130732 17 1
2.526333 -0.923667 87.307866 0 0
2.428200 -0.923000 87.629468 20 1
2.619985 -0.821254 86.749792 0 0
2.653900 -0.949200 86.806099 15 1
2.448100 -0.935800 87.775803 12 1
2.627200 -0.850900 86.810898 0 0
2.373533 -0.903267 87.127467 16 1
2.570700 -0.911100 87.172600 0 0
2.555200 -0.919300 87.275002 18 1
2.488400 -0.741600 86.602699 11 1
2.714100 -0.777800 86.459396 13 1
2.560700 -0.878900 86.393501 14 1
2.477000 -0.942100 87.358502 18 1
2.503700 -0.994450 87.518497 19 1
2.603900 -0.889000 87.043900 0 0
2.642200 -1.049200 86.597801 15 1
2.628100 -0.832000 86.794601 0 0
2.433200 -1.163100 87.692299 19 1
2.406680 -0.995180 87.418921 18 1
2.481750 -0.757300 86.603302 11 1
2.532100 -0.911150 87.025349 16 1
2.283260 -0.713480 86.488339 11 1
2.667611 -0.926589 87.109921 17 1
2.458733 -1.016233 87.565870 19 1
2.388840 -0.905200 87.671042 20 1
2.422500 -0.716400 86.607201 11 1
2.662200 -1.062400 86.569901 15 1
2.586500 -0.823100 86.609200 14 1
2.298000 -0.931700 87.120796 16 1
2.176300 -0.979400 87.000801 16 1
2.447600 -1.023000 87.550003 19 1
2.192825 -0.963800 87.035076 16 1
2.620200 -0.818250 86.737670 0 0
2.536275 -0.989300 87.496762 19 1
2.554700 -0.915900 87.250999 0 0
2.916250 -1.105400 87.113301 17 1
2.799033 -1.060900 87.270833 17 1
2.488350 -0.951100 87.437752 9 0
2.451800 -0.983250 87.385803 18 1
2.522000 -0.859100 86.369499 14 1
2.624600 -0.824100 86.731400 0 0
2.541900 -0.944783 87.301483 18 1
2.397333 -0.976800 87.406899 18 1
2.652414 -0.796843 86.548572 13 1
2.490833 -0.911733 87.337535 18 1
2.656800 -0.731000 86.309700 0 0
2.494520 -0.986100 87.490599 19 1
2.493550 -0.946825 87.290175 18 1
2.446400 -0.966500 87.899002 12 1
2.940000 -1.146700 87.229401 17 1
2.509200 -0.968500 87.473698 19 1
2.180700 -0.965000 87.005600 16 1
2.514200 -0.936250 87.316774 0 0
2.451920 -0.932400 87.343341 18 1
2.631600 -0.722600 86.354103 0 0
2.517500 -0.988000 87.493731 19 1
2.404300 -0.754400 86.607498 11 1
2.362450 -1.012350 87.430496 18 1
2.664300 -1.056300 86.666702 15 1
2.799625 -1.031125 87.253800 17 1
2.282200 -0.710600 86.507202 11 1
2.492000 -0.981250 87.502953 19 1
2.476700 -0.986050 87.497097 19 1
2.698800 -0.975200 87.161499 17 1
2.943600 -1.111600 87.191704 17 1
2.229367 -0.886500 87.568835 20 1
2.428300 -0.895400 87.636200 20 1
2.616870 -0.743430 86.461620 0 0
2.450400 -0.968600 87.882401 12 1
2.563300 -0.872400 87.015701 16 1
2.943080 -1.138760 87.148319 17 1
2.447300 -0.947950 87.364350 18 1
2.199100 -0.969000 87.041199 16 1
2.664800 -0.979350 86.790798 15 1
2.636000 -0.723000 86.345001 0 0
2.548300 -0.926000 87.211998 0 0
2.769600 -0.816800 86.367401 13 1
2.406000 -1.015900 87.381401 18 1
2.467300 -0.899750 87.079251 16 1
2.486200 -0.852700 86.321198 14 1
2.448275 -0.954425 87.940098 12 1
2.667233 -0.998400 86.764831 15 1
2.547000 -0.934100 87.275147 18 1
2.331533 -0.704067 86.584399 11 1
2.619800 -0.825300 86.766998 0 0
2.553400 -0.912000 87.205101 0 0
2.422200 -1.005400 87.420799 18 1
2.309750 -1.054650 87.462650 18 1
2.254300 -0.871000 87.595932 20 1
2.671567 -1.063700 86.612132 15 1
2.648100 -1.025500 86.720299 15 1
2.680350 -1.063900 86.605648 15 1
2.627000 -1.056500 86.668999 15 1
2.933100 -1.142300 87.127296 17 1
2.764600 -1.031600 87.239601 17 1
2.365900 -0.910100 87.689751 20 1
2.446333 -0.962033 87.961433 12 1
2.622700 -0.804000 86.709503 0 0
2.344067 -0.941300 87.140966 16 1
2.418900 -1.011000 87.432503 18 1
2.433617 -1.151283 87.677035 19 1
2.654200 -1.043900 86.613998 15 1
2.156200 -0.978400 86.974800 16 1
2.435100 -1.026000 87.526604 19 1
2.394000 -1.073700 87.604467 19 1
2.634500 -0.850800 86.828300 0 0
2.246900 -0.869300 87.573097 20 1
2.432600 -0.717200 86.607300 11 1
2.541880 -0.916600 87.215779 0 0
2.629171 -0.848150 86.842885 0 0
2.545900 -0.886700 87.005501 16 1
2.926050 -1.150100 87.119000 17 1
2.772825 -0.998412 87.223238 17 1
2.486867 -0.974633 87.487668 19 1
2.775000 -1.054750 87.250801 17 1
2.413100 -0.896000 87.113403 16 1
2.474920 -0.931740 87.347119 18 1
2.395567 -1.070133 87.586601 19 1
2.658913 -0.919938 87.095038 17 1
2.331600 -0.881000 87.673451 20 1
2.707600 -0.798400 86.464401 13 1
2.451500 -0.939167 87.847570 12 1
2.465800 -0.938100 87.835301 12 1
2.911550 -1.157550 87.238701 17 1
2.523450 -0.965300 87.316002 18 1
2.372100 -0.707700 86.604897 11 1
2.835750 -1.052250 87.285698 17 1
2.934450 -1.135967 87.205717 17 1
2.487350 -0.849400 86.335549 14 1
2.445750 -0.940275 87.868776 12 1
2.458100 -0.953500 87.859802 12 1
2.434433 -1.036733 87.550797 19 1
2.875000 -1.079638 87.280750 17 1
2.451300 -0.998150 87.481968 19 1
2.432000 -1.098500 87.647102 19 1
2.448050 -0.942900 87.788002 12 1
2.460150 -0.932425 87.589201 20 1
2.625067 -0.888500 87.004201 0 0
2.506100 -0.947800 87.454498 19 1
2.562150 -0.841250 86.498150 14 1
2.751560 -0.796900 86.342201 13 1
2.531050 -0.937250 87.353752 0 0
2.806000 -1.079050 87.278013 17 1
2.341550 -0.772000 86.581353 11 1
2.403420 -0.895960 87.663977 20 1
2.211633 -0.935067 87.061867 16 1
2.446033 -1.063200 87.610568 19 1
2.653400 -0.931500 86.816299 15 1
2.740614 -0.790586 86.377915 13 1
2.241100 -0.883600 87.572899 20 1
2.536900 -0.955900 87.308647 18 1
2.476000 -1.050350 87.585553 19 1
2.585500 -0.876600 86.990402 16 1
2.543000 -0.939250 87.289502 18 1
2.533500 -0.878500 86.336197 14 1
2.734520 -0.805680 86.405020 13 1
2.672800 -1.024000 86.734802 15 1
2.561300 -0.882200 87.002998 16 1
2.578200 -0.913800 87.150101 0 0
2.617300 -0.837500 86.759003 0 0
2.476600 -0.983300 87.478397 19 1
2.664900 -1.043900 86.650902 15 1
2.630700 -0.827400 86.812103 0 0
2.616343 -0.886557 87.034801 0 0
2.573100 -0.879100 86.993599 16 1
2.442150 -1.053650 87.557400 19 1
2.833340 -1.088580 87.283140 17 1
2.493167 -0.942233 87.440135 0 0
2.287100 -0.940200 87.117599 16 1
2.491767 -0.998556 87.520779 19 1
2.952000 -1.130200 87.194549 17 1
2.723400 -0.782000 86.446297 13 1
2.485350 -0.925050 87.332852 18 1
2.631100 -0.862467 86.890933 0 0
2.442200 -0.893100 87.621803 20 1
2.470925 -0.942925 87.682953 12 1
2.445400 -0.942400 87.810097 12 1
2.355167 -0.878200 87.693298 20 1
2.534400 -0.946900 87.442596 19 1
2.193650 -0.980750 87.026550 16 1
2.506100 -0.755800 86.610001 11 1
2.620400 -0.792900 86.555298 13 1
2.349100 -0.716433 86.597300 11 1
2.476733 -1.021833 87.542269 19 1
2.644000 -0.916700 87.102997 17 1
2.364933 -0.725033 86.603302 11 1
2.421333 -1.153900 87.702932 19 1
2.218200 -0.923633 87.076299 16 1
2.576700 -0.830100 86.584999 14 1
2.474700 -1.076600 87.596001 19 1
2.244400 -0.937200 87.095901 16 1
2.659800 -0.927500 87.115097 17 1
2.509075 -0.754613 86.594701 11 1
2.495667 -0.942167 87.385770 0 0
2.526300 -0.978700 87.504204 19 1
2.157100 -0.962900 86.985199 16 1
2.803000 -1.045600 87.261299 17 1
2.793100 -1.048667 87.257368 17 1
2.468900 -0.945333 87.700699 12 1
2.435900 -1.133467 87.673401 19 1
2.530800 -0.969700 87.485603 19 1
2.508200 -0.967600 87.324699 18 1
2.341050 -0.710425 86.591022 11 1
2.428800 -1.030100 87.543098 19 1
2.542244 -0.916256 87.238513 0 0
2.482100 -0.965967 87.481667 19 1
2.434300 -1.039800 87.576103 19 1
2.461350 -0.967000 87.865200 12 1
2.400900 -0.991600 87.401100 18 1
2.672600 -1.055300 86.575897 15 1
2.621500 -0.745300 86.481499 0 0
2.531400 -0.919800 87.235703 0 0
2.446900 -0.961100 87.931602 12 1
2.634850 -0.847400 86.807000 0 0
2.183100 -0.952800 87.026398 16 1
2.940400 -1.113450 87.118851 17 1
2.700400 -0.995333 87.159032 17 1
2.416375 -0.890200 87.120077 16 1
2.240800 -0.919800 87.101898 16 1
2.344160 -0.920100 87.134160 16 1
2.440175 -0.920650 87.082827 16 1
2.304700 -0.913300 87.126801 16 1
2.445700 -1.005900 87.495201 19 1
2.325700 -0.938650 87.131950 16 1
2.512575 -0.917175 87.317225 18 1
2.231800 -0.886900 87.581001 20 1
2.422900 -1.069900 87.659798 19 1
2.432600 -1.137950 87.682953 19 1
2.552200 -0.902400 87.277603 18 1
2.414400 -1.079300 87.670303 19 1
2.646578 -0.900011 87.046822 17 1
2.448000 -0.917225 87.343975 18 1
2.381900 -0.934500 87.682602 20 1
2.530900 -0.933000 87.372902 0 0
2.481933 -0.931067 87.625999 12 1
2.730600 -0.989200 87.199600 17 1
2.639400 -0.889200 86.961098 0 0
2.319900 -0.911600 87.127453 16 1
2.591800 -0.838600 86.554398 14 1
2.502300 -0.932700 87.317051 18 1
2.623167 -0.809000 86.719500 0 0
2.570200 -0.888400 86.989800 16 1
2.137350 -0.965250 86.977326 16 1
2.521900 -0.904800 87.038803 16 1
2.405900 -0.721400 86.609802 11 1
2.460600 -0.895550 87.085350 16 1
2.504933 -0.968367 87.464016 19 1
2.642600 -0.894500 86.979202 17 1
2.658000 -1.016150 86.743752 15 1
2.192000 -0.947950 87.038402 16 1
2.446833 -0.917700 87.670667 12 1
2.767433 -1.049400 87.238830 17 1
2.628370 -0.833930 86.776591 0 0
2.540700 -0.924075 87.280451 0 0
2.701240 -0.943920 87.161499 17 1
2.428400 -0.903500 87.097702 16 1
2.581575 -0.860850 86.981525 16 1
2.576100 -0.816100 86.648598 14 1
2.672500 -0.975900 86.797897 15 1
2.655933 -0.958900 87.142265 17 1
2.641700 -1.046000 86.622101 15 1
2.211050 -0.950200 87.058899 16 1
2.661500 -0.736740 86.314999 0 0
2.931900 -1.121700 87.098168 17 1
2.254400 -0.872350 87.613152 20 1
2.536667 -0.914900 87.257134 0 0
2.198050 -0.950050 87.046200 16 1
2.675700 -0.992100 86.777397 15 1
2.434820 -0.883740 87.098718 16 1
2.652667 -1.048967 86.641984 15 1
2.655000 -0.992600 86.762199 15 1
2.450050 -1.122650 87.629101 19 1
2.409033 -1.018133 87.428299 18 1
2.347500 -0.891100 87.689400 20 1
2.453900 -0.965700 87.925301 12 1
2.551000 -0.916950 87.232866 0 0
2.406800 -0.902467 87.118569 16 1
2.647900 -1.043200 86.686898 15 1
2.470600 -1.018767 87.548302 19 1
2.464100 -0.918200 87.338303 18 1
2.356700 -0.707800 86.586098 11 1
2.568767 -0.919225 87.181600 0 0
2.250150 -0.869700 87.584000 20 1
2.376050 -0.979500 87.443203 18 1
2.521133 -0.918100 87.289302 0 0
2.461775 -1.003575 87.511948 19 1
2.460943 -0.944157 87.814944 12 1
2.465600 -0.942700 87.360901 18 1
2.532840 -0.919650 87.316801 0 0
2.485650 -1.033650 87.563800 19 1
2.438700 -0.948900 87.819000 12 1
2.624500 -0.844800 86.771004 0 0
2.486900 -0.973233 87.467036 19 1
2.783400 -1.005600 87.224998 17 1
2.402800 -1.062700 87.589500 19 1
2.474967 -0.971700 87.352664 18 1
2.442200 -1.062600 87.620300 19 1
2.737550 -1.031150 87.215000 17 1
2.814767 -1.084317 87.280802 17 1
2.308267 -1.069733 87.470266 18 1
2.495400 -0.939500 87.416397 0 0
2.620700 -0.730650 86.398601 0 0
2.422867 -1.073200 87.649770 19 1
2.925350 -1.081750 87.092900 17 1
2.170300 -0.962800 87.003899 16 1
2.587400 -0.910300 87.086998 0 0
2.438900 -0.722600 86.611801 11 1
2.412200 -1.122133 87.679998 19 1
2.471300 -0.918100 87.581802 20 1
2.316200 -0.727500 86.580597 11 1
2.413225 -1.070000 87.652552 19 1
2.422583 -0.877717 87.110083 16 1
2.898900 -1.163000 87.240196 17 1
2.906700 -1.082600 87.047653 17 1
2.511800 -0.926800 87.295799 0 0
2.638067 -0.865467 86.816132 15 1
2.380400 -0.732300 86.600098 11 1
2.479500 -0.975900 87.334702 18 1
2.773338 -0.820950 86.344873 13 1
2.646100 -1.028500 86.704903 15 1
2.407900 -1.125500 87.688400 19 1
2.526530 -0.965290 87.472399 19 1
2.785650 -1.021300 87.239651 17 1
2.610650 -0.910450 87.052498 0 0
2.367825 -1.126750 87.698597 19 1
2.653120 -1.049460 86.597139 15 1
2.260467 -0.875467 87.622035 20 1
2.451400 -0.887900 87.098999 16 1
2.411600 -1.056000 87.600902 19 1
2.517700 -0.902550 87.285801 18 1
2.392800 -1.148900 87.696098 19 1
2.440900 -1.115800 87.664398 19 1
2.677333 -1.061467 86.570201 15 1
2.542300 -0.900900 87.228104 0 0
2.515550 -0.960100 87.463749 19 1
2.610700 -0.891900 87.027901 0 0
2.448967 -0.725617 86.608335 11 1
2.458500 -0.944600 87.842502 12 1
2.241720 -0.887080 87.592740 20 1
2.863187 -1.069575 87.283863 17 1
2.284500 -0.697300 86.523201 11 1
2.510000 -0.930100 87.343697 0 0
2.444033 -0.922433 87.653099 12 1
2.516200 -0.931300 87.224899 0 0
2.788000 -1.069450 87.263149 17 1
2.392500 -1.010300 87.429398 18 1
2.422500 -0.945300 87.842796 12 1
2.933300 -1.135500 87.155502 17 1
2.617800 -0.796150 86.647850 0 0
2.455467 -0.925833 87.593002 20 1
2.485850 -0.950550 87.317402 18 1
2.589913 -0.842175 86.530763 14 1
2.248100 -0.878425 87.598826 20 1
2.467500 -0.947050 87.709350 12 1
2.511300 -0.938300 87.445801 19 1
2.439100 -1.033800 87.567001 19 1
2.533144 -0.923233 87.301766 0 0
2.669733 -0.803067 86.520935 13 1
2.452450 -0.914150 87.065349 16 1
2.598800 -0.910900 87.066704 0 0
2.424840 -1.109720 87.658600 19 1
2.646600 -1.040200 86.650002 15 1
2.695257 -0.940786 87.155686 17 1
2.916650 -1.153800 87.230400 17 1
2.487700 -1.013900 87.546700 19 1
2.423000 -1.054200 87.599065 19 1
2.468100 -1.033600 87.558296 19 1
2.633300 -1.020000 86.728897 15 1
2.918200 -1.150950 87.161502 17 1
2.511100 -0.844500 86.388802 14 1
2.610300 -0.885600 87.055050 0 0
2.919400 -1.161200 87.149151 17 1
2.917900 -1.157100 87.204300 17 1
2.469700 -0.982433 87.508769 19 1
2.788100 -1.041100 87.253100 17 1
2.568300 -0.919250 87.161251 0 0
2.664250 -0.917617 87.067485 17 1
2.941200 -1.147200 87.219200 17 1
2.440300 -0.950900 87.898499 12 1
2.476250 -0.739625 86.604700 11 1
2.293800 -0.767400 86.542099 11 1
2.628600 -0.926467 86.814036 15 1
2.281500 -0.877500 87.647797 20 1
2.740175 -0.977525 87.211124 17 1
2.283600 -0.701200 86.538597 11 1
2.761600 -1.017700 87.229797 17 1
2.790450 -1.057700 87.260597 17 1
2.566900 -0.861700 87.008598 16 1
2.902550 -1.129900 87.286301 17 1
2.467800 -0.998850 87.533101 19 1
2.601200 -0.817000 86.662201 14 1
2.282550 -0.704450 86.494698 11 1
2.445633 -1.022600 87.529434 19 1
2.453500 -0.951800 87.926697 12 1
2.644400 -0.846000 86.817802 0 0
2.676650 -0.967675 87.148874 17 1
2.421580 -1.136200 87.688400 19 1
2.623600 -0.808422 86.692979 0 0
2.464243 -1.031286 87.571615 19 1
2.930300 -1.140500 87.225403 17 1
2.451725 -0.992075 87.386249 18 1
2.440300 -0.956129 87.989112 12 1
2.776250 -1.018375 87.239973 17 1
2.539700 -0.977900 87.481400 19 1
2.479033 -0.935367 87.563232 12 1
2.407067 -0.879133 87.653597 20 1
2.217600 -0.963600 87.068398 16 1
2.461250 -0.876275 87.064600 16 1
2.499100 -0.759800 86.606400 11 1
2.367367 -0.925000 87.139498 16 1
2.203467 -0.976567 87.049199 16 1
2.380400 -1.134020 87.697919 19 1
2.665150 -0.932650 86.821903 15 1
2.602367 -0.892933 87.084867 0 0
2.532833 -0.857167 86.398732 14 1
2.439900 -0.946200 87.781700 12 1
2.628133 -0.752083 86.465101 0 0
2.920333 -1.150700 87.142866 17 1
2.776067 -0.826200 86.356600 13 1
2.278775 -0.704625 86.512699 11 1
2.374500 -0.927000 87.133904 16 1
2.902700 -1.158100 87.264000 17 1
2.322400 -1.044050 87.463704 18 1
2.400150 -1.067400 87.604653 19 1
2.514700 -0.919100 87.243599 0 0
2.460600 -0.940580 87.353119 18 1
2.684150 -1.052400 86.542900 15 1
2.526700 -0.973788 87.470100 19 1
2.441350 -0.929700 87.664704 12 1
2.591600 -0.904600 87.093597 0 0
2.571300 -0.857950 86.984699 16 1
2.925467 -1.142100 87.103368 17 1
2.921100 -1.168800 87.179398 17 1
2.376050 -0.742800 86.600597 11 1
2.409000 -1.056300 87.592300 19 1
2.658900 -0.989050 86.777446 15 1
2.442550 -0.969850 87.968201 12 1
2.640300 -0.922200 87.086800 17 1
2.903000 -1.091800 87.061851 17 1
2.434600 -0.949133 87.343903 18 1
2.308800 -0.943800 87.135200 16 1
2.481771 -1.060971 87.596102 19 1
2.617100 -0.891450 87.002003 0 0
2.635400 -0.830400 86.761150 0 0
2.654500 -0.972100 86.792297 15 1
2.407200 -1.139150 87.692249 19 1
2.454100 -1.031467 87.565300 19 1
2.457950 -0.740150 86.606127 11 1
2.335300 -0.917500 87.133904 16 1
2.814933 -1.031283 87.265184 17 1
2.353600 -0.924500 87.144402 16 1
2.385925 -0.878075 87.655775 20 1
2.141400 -0.960500 86.984100 16 1
2.803600 -1.034600 87.261902 17 1
2.506400 -0.999900 87.510101 19 1
2.655429 -0.947971 87.133355 17 1
2.433367 -0.928533 87.850568 12 1
2.396500 -0.735600 86.603897 11 1
2.335350 -1.025350 87.453300 18 1
2.447400 -0.936300 87.704201 12 1
2.483100 -0.988300 87.502734 19 1
2.686000 -0.817700 86.498798 13 1
2.460200 -0.954400 87.844498 12 1
2.542400 -0.872800 86.357697 14 1
2.181025 -0.964500 87.020676 16 1
2.561050 -0.875225 86.993176 16 1
2.425375 -0.962200 87.382700 18 1
2.907300 -1.105600 87.271500 17 1
2.439000 -1.036433 87.587036 19 1
2.647500 -0.730900 86.334396 0 0
2.552950 -0.876300 86.371749 14 1
2.440450 -1.111650 87.656198 19 1
2.538500 -0.857033 86.414467 14 1
2.424600 -1.056080 87.625542 19 1
2.628564 -0.839218 86.788854 0 0
2.423833 -1.090833 87.670533 19 1
2.341133 -0.893300 87.133932 16 1
2.524567 -0.955300 87.457835 19 1
2.458350 -0.909300 87.076252 16 1
2.637900 -1.034267 86.710431 15 1
2.662000 -0.946500 86.807800 15 1
2.453100 -0.998700 87.371803 18 1
2.184757 -0.986071 87.007985 16 1
2.415800 -0.961100 87.382301 18 1
2.442775 -1.090875 87.635052 19 1
2.677475 -0.809550 86.507526 13 1
2.427500 -1.067250 87.634775 19 1
2.394500 -0.890550 87.658447 20 1
2.652700 -0.809533 86.537234 13 1
2.490600 -1.008200 87.539200 19 1
2.240150 -0.885750 87.583103 20 1
2.585000 -0.829400 86.622498 14 1
2.638000 -0.792900 86.556702 13 1
2.906200 -1.172100 87.250298 17 1
2.638350 -0.892050 86.989201 17 1
2.326400 -0.883100 87.681900 20 1
2.434800 -0.957400 87.925936 12 1
2.489600 -0.933400 87.531601 0 0
2.504300 -0.959700 87.468002 19 1
2.439567 -0.927233 87.349233 18 1
2.413267 -0.736833 86.610700 11 1
2.468200 -0.982000 87.344200 18 1
2.417600 -0.747500 86.605003 11 1
2.412000 -0.897150 87.637699 20 1
2.500200 -1.014300 87.535099 19 1
2.518625 -0.932075 87.322925 0 0
2.447150 -0.941300 87.587250 20 1
2.316900 -0.700450 86.578350 11 1
2.703850 -0.807750 86.473751 13 1
2.407700 -1.106750 87.682602 19 1
2.424260 -0.944560 87.379301 18 1
2.302400 -0.893700 87.672997 20 1
2.492600 -0.910100 87.560402 20 1
2.889580 -1.108860 87.284679 17 1
2.947700 -1.151950 87.191201 17 1
2.625725 -0.896375 86.818976 15 1
2.673767 -0.931483 87.094919 17 1
2.467250 -0.952050 87.796799 12 1
2.565050 -0.896600 86.983951 16 1
2.542067 -0.905567 87.013435 16 1
2.904300 -1.131700 87.149803 17 1
2.644900 -1.018300 86.739700 15 1
2.406900 -0.876900 87.126198 16 1
2.652700 -1.021450 86.736801 15 1
2.357925 -0.934550 87.145973 16 1
2.494467 -0.938267 87.454903 0 0
2.584100 -0.816900 86.645500 14 1
2.465500 -0.994400 87.476303 19 1
2.386250 -0.741900 86.611999 11 1
2.554880 -0.919180 87.224020 0 0
2.923467 -1.136733 87.139399 17 1
2.505533 -0.926000 87.302534 18 1
2.667200 -1.018000 86.740196 15 1
2.583438 -0.869188 86.986549 16 1
2.544533 -0.931067 87.292234 18 1
2.469150 -0.941500 87.566502 20 1
2.545525 -0.862675 86.440325 14 1
2.623400 -0.814900 86.702301 0 0
2.386000 -0.991500 87.412651 18 1
2.909800 -1.133500 87.282700 17 1
2.632550 -1.051200 86.651600 15 1
2.502667 -0.845300 86.360700 14 1
2.431833 -0.941033 87.352831 18 1
2.202400 -0.941500 87.051102 16 1
2.632233 -0.882767 86.951099 0 0
2.658660 -1.049820 86.621020 15 1
2.533800 -0.953500 87.460098 19 1
2.516750 -0.859850 86.362751 14 1
2.655050 -0.915000 86.825401 15 1
2.460950 -0.987000 87.358951 18 1
2.569500 -0.746400 86.552700 11 1
2.475700 -0.922050 87.773102 12 1
2.931067 -1.138167 87.242032 17 1
2.635500 -0.855400 86.857300 0 0
2.313450 -0.906150 87.685848 20 1
2.923900 -1.156200 87.184303 17 1
2.327600 -0.946700 87.137100 16 1
2.566400 -0.818400 86.605904 14 1
2.662083 -0.713567 86.308533 0 0
2.250800 -0.881050 87.607599 20 1
2.804000 -1.018600 87.236603 17 1
2.439967 -0.974200 87.389867 18 1
2.459667 -0.992800 87.502866 19 1
2.524300 -0.925050 87.271950 0 0
2.661650 -1.049225 86.605850 15 1
2.936033 -1.127933 87.143534 17 1
2.447850 -0.974100 87.383301 18 1
2.536100 -0.855300 86.425201 14 1
2.592300 -0.817700 86.659599 14 1
2.774133 -0.826867 86.314565 13 1
2.955333 -1.123633 87.178998 17 1
2.670000 -1.046100 86.575401 15 1
2.658600 -1.041667 86.686734 15 1
2.428575 -0.890250 87.107550 16 1
2.555150 -0.873750 86.389599 14 1
2.392700 -1.086300 87.604198 19 1
2.347440 -0.736800 86.599380 11 1
2.929900 -1.058025 87.080475 17 1
2.631000 -0.746433 86.452832 0 0
2.890833 -1.118367 87.283968 17 1
2.635100 -1.018500 86.752403 15 1
2.920467 -1.160900 87.157634 17 1
2.461367 -0.976933 87.890200 12 1
2.469400 -0.932600 87.897598 12 1
2.437733 -1.020333 87.547567 19 1
2.682300 -1.052700 86.530197 15 1
2.668400 -1.002600 86.757301 15 1
2.308100 -0.769000 86.548103 11 1
2.668700 -1.027400 86.727303 15 1
2.391371 -0.973843 87.427741 18 1
2.262950 -0.887400 87.624248 20 1
2.527512 -0.910963 87.263175 0 0
2.457700 -0.901400 87.598751 20 1
2.924167 -1.051833 87.076665 17 1
2.673600 -1.063850 86.590901 15 1
2.425000 -1.104150 87.651497 19 1
2.932567 -1.150633 87.205465 17 1
2.352300 -1.155100 87.654198 19 1
2.632350 -0.881550 86.817600 15 1
2.500512 -0.971075 87.478702 19 1
2.459400 -0.994400 87.523804 19 1
2.491533 -0.968800 87.472867 19 1
2.599500 -0.900400 87.058403 0 0
2.500850 -0.992083 87.497449 19 1
2.640764 -0.724927 86.360054 0 0
2.296100 -0.884800 87.656998 20 1
2.388900 -1.122000 87.692200 19 1
2.470050 -0.993100 87.492801 19 1
2.663200 -1.058300 86.647751 15 1
2.453800 -1.013600 87.532448 19 1
2.427500 -0.947183 87.365116 18 1
2.634737 -0.873238 86.911487 0 0
2.372100 -0.893425 87.674322 20 1
2.447050 -1.046850 87.589550 19 1
2.441200 -1.015950 87.540897 19 1
2.517100 -0.972400 87.475098 19 1
2.227600 -0.876100 87.559196 20 1
2.650750 -0.919850 86.817650 15 1
2.634350 -0.832350 86.728802 0 0
2.658871 -1.046443 86.666043 15 1
2.343100 -0.872000 87.685699 20 1
2.796986 -1.022871 87.247685 17 1
2.577400 -0.902780 87.128378 0 0
2.555600 -0.919100 87.176498 0 0
2.433400 -0.952400 87.797897 12 1
2.751590 -0.803020 86.371850 13 1
2.623367 -0.892867 86.987065 0 0
2.599150 -0.887550 87.069603 0 0
2.390300 -1.108700 87.686302 19 1
2.544500 -0.903400 87.269852 0 0
2.562300 -0.877700 86.405197 14 1
2.673945 -0.935327 87.124609 17 1
2.512500 -0.943600 87.432098 19 1
2.814500 -1.073600 87.269997 17 1
2.232400 -0.870000 87.551598 20 1
2.666850 -1.045550 86.632900 15 1
2.644400 -1.048600 86.656749 15 1
2.753500 -1.033300 87.226303 17 1
2.671283 -1.058133 86.629968 15 1
2.728500 -1.016300 87.216301 17 1
2.225500 -0.930500 87.080803 16 1
2.508200 -0.984100 87.483902 19 1
2.937200 -1.143400 87.189499 17 1
2.941300 -1.139100 87.232761 17 1
2.691300 -0.934100 87.144096 17 1
2.430940 -0.743040 86.611179 11 1
2.668400 -1.051600 86.560097 15 1
2.634400 -1.050000 86.639801 15 1
2.316200 -1.059000 87.466003 18 1
2.933167 -1.131000 87.127601 17 1
2.518200 -1.004000 87.512100 19 1
2.444250 -1.009200 87.512699 19 1
2.671000 -1.045000 86.591797 15 1
2.655800 -0.962800 86.806900 15 1
2.545025 -0.919875 87.250775 0 0
2.898650 -1.124300 87.132801 17 1
2.410600 -0.920500 87.123802 16 1
2.563267 -0.866300 87.001435 16 1
2.314300 -0.937600 87.133901 16 1
2.613540 -0.889580 87.019501 0 0
2.464160 -1.013400 87.548583 19 1
2.521200 -0.928000 87.295436 0 0
2.440250 -1.125900 87.661549 19 1
2.670750 -1.057450 86.606152 15 1
2.380200 -0.899125 87.667900 20 1
2.473050 -0.938567 87.640751 12 1
2.488900 -0.931450 87.542450 12 1
2.635200 -0.742000 86.401703 0 0
2.441000 -1.081750 87.635601 19 1
2.474400 -1.029850 87.566254 19 1
2.949050 -1.158900 87.184601 17 1
2.638800 -0.913900 87.084396 17 1
2.638200 -0.837600 86.750603 0 0
2.535200 -0.936500 87.292999 0 0
2.523300 -0.916350 87.277773 0 0
2.476500 -0.934225 87.598948 12 1
2.207800 -0.970300 87.056602 16 1
2.290300 -0.899650 87.664852 20 1
2.370100 -0.909950 87.679550 20 1
2.620600 -0.778100 86.554100 0 0
2.454100 -0.958850 87.869450 12 1
2.458950 -0.971350 87.881500 12 1
2.447133 -0.967033 87.857068 12 1
2.618300 -0.817100 86.729248 0 0
2.622300 -0.782100 86.572700 0 0
2.894200 -1.131900 87.289200 17 1
2.292700 -0.920400 87.121251 16 1
2.328750 -0.722550 86.590100 11 1
2.270500 -0.857200 87.625900 20 1
2.450050 -0.882850 87.076652 16 1
2.854500 -1.061125 87.284700 17 1
2.580800 -0.902600 87.153999 0 0
2.625833 -0.847433 86.801000 0 0
2.520875 -0.929225 87.310852 0 0
2.720100 -0.797200 86.449799 13 1
2.524700 -0.941350 87.223652 0 0
2.359125 -0.916975 87.131777 16 1
2.650450 -0.928000 87.106999 17 1
2.538000 -0.885300 86.343300 14 1
2.438450 -1.031550 87.544201 19 1
2.426600 -0.914500 87.639603 20 1
2.651200 -1.037800 86.701500 15 1
2.621500 -0.744200 86.468498 0 0
2.637333 -1.030900 86.723068 15 1
2.460475 -0.958850 87.821048 12 1
2.522100 -0.859950 86.386699 14 1
2.440500 -0.956950 87.371002 18 1
2.430750 -0.908350 87.627953 20 1
2.354700 -0.898600 87.132301 16 1
2.685100 -1.048900 86.557400 15 1
2.559640 -0.937060 87.284579 18 1
2.478150 -0.966900 87.433101 19 1
2.812075 -1.022100 87.254725 17 1
2.377360 -0.931820 87.140040 16 1
2.510600 -0.954600 87.458199 19 1
2.506750 -0.928750 87.288052 18 1
2.758200 -0.806040 86.317821 13 1
2.488680 -1.045280 87.575459 19 1
2.271550 -0.863550 87.616948 20 1
2.386500 -0.979200 87.436096 18 1
2.653000 -0.984200 86.781303 15 1
2.409800 -1.066300 87.578598 19 1
2.930400 -1.151400 87.244301 17 1
2.612100 -0.923750 86.818950 15 1
2.656038 -0.914808 87.082793 17 1
2.508400 -0.839800 86.375702 14 1
2.548300 -0.917471 87.208686 0 0
2.419062 -0.986375 87.410226 18 1
2.251100 -0.880900 87.580668 20 1
2.527300 -0.953675 87.448673 19 1
2.443500 -1.005200 87.385803 18 1
2.453800 -1.030300 87.574547 19 1
2.598300 -0.903500 87.076302 0 0
2.635417 -0.865417 86.881952 0 0
2.902700 -1.182050 87.227200 17 1
2.437150 -0.890183 87.105867 16 1
2.754700 -1.010650 87.220802 17 1
2.289800 -0.875700 87.647598 20 1
2.351950 -0.884650 87.138653 16 1
2.659533 -1.038433 86.699300 15 1
2.188600 -0.971467 87.029335 16 1
2.457100 -0.966100 87.894897 12 1
2.401100 -0.897900 87.124702 16 1
2.655400 -0.795950 86.557800 13 1
2.921500 -1.141900 87.147400 17 1
2.210800 -0.984800 87.060600 16 1
2.577040 -0.758320 86.547821 11 1
2.173800 -0.970400 87.007599 16 1
2.447700 -0.972100 87.838600 12 1
2.450500 -1.057200 87.564301 19 1
2.395950 -1.090100 87.671100 19 1
2.434500 -1.143800 87.604897 19 1
2.585000 -0.808400 86.661400 14 1
2.921250 -1.161150 87.172550 17 1
2.472386 -0.746600 86.602613 11 1
2.617650 -0.770400 86.567001 0 0
2.591800 -0.817600 86.630997 14 1
2.445900 -0.962250 87.941101 12 1
2.450550 -1.108400 87.638798 19 1
2.363600 -1.114900 87.660896 19 1
2.504400 -0.952500 87.438103 19 1
2.545133 -0.917300 87.278066 0 0
2.505100 -1.038900 87.538750 19 1
2.638550 -0.872450 86.826900 15 1
2.644250 -1.039200 86.677700 15 1
2.442867 -1.029000 87.559898 19 1
2.433450 -0.985400 88.000550 12 1
2.477900 -0.994925 87.521000 19 1
2.635360 -0.740040 86.420300 0 0
2.512250 -0.977450 87.468750 19 1
2.920300 -1.085233 87.103335 17 1
2.929567 -1.142700 87.211766 17 1
2.498900 -1.041000 87.556801 19 1
2.550450 -0.898400 87.010548 16 1
2.312100 -0.712850 86.576950 11 1
2.473700 -1.001400 87.528000 19 1
2.435100 -0.956950 87.947250 12 1
2.444300 -1.050400 87.596497 19 1
2.679300 -0.953633 87.145900 17 1
2.485575 -0.943825 87.419624 19 1
2.429300 -1.084300 87.656502 19 1
2.406400 -1.062500 87.606697 19 1
2.629750 -0.877750 86.921798 0 0
2.434750 -0.919300 87.625801 20 1
2.558100 -0.881600 86.377800 14 1
2.934500 -1.127250 87.119503 17 1
2.666250 -0.922600 86.834400 15 1
2.764060 -1.001420 87.226060 17 1
2.651000 -0.908900 87.032204 17 1
2.391000 -0.923100 87.680199 20 1
2.466300 -0.946000 87.670402 12 1
2.491025 -0.953575 87.455225 19 1
2.484900 -0.939267 87.505732 0 0
2.416522 -0.875022 87.118889 16 1
2.421300 -1.051325 87.562250 19 1
2.279600 -0.919400 87.116302 16 1
2.595490 -0.842260 86.524771 14 1
2.623100 -0.826555 86.759064 0 0
2.747700 -0.812200 86.392601 13 1
2.495700 -0.937567 87.433667 0 0
2.370100 -0.699400 86.605003 11 1
2.443300 -0.916000 87.074898 16 1
2.676450 -0.937250 87.139049 17 1
2.157167 -0.972233 86.983566 16 1
2.916600 -1.094900 87.112000 17 1
2.763900 -0.826200 86.370949 13 1
2.628000 -0.785350 86.558300 13 1
2.413200 -0.907600 87.638252 20 1
2.404167 -0.962267 87.401200 18 1
2.491260 -0.938540 87.320639 18 1
2.421533 -1.039200 87.556569 19 1
2.547350 -0.931825 87.284149 18 1
2.457050 -1.008100 87.505249 19 1
2.722300 -0.803400 86.424400 13 1
2.433800 -0.928917 87.799797 12 1
2.459820 -0.940580 87.589300 20 1
2.462667 -0.943667 87.805333 12 1
2.539300 -0.928100 87.225403 0 0
2.488000 -0.944850 87.550449 12 1
2.619500 -0.777600 86.597801 0 0
2.258500 -0.863900 87.596397 20 1
2.447550 -0.950150 87.356499 18 1
2.460450 -1.021375 87.559775 19 1
2.458000 -1.059300 87.603500 19 1
2.744400 -0.798200 86.389397 13 1
2.507300 -0.943500 87.325996 0 0
2.431000 -1.044050 87.582947 19 1
2.166300 -0.956200 86.998299 16 1
2.420300 -0.885200 87.113701 16 1
2.554143 -0.941814 87.289772 18 1
2.376500 -1.114900 87.690102 19 1
2.666400 -1.038500 86.577400 15 1
2.620200 -0.838867 86.785500 0 0
2.549400 -0.883900 86.364998 14 1
2.485900 -0.939467 87.493797 0 0
2.481900 -0.929900 87.609802 12 1
2.567300 -0.881100 86.418701 14 1
2.310000 -0.881800 87.665398 20 1
2.541800 -0.854000 86.431198 14 1
2.259500 -0.866300 87.616699 20 1
2.462500 -0.955400 87.802498 12 1
2.407100 -0.967000 87.392899 18 1
2.466050 -1.069350 87.608650 19 1
2.485900 -0.908600 87.572700 20 1
2.389600 -0.984300 87.418800 18 1
2.619200 -0.777600 86.580299 0 0
2.628590 -0.731610 86.395301 0 0
2.940667 -1.140200 87.214933 17 1
2.423000 -0.904800 87.635002 20 1
2.454200 -0.953600 87.378502 18 1
2.652750 -1.031317 86.717050 15 1
2.472300 -0.943100 87.343803 18 1
2.729900 -0.797100 86.425797 13 1
2.620117 -0.742267 86.453066 0 0
2.502200 -0.853050 86.346798 14 1
2.764800 -0.986850 87.219750 17 1
2.463550 -1.021350 87.542350 19 1
2.617800 -0.794400 86.632499 0 0
2.423933 -1.081667 87.640503 19 1
2.476600 -0.918300 87.343300 18 1
2.455080 -1.078620 87.617197 19 1
2.647500 -1.051200 86.612449 15 1
2.521900 -0.925467 87.229698 0 0
2.369500 -0.711600 86.598297 11 1
2.644200 -1.043300 86.665298 15 1
2.716400 -0.977200 87.184849 17 1
2.263000 -0.857800 87.621498 20 1
2.712750 -0.945100 87.169499 17 1
2.860067 -1.085167 87.285965 17 1
2.358900 -1.002800 87.409698 18 1
2.511300 -0.914000 87.325104 18 1
2.443800 -0.903900 87.089302 16 1
2.412680 -1.133640 87.689101 19 1
2.475233 -0.939033 87.689003 12 1
2.610150 -0.893450 87.041351 0 0
2.640500 -1.012300 86.742897 15 1
2.469950 -0.994650 87.515549 19 1
2.382167 -0.913700 87.677999 20 1
2.580567 -0.823467 86.614667 14 1
2.375000 -0.716500 86.609200 11 1
2.628767 -0.886367 86.966835 0 0
2.511057 -0.985800 87.505443 19 1
2.362800 -1.112800 87.649498 19 1
2.553600 -0.913100 87.185898 0 0
2.676250 -0.929000 87.129051 17 1
2.431800 -1.082260 87.644319 19 1
2.469750 -0.980000 87.353251 18 1
2.406200 -0.985300 87.397350 18 1
2.639000 -0.971600 86.789200 15 1
2.670817 -1.064250 86.623265 15 1
2.401500 -1.104100 87.677498 19 1
2.352100 -0.728200 86.594498 11 1
2.442789 -0.884211 87.097732 16 1
2.439700 -0.931600 87.676498 12 1
2.467650 -0.957150 87.358047 18 1
2.641800 -0.904700 86.822098 15 1
2.470200 -0.932700 87.577568 20 1
2.649400 -1.026600 86.683502 15 1
2.468500 -0.980400 87.468803 19 1
2.439400 -0.900300 87.100002 16 1
2.711800 -0.778500 86.478996 13 1
2.658625 -1.043625 86.674425 15 1
2.427433 -1.094767 87.664134 19 1
2.473000 -0.733900 86.609299 11 1
2.904100 -1.178050 87.241748 17 1
2.177100 -0.974900 86.994202 16 1
2.863225 -1.100525 87.289373 17 1
2.927300 -1.064800 87.085800 17 1
2.899300 -1.163500 87.226650 17 1
2.632011 -0.868767 86.896835 0 0
2.458600 -0.982733 87.904902 12 1
2.190350 -0.985500 87.020550 16 1
2.265800 -0.871550 87.626548 20 1
2.734300 -0.993000 87.209801 17 1
2.356200 -0.703750 86.597072 11 1
2.491850 -1.040033 87.562719 19 1
2.425900 -0.935900 87.843002 12 1
2.617600 -0.833300 86.800499 0 0
2.540500 -0.897400 87.024498 16 1
2.420950 -0.733250 86.610802 11 1
2.368600 -0.919900 87.687302 20 1
2.796400 -1.068050 87.273804 17 1
2.375000 -0.746500 86.607903 11 1
2.196940 -0.983160 87.034881 16 1
2.487550 -0.988775 87.514425 19 1
2.418850 -0.952550 87.843898 12 1
2.305200 -0.905900 87.123398 16 1
2.635900 -0.837900 86.765503 0 0
2.376100 -0.902100 87.675598 20 1
2.756400 -0.818233 86.379768 13 1
2.543000 -0.936900 87.300797 18 1
2.493460 -0.952600 87.463800 19 1
2.527867 -0.910733 87.247632 0 0
2.495000 -0.933800 87.474098 0 0
2.676540 -1.063960 86.641800 15 1
2.462700 -0.960900 87.832603 12 1
2.631200 -0.861025 86.875452 0 0
2.673000 -0.930300 86.823303 15 1
2.725700 -0.790000 86.403297 13 1
2.318000 -1.032200 87.451599 18 1
2.577700 -0.871538 86.993211 16 1
2.630400 -1.047400 86.682602 15 1
2.381500 -0.868933 87.679899 20 1
2.436200 -1.144600 87.593201 19 1
2.728800 -0.804500 86.414497 13 1
2.460800 -1.044700 87.576302 19 1
2.434200 -1.057000 87.618202 19 1
2.416400 -0.890350 87.653247 20 1
2.569100 -0.907967 87.157817 0 0
2.454500 -0.944000 87.825600 12 1
2.423000 -0.906600 87.651100 20 1
2.395825 -1.000375 87.418673 18 1
2.470300 -0.956833 87.343333 18 1
2.646644 -0.722778 86.320577 0 0
2.402100 -1.115900 87.677902 19 1
2.445850 -0.944500 87.850499 12 1
2.487533 -0.947367 87.520798 0 0
2.639100 -0.846700 86.793602 0 0
2.155400 -0.966100 86.996902 16 1
2.360500 -0.696600 86.598503 11 1
2.671675 -0.812000 86.513876 13 1
2.436300 -1.035850 87.559849 19 1
2.437700 -0.946700 87.350800 18 1
2.407400 -0.888400 87.126099 16 1
2.478300 -0.936500 87.718102 12 1
2.384950 -0.887800 87.676201 20 1
2.543667 -0.917533 87.259801 0 0
2.666200 -1.054900 86.677803 15 1
2.331200 -0.907450 87.131100 16 1
2.412567 -1.051867 87.586766 19 1
2.516900 -0.932040 87.280740 0 0
2.433700 -1.025300 87.553668 19 1
2.674000 -1.049800 86.617203 15 1
2.784900 -1.046900 87.247902 17 1
2.457900 -0.992150 87.482073 19 1
2.350150 -0.914400 87.132649 16 1
2.816700 -1.023000 87.261703 17 1
2.409533 -0.890800 87.659101 20 1
2.546200 -0.926650 87.271999 0 0
2.425500 -0.971100 88.006801 12 1
2.437400 -1.075529 87.632287 19 1
2.491800 -0.961150 87.443253 19 1
2.552600 -0.913300 87.268501 18 1
2.894400 -1.104600 87.276901 17 1
2.486700 -0.850900 86.312500 14 1
2.451000 -1.015800 87.517899 19 1
2.438780 -1.139100 87.662121 19 1
2.305750 -0.899800 87.676750 20 1
2.629200 -0.964200 86.800598 15 1
2.493400 -0.969000 87.334900 18 1
2.451800 -0.910500 87.081902 16 1
2.653867 -0.721300 86.308800 0 0
2.329033 -1.033367 87.455434 18 1
2.640100 -1.022400 86.734901 15 1
2.910800 -1.154000 87.264503 17 1
2.420600 -1.089100 87.661602 19 1
2.590200 -0.754000 86.522903 11 1
2.511900 -0.915100 87.297600 18 1
2.473767 -0.932533 87.673698 12 1
2.670725 -1.037375 86.707624 15 1
2.620267 -0.785333 86.588135 0 0
2.167300 -0.962800 86.994102 16 1
2.448400 -0.931400 87.324203 18 1
2.721650 -0.800575 86.435274 13 1
2.289500 -0.870800 87.658203 20 1
2.454100 -1.044000 87.591599 19 1
2.639400 -0.850200 86.813400 0 0
2.395100 -0.919700 87.128275 16 1
2.937900 -1.142800 87.166626 17 1
2.280100 -0.898100 87.652199 20 1
2.509767 -0.983533 87.493533 19 1
2.682200 -0.923633 87.135000 17 1
2.634300 -0.726017 86.369083 0 0
2.269667 -0.887000 87.632001 20 1
2.381500 -0.878700 87.669899 20 1
2.486200 -0.947900 87.430901 9 0
2.500250 -1.008850 87.521847 19 1
2.333900 -0.890900 87.681900 20 1
2.642900 -0.915400 87.095100 17 1
2.431600 -0.961100 87.959999 12 1
2.571600 -0.905460 87.140300 0 0
2.448800 -0.975300 87.901299 12 1
2.536500 -0.895100 86.332001 14 1
2.439500 -0.947014 87.838673 12 1
2.755767 -0.803100 86.308235 13 1
2.501950 -1.051150 87.547000 19 1
2.441650 -1.044350 87.601151 19 1
2.406550 -0.714100 86.616253 11 1
2.914900 -1.080400 87.090202 17 1
2.449750 -0.967600 87.913299 12 1
2.462700 -1.053000 87.594398 19 1
2.394733 -1.015967 87.436297 18 1
2.384600 -1.083800 87.607498 19 1
2.528000 -0.890600 86.311897 14 1
2.405100 -1.089700 87.668800 19 1
2.295400 -0.876300 87.654999 20 1
2.938300 -1.119200 87.126900 17 1
2.545000 -0.923000 87.229897 0 0
2.725029 -0.788971 86.416744 13 1
2.453700 -0.897700 87.608299 20 1
2.670200 -1.053700 86.643402 15 1
2.631500 -0.859000 86.820000 15 1
2.626663 -0.826538 86.749974 0 0
2.920733 -1.148733 87.223534 17 1
2.533400 -0.884500 87.030701 16 1
2.376825 -0.875275 87.685701 20 1
2.376467 -1.004167 87.421201 18 1
2.668060 -0.956460 87.140401 17 1
2.425650 -1.001200 87.413402 18 1
2.514600 -0.925900 87.303902 0 0
2.298033 -1.069900 87.466301 18 1
2.514100 -0.996500 87.517998 19 1
2.509967 -0.928967 87.322899 0 0
2.479367 -0.934100 87.652967 12 1
2.424500 -0.907100 87.113403 16 1
2.717800 -0.964000 87.194901 17 1
2.645500 -0.899900 87.064651 17 1
2.655000 -0.703700 86.310699 0 0
2.668033 -0.947067 87.134634 17 1
2.619971 -0.935486 86.816171 15 1
2.468000 -1.038400 87.576302 19 1
2.383450 -1.013650 87.424301 18 1
2.429600 -0.876400 87.099899 16 1
2.431900 -0.882400 87.113701 16 1
2.460450 -0.950100 87.790951 12 1
2.481100 -0.956100 87.467499 9 0
2.500600 -0.942800 87.446701 19 1
2.628750 -0.880550 86.928997 0 0
2.380000 -0.974967 87.436798 18 1
2.527229 -0.981200 87.484313 19 1
2.588000 -0.899067 87.080101 0 0
2.625933 -0.911667 86.818202 15 1
2.355200 -0.907100 87.689602 20 1
2.605900 -0.900900 87.037300 0 0
2.418300 -0.977600 87.417397 18 1
2.628844 -0.767278 86.497967 0 0
2.661875 -1.046900 86.579075 15 1
2.481400 -0.727700 86.613899 11 1
2.452667 -1.107267 87.631401 19 1
2.487700 -1.024233 87.539998 19 1
2.218350 -0.864650 87.541103 20 1
2.756000 -1.041900 87.227303 17 1
2.434000 -0.964800 87.997902 12 1
2.446500 -0.757933 86.606166 11 1
2.529850 -0.961000 87.460998 19 1
2.509300 -1.001900 87.526001 19 1
2.449033 -1.037967 87.575170 19 1
2.558100 -0.930800 87.265099 18 1
2.667800 -1.044500 86.606201 15 1
2.532200 -0.934300 87.216003 0 0
2.481500 -0.944100 87.561401 12 1
2.748000 -1.037000 87.217697 17 1
2.456900 -0.915900 87.334602 18 1
2.209550 -0.941100 87.057454 16 1
2.528850 -0.904700 87.031898 16 1
2.267200 -0.867100 87.602997 20 1
2.610133 -0.895967 87.059398 0 0
2.454000 -0.926200 87.331100 18 1
2.376800 -0.728500 86.608101 11 1
2.438767 -0.974000 87.992167 12 1
2.822900 -1.041300 87.275902 17 1
2.213300 -0.969400 87.065598 16 1
2.524100 -0.920800 87.238602 0 0
2.481300 -0.990600 87.509903 19 1
2.438033 -0.932033 87.709602 12 1
2.206400 -0.958950 87.055199 16 1
2.376800 -1.095200 87.637199 19 1
2.495833 -1.006833 87.530230 19 1
2.783500 -1.032700 87.247902 17 1
2.406200 -0.918900 87.646301 20 1
2.669300 -1.042400 86.701401 15 1
2.187967 -0.956233 87.032598 16 1
2.561500 -0.916800 87.182602 0 0
2.667325 -1.060075 86.545549 15 1
2.536700 -0.919000 87.266701 0 0
2.421867 -0.916517 87.110017 16 1
2.420500 -1.103900 87.675797 19 1
2.657900 -1.003800 86.756649 15 1
2.466950 -1.060950 87.596050 19 1
2.530100 -0.884250 86.323403 14 1
2.389100 -0.923600 87.133927 16 1
2.487850 -0.982250 87.491101 19 1
2.497600 -0.986775 87.502350 19 1
2.382850 -1.102100 87.629497 19 1
2.660400 -0.966000 86.801598 15 1
2.739920 -0.803400 86.396361 13 1
2.658800 -1.039200 86.659897 15 1
2.646667 -0.890267 86.822467 15 1
2.940600 -1.150000 87.178566 17 1
2.391200 -1.080200 87.622200 19 1
2.454000 -0.884020 87.091199 16 1
2.412500 -0.960700 87.389801 18 1
2.423800 -0.942400 87.858498 12 1
2.760600 -0.812100 86.350628 13 1
2.628560 -0.818580 86.716859 0 0
2.640100 -0.926200 87.100800 17 1
2.589775 -0.843825 86.539848 14 1
2.688900 -0.811700 86.493202 13 1
2.811300 -1.092700 87.286201 17 1
2.273600 -0.872800 87.636002 20 1
2.231700 -0.866600 87.563599 20 1
2.682600 -1.060600 86.535103 15 1
2.281517 -0.713133 86.524883 11 1
2.533440 -0.918220 87.307721 0 0
2.670500 -1.056433 86.593633 15 1
2.535600 -0.949000 87.302696 18 1
2.352500 -1.127300 87.664898 19 1
2.452600 -0.957050 87.839001 12 1
2.406750 -1.099050 87.679901 19 1
2.530200 -0.919000 87.256699 0 0
2.410700 -1.084000 87.675102 19 1
2.800200 -1.083100 87.285400 17 1
2.520470 -0.742800 86.590829 11 1
2.242400 -0.870167 87.584134 20 1
2.773100 -0.829800 86.306999 13 1
2.556150 -0.858350 86.450351 14 1
2.389433 -0.713367 86.614466 11 1
2.421967 -1.042933 87.586899 19 1
2.422700 -0.723000 86.613403 11 1
2.485850 -0.937100 87.550697 12 1
2.437700 -0.903150 87.625347 20 1
2.494175 -1.021225 87.545149 19 1
2.352800 -0.929400 87.137551 16 1
2.433380 -0.904980 87.103960 16 1
2.329433 -0.931633 87.133964 16 1
2.559900 -0.885700 86.396896 14 1
2.418100 -1.064967 87.640966 19 1
2.474050 -1.028850 87.557648 19 1
2.388817 -0.749233 86.611501 11 1
2.393800 -0.880400 87.665604 20 1
2.581700 -0.895300 87.129650 0 0
2.724300 -0.984900 87.199898 17 1
2.466900 -0.929275 87.347225 18 1
2.672850 -1.050500 86.680901 15 1
2.451700 -0.951200 87.904297 12 1
2.426400 -0.892400 87.629451 20 1
2.431033 -0.961633 87.967766 12 1
2.421800 -0.994300 88.008698 12 1
2.437800 -1.007400 87.401050 18 1
2.431000 -1.041000 87.556099 19 1
2.653150 -0.932800 87.121349 17 1
2.469800 -0.924833 87.769000 12 1
2.545900 -0.909300 87.216797 0 0
2.637160 -0.881860 86.945358 0 0
2.620133 -0.736067 86.429601 0 0
2.435100 -0.921200 87.094902 16 1
2.477600 -0.959100 87.337196 18 1
2.511800 -0.963300 87.457100 19 1
2.493150 -0.850500 86.341900 14 1
2.445833 -0.957133 87.955632 12 1
2.179600 -0.980800 87.011902 16 1
2.382722 -0.911556 87.127334 16 1
2.724500 -0.798500 86.443604 13 1
2.512325 -1.030950 87.527899 19 1
2.645900 -1.036000 86.684402 15 1
2.517700 -0.732700 86.595200 11 1
2.386633 -1.085900 87.628832 19 1
2.229350 -0.920650 87.089203 16 1
2.283550 -0.717850 86.538948 11 1
2.660500 -0.911900 87.051102 17 1
2.466950 -0.940000 87.573853 20 1
2.703450 -0.793900 86.478848 13 1
2.911733 -1.162800 87.223867 17 1
2.662033 -0.923367 86.824801 15 1
2.435100 -0.989700 87.403702 18 1
2.359333 -0.992700 87.451365 18 1
2.664000 -1.041050 86.590900 15 1
2.328000 -0.898900 87.128197 16 1
2.384900 -0.738033 86.605601 11 1
2.315700 -0.946500 87.139053 16 1
2.453800 -0.951700 87.365501 18 1
2.432500 -0.942900 87.360497 18 1
2.676660 -0.795260 86.512979 13 1
2.642250 -0.736450 86.363250 0 0
2.941350 -1.133850 87.154224 17 1
2.661400 -1.065033 86.557500 15 1
2.625800 -0.727100 86.369598 0 0
2.517150 -0.973800 87.482849 19 1
2.396000 -0.969800 87.419251 18 1
2.692500 -1.058500 86.569748 15 1
2.759900 -0.798900 86.350403 13 1
2.560300 -0.928100 87.232201 0 0
2.472850 -0.938633 87.658964 12 1
2.455400 -0.930100 87.578003 20 1
2.415350 -1.169400 87.701301 19 1
2.728700 -1.008600 87.214897 17 1
2.632500 -0.742537 86.431887 0 0
2.237700 -0.868900 87.578003 20 1
2.440700 -1.015100 87.527802 19 1
2.713500 -0.796700 86.457001 13 1
2.920000 -1.074233 87.091632 17 1
2.380700 -1.095000 87.626648 19 1
2.415033 -0.950733 87.374067 18 1
2.407667 -1.156967 87.704099 19 1
2.404800 -1.116400 87.685402 19 1
2.673100 -0.944900 86.818001 15 1
2.890633 -1.097367 87.270068 17 1
2.779100 -0.827500 86.322800 13 1
2.590286 -0.841314 86.518671 14 1
2.560000 -0.865450 87.008201 16 1
2.362400 -1.158300 87.644302 19 1
2.721750 -0.981050 87.188553 17 1
2.449467 -1.094367 87.638201 19 1
2.514733 -0.917400 87.283101 18 1
2.412967 -0.913900 87.652298 20 1
2.647400 -0.903100 87.005096 17 1
2.491900 -0.945250 87.424974 9 0
2.674600 -0.985700 86.784401 15 1
2.176167 -0.958867 87.019366 16 1
2.476320 -0.974360 87.496481 19 1
2.670500 -1.065800 86.656097 15 1
2.425300 -0.974075 87.407175 18 1
2.477800 -0.965000 87.322304 18 1
2.446500 -1.048400 87.561401 19 1
2.488650 -0.907650 87.058403 16 1
2.448050 -0.971150 87.951599 12 1
2.527550 -0.911150 87.230351 0 0
2.649300 -0.739600 86.318398 0 0
2.485350 -0.952800 87.473602 9 0
2.487250 -0.960900 87.475799 19 1
2.438700 -0.874300 87.087402 16 1
2.618200 -0.804800 86.670799 0 0
2.308450 -0.920150 87.124298 16 1
2.491425 -1.027475 87.554403 19 1
2.427750 -0.935200 87.817352 12 1
2.482000 -0.936300 87.694153 12 1
2.857350 -1.076500 87.283901 17 1
2.422800 -0.933600 87.911301 12 1
2.517667 -0.934067 87.331902 0 0
2.432100 -1.053600 87.605499 19 1
2.469567 -0.949567 87.832636 12 1
2.530800 -0.958200 87.312401 18 1
2.410300 -1.095900 87.668701 19 1
2.426150 -1.151150 87.691848 19 1
2.433100 -1.125300 87.675598 19 1
2.437900 -1.068200 87.630699 19 1
2.631300 -0.818825 86.701826 0 0
2.796400 -1.009300 87.227898 17 1
2.240800 -0.860400 87.574997 20 1
2.701575 -0.801150 86.470976 13 1
2.520450 -0.913850 87.316299 18 1
2.550817 -0.928600 87.263066 0 0
2.466650 -0.965150 87.343900 18 1
2.929100 -1.159500 87.188599 17 1
2.444500 -1.131900 87.643204 19 1
2.704312 -0.937775 87.155237 17 1
2.702000 -0.805900 86.484703 13 1
2.618400 -0.836100 86.766296 0 0
2.454100 -0.947000 87.875801 12 1
2.489200 -0.747800 86.598000 11 1
2.365150 -0.739450 86.596600 11 1
2.518325 -0.940925 87.445999 19 1
2.516800 -0.923050 87.319203 0 0
2.419800 -1.069250 87.629399 19 1
2.554475 -0.935237 87.275052 18 1
2.343900 -0.886400 87.684799 20 1
2.919350 -1.149100 87.250801 17 1
2.502500 -0.744400 86.599602 11 1
2.445744 -0.737156 86.608889 11 1
2.927250 -1.146350 87.232551 17 1
2.434850 -0.985850 87.386353 18 1
2.742300 -1.008000 87.214600 17 1
2.403900 -0.975000 87.388199 18 1
2.779500 -1.056500 87.256599 17 1
2.444650 -1.118150 87.649304 19 1
2.524250 -0.928400 87.347075 0 0
2.649925 -0.845275 86.812802 0 0
2.479450 -0.918450 87.564152 20 1
2.478300 -0.852600 86.307297 14 1
2.335300 -1.037700 87.455951 18 1
2.686000 -0.968800 87.155098 17 1
2.558600 -0.867500 87.018997 16 1
2.235450 -0.890200 87.566552 20 1
2.386150 -0.883250 87.662048 20 1
2.427800 -0.988500 87.408203 18 1
2.491100 -0.944667 87.464165 6 0
2.450000 -1.002033 87.499934 19 1
2.276800 -0.866000 87.644997 20 1
2.448100 -0.876000 87.078903 16 1
2.711000 -0.983300 87.169800 17 1
2.416800 -1.006950 87.415877 18 1
2.733875 -0.792050 86.401199 13 1
2.429700 -0.902200 87.612602 20 1
2.539333 -0.962667 87.467334 19 1
2.498950 -0.916550 87.335099 18 1
2.630883 -0.842867 86.812884 0 0
2.533300 -0.922950 87.286976 0 0
2.329020 -0.938000 87.139799 16 1
2.643017 -0.893700 86.995650 17 1
2.916400 -1.153350 87.214600 17 1
2.644400 -0.933700 86.815102 15 1
2.396500 -0.912900 87.117996 16 1
2.490000 -0.988833 87.505501 19 1
2.453700 -0.946500 87.350998 18 1
2.755200 -0.978100 87.215698 17 1
2.923650 -1.154700 87.154699 17 1
2.618000 -0.789150 86.650398 0 0
2.451700 -1.017800 87.542999 19 1
2.424800 -1.122300 87.678546 19 1
2.442650 -1.006650 87.394848 18 1
2.704520 -0.985880 87.166779 17 1
2.451050 -1.033425 87.580723 19 1
2.517000 -0.969800 87.458603 19 1
2.497300 -0.957100 87.447800 19 1
2.457960 -1.004460 87.490920 19 1
2.379600 -0.923340 87.687820 20 1
2.213200 -0.953700 87.065102 16 1
2.442767 -0.992267 87.400098 18 1
2.180750 -0.971950 87.002350 16 1
2.463600 -0.925700 87.341599 18 1
2.219300 -0.943600 87.070801 16 1
2.418600 -1.103900 87.667999 19 1
2.446500 -1.038850 87.590550 19 1
2.447750 -1.124900 87.636498 19 1
2.436033 -0.938700 87.692001 12 1
2.545550 -0.912500 87.266300 0 0
2.673711 -0.931911 87.112666 17 1
2.697550 -0.928900 87.144047 17 1
2.480100 -0.902700 87.068447 16 1
2.431140 -1.156560 87.689461 19 1
2.301950 -0.763950 86.552551 11 1
2.491480 -0.977000 87.482361 19 1
2.758400 -0.805550 86.329432 13 1
2.626800 -0.823750 86.764850 0 0
2.440100 -0.740800 86.605400 11 1
2.334767 -0.710200 86.587033 11 1
2.627667 -0.833867 86.810033 0 0
2.622971 -0.832671 86.782514 0 0
2.638733 -1.052800 86.626668 15 1
2.535100 -0.912200 87.289902 0 0
2.472000 -1.075400 87.602798 19 1
2.663750 -0.918075 87.076977 17 1
2.620200 -0.964300 86.810066 15 1
2.617900 -0.808900 86.706703 0 0
2.934750 -1.106050 87.109749 17 1
2.638600 -0.875300 86.895203 0 0
2.478833 -1.045367 87.578967 19 1
2.501200 -0.931300 87.308296 18 1
2.368400 -0.887850 87.689697 20 1
2.452775 -0.971750 87.388302 18 1
2.659400 -1.023300 86.722603 15 1
2.478867 -0.926183 87.344234 18 1
2.412200 -1.120600 87.671303 19 1
2.442867 -0.965867 87.975901 12 1
2.396500 -1.097400 87.681602 19 1
2.235500 -0.881480 87.577582 20 1
2.642800 -0.894150 87.007801 17 1
2.662900 -1.061950 86.582847 15 1
2.491600 -0.928750 87.416252 19 1
2.648100 -1.004100 86.748703 15 1
2.525600 -0.933600 87.223999 0 0
2.431200 -0.955850 87.368248 18 1
2.919950 -1.146200 87.154251 17 1
2.641467 -0.740500 86.326632 0 0
2.538733 -0.905000 87.020165 16 1
2.664140 -1.052520 86.653539 15 1
2.556600 -0.885400 86.997498 16 1
2.721540 -0.785100 86.437819 13 1
2.533100 -0.930233 87.355967 0 0
2.327300 -0.733100 86.594498 11 1
2.169900 -0.974100 86.995999 16 1
2.507600 -1.030700 87.537399 19 1
2.414250 -1.076350 87.643902 19 1
2.479200 -0.924200 87.555397 20 1
2.448300 -1.052700 87.548103 19 1
2.360600 -0.726300 86.594803 11 1
2.490900 -0.940000 87.544800 12 1
2.658400 -1.049760 86.635860 15 1
2.530429 -0.926386 87.322957 0 0
2.515900 -0.935400 87.344498 0 0
2.311100 -0.887100 87.671402 20 1
2.670567 -1.060133 86.638901 15 1
2.640400 -0.907200 87.078300 17 1
2.628133 -0.822400 86.737635 0 0
2.487900 -0.941450 87.535801 0 0
2.504000 -0.934833 87.340764 0 0
2.529200 -0.863100 86.396202 14 1
2.574700 -0.741100 86.553101 11 1
2.251500 -0.865533 87.601598 20 1
2.502300 -0.938400 87.370300 0 0
2.539033 -0.955667 87.455401 19 1
2.750600 -0.810350 86.386097 13 1
2.240000 -0.872900 87.570396 20 1
2.304550 -1.062150 87.463852 18 1
2.665100 -0.925950 87.128573 17 1
2.935300 -1.146000 87.200401 17 1
2.443300 -0.953120 87.973898 12 1
2.537900 -0.940100 87.314796 18 1
2.671600 -1.052200 86.659500 15 1
2.518433 -0.928800 87.235499 0 0
2.164300 -0.959200 87.009102 16 1
2.520650 -0.928750 87.355925 0 0
2.617300 -0.772900 86.550102 0 0
2.515400 -0.937100 87.430298 19 1
2.484800 -0.917000 87.557404 20 1
2.533000 -0.929400 87.231499 0 0
2.628067 -0.755244 86.476356 0 0
2.320467 -0.923467 87.128367 16 1
2.929100 -1.142200 87.143234 17 1
2.358833 -0.718433 86.594065 11 1
2.450500 -1.004300 87.523003 19 1
2.395100 -1.153650 87.701252 19 1
2.647043 -1.051843 86.602629 15 1
2.397950 -1.136150 87.700426 19 1
2.439617 -1.097183 87.646567 19 1
2.498400 -0.949900 87.444298 19 1
2.536900 -0.932300 87.304798 0 0
2.371233 -1.105267 87.650002 19 1
2.447400 -0.946700 87.892899 12 1
2.322900 -0.870500 87.666702 20 1
2.878025 -1.106150 87.287176 17 1
2.148500 -0.952400 86.994904 16 1
2.297600 -0.895000 87.665497 20 1
2.451100 -1.114500 87.627998 19 1
2.625673 -0.835955 86.800664 0 0
2.569089 -0.758233 86.551477 11 1
2.484100 -1.067500 87.592598 19 1
2.713575 -0.970400 87.185150 17 1
2.376333 -1.108700 87.628403 19 1
2.649986 -0.901914 87.029156 17 1
2.660200 -1.041200 86.631798 15 1
2.418833 -0.899167 87.110133 16 1
2.567650 -0.862600 86.989002 16 1
2.456600 -1.100100 87.629399 19 1
2.393500 -1.088600 87.612701 19 1
2.443800 -1.078000 87.628952 19 1
2.735750 -0.795175 86.407700 13 1
2.526700 -0.923175 87.298324 0 0
2.517125 -0.908275 87.290301 18 1
2.476250 -0.982250 87.470848 19 1
2.906667 -1.123267 87.137001 17 1
2.757333 -0.806300 86.362399 13 1
2.440150 -0.947150 87.811876 12 1
2.901100 -1.102100 87.269897 17 1
2.649667 -0.899833 87.019600 17 1
2.670150 -1.058083 86.653949 15 1
2.375400 -0.883750 87.682052 20 1
2.685500 -0.979900 87.154503 17 1
2.427067 -1.142667 87.693866 19 1
2.461167 -0.941183 87.848465 12 1
2.654300 -1.043800 86.625000 15 1
2.464500 -0.937300 87.861504 12 1
2.712533 -0.803733 86.460803 13 1
2.649550 -0.962900 86.795650 15 1
2.368900 -1.116400 87.639198 19 1
2.619350 -0.950075 86.815224 15 1
2.397857 -0.746143 86.609372 11 1
2.558100 -0.910300 87.164902 0 0
2.614450 -0.811850 86.733150 0 0
2.329400 -0.771350 86.570351 11 1
2.680650 -0.803000 86.507402 13 1
2.446075 -0.950575 87.914226 12 1
2.629555 -0.742673 86.441000 0 0
2.533000 -0.855600 86.409500 14 1
2.385900 -0.929200 87.692398 20 1
2.747800 -1.025400 87.227600 17 1
2.524100 -0.919650 87.260601 0 0
2.352600 -0.702000 86.587647 11 1
2.410200 -1.144400 87.698402 19 1
2.556745 -0.917536 87.199854 0 0
2.598400 -0.895000 87.034599 0 0
2.646750 -0.907000 87.071017 17 1
2.937800 -1.133800 87.147598 17 1
2.805950 -1.061150 87.267601 17 1
2.424425 -0.947600 87.793747 12 1
2.397000 -1.077700 87.609948 19 1
2.691800 -0.986800 87.157501 17 1
2.665500 -1.045300 86.686851 15 1
2.554300 -0.868500 87.028751 16 1
2.675000 -1.051600 86.689367 15 1
2.474600 -1.087200 87.595703 19 1
2.476300 -1.037267 87.566266 19 1
2.687633 -0.803867 86.500267 13 1
2.455700 -0.971800 87.903297 12 1
2.318300 -0.767700 86.560204 11 1
2.461167 -0.989567 87.487999 19 1
2.646700 -0.710443 86.308029 0 0
2.166975 -0.968125 86.998998 16 1
2.603300 -0.914300 87.051201 0 0
2.341600 -0.934500 87.140701 16 1
2.458433 -0.964467 87.887199 12 1
2.425300 -1.052750 87.616546 19 1
2.930200 -1.141500 87.152901 17 1
2.649650 -0.899800 86.824700 15 1
2.458067 -0.960767 87.862602 12 1
2.349100 -1.134700 87.678802 19 1
2.643867 -0.897289 87.037710 17 1
2.661400 -1.049300 86.596726 15 1
2.583525 -0.757000 86.537225 11 1
2.679100 -1.062300 86.635200 15 1
2.414400 -1.111900 87.684700 19 1
2.399000 -1.005500 87.429901 18 1
2.500050 -0.757275 86.599699 11 1
2.477400 -0.932800 87.583351 12 1
2.268800 -0.910000 87.116302 16 1
2.638069 -0.845485 86.800838 0 0
2.461800 -1.004900 87.531502 19 1
2.707800 -0.994500 87.179298 17 1
2.399150 -1.079000 87.594299 19 1
2.454250 -0.898400 87.087353 16 1
2.533000 -0.915600 87.228798 0 0
2.459500 -1.089600 87.627502 19 1
2.168600 -0.973100 86.987900 16 1
2.439633 -0.881367 87.091476 16 1
2.278400 -0.699850 86.527752 11 1
2.650700 -1.003600 86.759300 15 1
2.614600 -0.796800 86.672897 0 0
2.440780 -0.961800 87.388960 18 1
2.396500 -1.117300 87.682198 19 1
2.782700 -1.067400 87.256550 17 1
2.463650 -0.889850 87.088501 16 1
2.337725 -0.727337 86.594200 11 1
2.946867 -1.121600 87.139468 17 1
2.655000 -1.043100 86.602600 15 1
2.777100 -0.836000 86.308548 13 1
2.457360 -1.025120 87.566182 19 1
2.437700 -0.967850 87.982300 12 1
2.532400 -0.928400 87.341652 0 0
2.742067 -0.792033 86.384801 13 1
2.498700 -0.941800 87.288902 18 1
2.461700 -0.965500 87.849701 12 1
2.539140 -0.921060 87.295721 0 0
2.485500 -1.000200 87.515400 19 1
2.793643 -1.061629 87.265686 17 1
2.926300 -1.149400 87.212097 17 1
2.418100 -0.889300 87.638397 20 1
2.406975 -1.078750 87.665325 19 1
2.432200 -0.750900 86.610897 11 1
2.428700 -1.040700 87.549103 19 1
2.378400 -0.895500 87.681396 20 1
2.785400 -0.824700 86.345001 13 1
2.496620 -1.034880 87.550319 19 1
2.403100 -1.019800 87.432404 18 1
2.444900 -0.945700 87.825996 12 1
2.410500 -0.900200 87.662353 20 1
2.668800 -1.048600 86.693398 15 1
2.473333 -0.902000 87.313433 18 1
2.653600 -1.047800 86.670700 15 1
2.458100 -0.993400 87.495903 19 1
2.498600 -1.052600 87.561600 19 1
2.268900 -0.924800 87.111801 16 1
2.660200 -1.042700 86.564796 15 1
2.400460 -0.994340 87.412459 18 1
2.487560 -0.944260 87.322841 18 1
2.623300 -0.953386 86.809886 15 1
2.351600 -0.868700 87.689697 20 1
2.424400 -0.968100 87.972099 12 1
2.696500 -0.812700 86.487602 13 1
2.714200 -0.782400 86.464874 13 1
2.678000 -1.058133 86.521400 15 1
2.442050 -1.033100 87.581452 19 1
2.666500 -0.925100 87.066902 17 1
2.643700 -0.924700 87.093803 17 1
2.662000 -0.993200 86.766800 15 1
2.621100 -0.752600 86.480202 0 0
2.459067 -1.007033 87.517634 19 1
2.628400 -0.816250 86.752751 0 0
2.633600 -0.834300 86.790100 0 0
2.604700 -0.898700 87.053802 0 0
2.395600 -0.983300 87.403702 18 1
2.926000 -1.145800 87.244900 17 1
2.431186 -1.091171 87.659230 19 1
2.475733 -1.006833 87.532168 19 1
2.477200 -0.852400 86.322304 14 1
2.185350 -0.983100 87.016052 16 1
2.214100 -0.933200 87.069801 16 1
2.524117 -0.984150 87.490017 19 1
2.927550 -1.148850 87.167099 17 1
2.590500 -0.897000 87.088249 0 0
2.667286 -0.923400 87.083042 17 1
2.664562 -0.922923 87.091731 17 1
2.551100 -0.902300 87.212898 0 0
2.540700 -0.930900 87.276100 0 0
2.646736 -0.902543 87.056021 17 1
2.642800 -0.865900 86.829903 15 1
2.370650 -0.722300 86.600048 11 1
2.703200 -0.789100 86.488098 13 1
2.380100 -1.020600 87.433502 18 1
2.631933 -0.889556 86.992734 17 1
2.645400 -1.028200 86.726303 15 1
2.629280 -0.853760 86.860341 0 0
2.287750 -0.888050 87.658951 20 1
2.641175 -0.892783 87.016907 17 1
2.440417 -0.938500 87.337549 18 1
2.640950 -1.045050 86.688648 15 1
2.630600 -0.821700 86.726601 0 0
2.409700 -0.998100 87.424651 18 1
2.750300 -0.797800 86.323998 13 1
2.244750 -0.880100 87.583748 20 1
2.923500 -1.152750 87.136848 17 1
2.464400 -0.923600 87.580002 20 1
2.447000 -0.918800 87.616600 20 1
2.413900 -0.743900 86.610397 11 1
2.289000 -0.909700 87.123497 16 1
2.643775 -0.794217 86.551682 13 1
2.463900 -0.723300 86.613926 11 1
2.419600 -1.074000 87.669502 19 1
2.364633 -0.710133 86.605334 11 1
2.448800 -0.951067 87.886068 12 1
2.454450 -0.935450 87.586250 20 1
2.627900 -1.053100 86.676903 15 1
2.596100 -0.895200 87.044403 0 0
2.465400 -0.961700 87.801002 12 1
2.461550 -0.974150 87.871903 12 1
2.680400 -1.065700 86.590099 15 1
2.442200 -1.084100 87.618500 19 1
2.411900 -0.718300 86.613701 11 1
2.444200 -0.920625 87.703850 12 1
2.496600 -1.058445 87.574455 19 1
2.790100 -1.072100 87.269798 17 1
2.449350 -0.959900 87.883148 12 1
2.461800 -0.982950 87.898349 12 1
2.628867 -0.728722 86.383767 0 0
2.774800 -1.039400 87.245102 17 1
2.731100 -0.788400 86.389498 13 1
2.677150 -0.976850 87.151649 17 1
2.623100 -0.829662 86.773822 0 0
2.760450 -0.813075 86.365774 13 1
2.412750 -0.991300 87.416702 18 1
2.912300 -1.084500 87.098198 17 1
2.523200 -0.927500 87.334099 0 0
2.494500 -0.974100 87.476473 19 1
2.939600 -1.123250 87.152451 17 1
2.509100 -0.746900 86.592201 11 1
2.924400 -1.139700 87.132202 17 1
2.680150 -0.815350 86.504524 13 1
2.481825 -1.052550 87.588875 19 1
2.522100 -0.861200 86.396896 14 1
2.370967 -0.731467 86.605367 11 1
2.371000 -0.935050 87.147053 16 1
2.627100 -0.857500 86.825302 15 1
2.427500 -0.756400 86.610497 11 1
2.804400 -1.025300 87.253502 17 1
2.931400 -1.135833 87.134735 17 1
2.656700 -1.047267 86.648300 15 1
2.637800 -0.747200 86.330200 0 0
2.452133 -1.003567 87.535665 19 1
2.463300 -0.976500 87.368202 18 1
2.555100 -0.899200 87.004898 16 1
2.302500 -0.936050 87.124248 16 1
2.506825 -1.016150 87.533523 19 1
2.255600 -0.876700 87.592003 20 1
2.392600 -0.902450 87.121601 16 1
2.445600 -0.945800 87.351303 18 1
2.364400 -0.705500 86.597603 11 1
2.459600 -0.957600 87.837997 12 1
2.515200 -1.011800 87.518997 19 1
2.524100 -0.926520 87.326041 0 0
2.437400 -0.955350 87.932150 12 1
2.614100 -0.785475 86.623323 0 0
2.718600 -0.782820 86.431680 13 1
2.473314 -0.928571 87.757899 12 1
2.563200 -0.768400 86.556297 11 1
2.487400 -0.852600 86.328903 14 1
2.647100 -1.051800 86.638748 15 1
2.811350 -1.016850 87.250099 17 1
2.639300 -0.845200 86.781197 0 0
2.466320 -1.078660 87.614162 19 1
2.497300 -0.926500 87.317200 18 1
2.511600 -0.964833 87.467135 19 1
2.400800 -0.972800 87.402100 18 1
2.636050 -0.730150 86.376000 0 0
2.531300 -0.862200 86.403397 14 1
2.318000 -0.888000 87.672897 20 1
2.469267 -1.009933 87.542831 19 1
2.496225 -1.000200 87.512276 19 1
2.623350 -0.871600 86.810051 15 1
2.564825 -0.871475 86.987600 16 1
2.590400 -0.908800 87.080250 0 0
2.360000 -0.920800 87.684303 20 1
2.677400 -1.059400 86.669601 15 1
2.485600 -1.005067 87.535334 19 1
2.318400 -0.893300 87.678902 20 1
2.451700 -0.903400 87.595703 20 1
2.425650 -0.908450 87.643349 20 1
2.907600 -1.123467 87.278366 17 1
2.564850 -0.833700 86.509903 14 1
2.340550 -1.016450 87.452454 18 1
2.549700 -0.921100 87.260002 0 0
2.367425 -0.898725 87.680174 20 1
2.698100 -0.949600 87.164150 17 1
2.358750 -1.125900 87.661999 19 1
2.487050 -0.995050 87.526500 19 1
2.919600 -1.157300 87.197502 17 1
2.452333 -0.920233 87.338165 18 1
2.459650 -1.004800 87.499099 19 1
2.470400 -0.945300 87.354401 18 1
2.489767 -0.925633 87.641065 12 1
2.359033 -0.925333 87.131401 16 1
2.458140 -0.878300 87.077080 16 1
2.679400 -0.944900 87.144402 17 1
2.313350 -0.764500 86.549198 11 1
2.613800 -0.817475 86.741451 0 0
2.765100 -1.043400 87.235100 17 1
2.513300 -0.933100 87.308197 0 0
2.916400 -1.156000 87.166000 17 1
2.418600 -1.127200 87.677696 19 1
2.631989 -0.752033 86.444079 0 0
2.933850 -1.147400 87.170002 17 1
2.431000 -1.111200 87.671097 19 1
2.634611 -0.878989 86.935788 0 0
2.797720 -1.015840 87.233260 17 1
2.424467 -0.969800 87.395566 18 1
2.354900 -0.937700 87.140503 16 1
2.379400 -0.710650 86.608750 11 1
2.491233 -0.941100 87.482068 0 0
2.479900 -1.021200 87.548599 19 1
2.548567 -0.918000 87.217901 0 0
2.466800 -0.957050 87.811500 12 1
2.535400 -0.949800 87.454300 19 1
2.442100 -0.925967 87.697800 12 1
2.367400 -1.165600 87.692902 19 1
2.473100 -0.990400 87.523300 19 1
2.527125 -0.731625 86.586601 11 1
2.640500 -1.049967 86.614817 15 1
2.570500 -0.835600 86.492401 14 1
2.536429 -0.925471 87.329229 0 0
2.390900 -1.075900 87.595100 19 1
2.453900 -0.937300 87.347901 18 1
2.544567 -0.950456 87.298413 18 1
2.472950 -0.935050 87.568604 20 1
2.509300 -0.959350 87.451733 19 1
2.436375 -1.087825 87.646974 19 1
2.308500 -0.949000 87.129898 16 1
2.569400 -0.827900 86.547203 14 1
2.660300 -1.037300 86.691902 15 1
2.256200 -0.859850 87.607651 20 1
2.937875 -1.142250 87.178699 17 1
2.539400 -0.920264 87.274755 0 0
2.451700 -0.961400 87.895401 12 1
2.749640 -0.793880 86.356520 13 1
2.478800 -0.936025 87.706848 12 1
2.618300 -0.787700 86.602997 0 0
2.457400 -0.728600 86.610001 11 1
2.661900 -1.033900 86.713097 15 1
2.562783 -0.925783 87.218283 0 0
2.641000 -0.716900 86.360001 0 0
2.624100 -0.732200 86.418404 0 0
2.486300 -0.966700 87.454597 19 1
2.442333 -0.959411 87.967655 12 1
2.564400 -0.918450 87.213901 0 0
2.452600 -0.965933 87.862931 12 1
2.562800 -0.754500 86.556801 11 1
2.182325 -0.985375 87.001501 16 1
2.450800 -0.898300 87.619003 20 1
2.939100 -1.119500 87.138100 17 1
2.490100 -0.854800 86.306503 14 1
2.424733 -0.950633 87.370482 18 1
2.394875 -0.911250 87.673803 20 1
2.392300 -0.718400 86.609596 11 1
2.723100 -0.787100 86.425998 13 1
2.922367 -1.151717 87.125149 17 1
2.874000 -1.094160 87.289499 17 1
2.635243 -0.841157 86.789429 0 0
2.484750 -0.961400 87.464150 19 1
2.457833 -0.985967 87.373965 18 1
2.667900 -1.034100 86.719101 15 1
2.447433 -0.877967 87.085533 16 1
2.448200 -1.104800 87.648399 19 1
2.638950 -0.870850 86.884453 0 0
2.748650 -1.006575 87.221498 17 1
2.422600 -0.902900 87.627098 20 1
2.662478 -0.796444 86.531012 13 1
2.663400 -1.061800 86.616898 15 1
2.373400 -0.736350 86.599853 11 1
2.949000 -1.092000 87.108101 17 1
2.759200 -1.030267 87.235468 17 1
2.451300 -0.962950 87.908401 12 1
2.370825 -0.917225 87.127887 16 1
2.322800 -0.721900 86.584417 11 1
