-1.094200 1.612800 43.549400 18 1
-0.715800 1.344200 44.255001 21 1
-1.435900 1.794900 42.922798 14 1
-1.417800 1.661300 44.191601 12 1
-1.108000 1.430700 43.071701 16 1
-1.343500 2.047300 43.466702 8 0
-1.009700 1.612100 44.020000 21 1
-1.447900 1.764100 43.774899 19 1
-0.877600 1.245400 43.890099 20 1
-1.074300 1.644300 44.378899 0 0
-1.209600 1.788300 43.248600 15 1
-1.036200 1.335400 43.379601 18 1
-1.114200 1.688100 42.882599 0 0
-1.354800 2.024600 43.120701 15 1
-1.167700 1.718200 43.803799 19 1
-1.006800 1.866400 43.524399 0 0
-1.287300 1.798200 43.544701 17 1
-1.043600 1.373100 43.655102 18 1
-1.105600 1.569100 43.303398 16 1
-0.894150 1.453200 44.148899 21 1
-1.227300 1.656400 44.066898 12 1
-1.266700 1.716967 43.045100 14 1
-0.979800 1.407300 43.970699 20 1
-1.108225 1.663100 43.136724 0 0
-1.160700 1.408500 42.893501 11 1
-1.046100 1.586200 43.840001 20 1
-1.443100 1.940800 43.368198 17 1
-1.056047 1.398912 43.227171 16 1
-1.137400 1.574200 43.704102 13 1
-1.134108 1.570115 42.992724 11 1
-1.273700 1.936500 43.230202 15 1
-1.126300 1.700400 43.416698 17 1
-1.279200 1.803800 42.914101 14 1
-1.316767 1.718300 43.840966 19 1
-1.021200 1.514100 43.631401 18 1
-1.018100 1.328200 43.521500 18 1
-1.386283 1.880483 43.484518 17 1
-1.127300 1.660500 43.957500 12 1
-1.245700 1.949800 43.462502 17 1
-1.052300 1.465000 43.364151 16 1
-1.387700 1.948400 43.020100 15 1
-0.976600 1.526600 43.928799 20 1
-1.161700 1.782100 43.505699 17 1
-1.143400 1.737500 43.043999 14 1
-0.787200 1.426500 44.202202 21 1
-1.075700 1.669800 43.654499 19 1
-0.961900 1.544700 44.107101 21 1
-1.100300 1.676800 43.254101 0 0
-1.326100 1.603500 44.145000 12 1
-1.099000 1.624000 44.094002 13 1
-1.060400 1.651700 43.025101 0 0
-1.364433 1.758433 43.003900 14 1
-0.904500 1.330600 43.952099 20 1
-1.154683 1.465983 42.982850 11 1
-1.074400 1.649400 43.759300 0 0
-1.337000 1.924700 43.136600 15 1
-1.235100 1.658500 43.844398 19 1
-1.342800 2.001800 43.217201 15 1
-1.092800 1.616250 43.446301 0 0
-1.137317 1.678683 42.972200 14 1
-1.091000 1.393300 43.311798 16 1
-1.101022 1.651311 43.344178 0 0
-1.125150 1.579350 43.795950 13 1
-1.112350 1.586000 43.908400 13 1
-1.146000 1.683000 43.717602 19 1
-1.268440 1.853200 43.262441 15 1
-1.096400 1.390400 43.148998 16 1
-1.305800 1.686500 44.126301 12 1
-1.170200 1.613500 44.016399 6 0
-1.170600 1.700200 44.021000 12 1
-1.374200 1.776200 43.814999 19 1
-1.312000 1.877000 43.525902 17 1
-1.173900 1.706300 43.227699 15 1
-1.087400 1.596100 43.992001 13 1
-0.992300 1.347600 43.596802 18 1
-1.060300 1.653600 43.913101 6 0
-1.030900 1.538900 44.042400 21 1
-1.083329 1.550386 43.596599 18 1
-1.242100 1.743100 43.841099 19 1
-1.230200 1.745300 43.512901 17 1
-1.053300 1.344400 43.454498 18 1
-1.403200 1.935000 43.433201 17 1
-1.173833 1.708767 43.475033 17 1
-1.009400 1.440350 43.638901 18 1
-1.043633 1.546333 43.903833 20 1
-1.122000 1.662700 43.063400 0 0
-1.028600 1.477100 43.931000 20 1
-1.351900 1.966200 43.081100 15 1
-1.058000 1.528300 43.334900 16 1
-1.221700 1.813700 43.526251 17 1
-0.776650 1.360700 44.226801 21 1
-1.079800 1.644300 43.827999 0 0
-1.201600 1.771200 43.043999 14 1
-1.200064 1.702486 43.037765 14 1
-1.360400 1.659400 44.157200 12 1
-0.851600 1.418700 44.188400 21 1
-1.133700 1.659900 43.199799 0 0
-1.092700 1.613800 43.624500 0 0
-0.907100 1.513900 44.127499 21 1
-1.276000 1.632700 44.103500 12 1
-1.062000 1.334300 43.319599 18 1
-0.964600 1.469000 43.956699 20 1
-1.094600 1.627400 43.699100 0 0
-1.164900 1.405000 42.957500 11 1
-1.105500 1.654100 43.502300 0 0
-1.160100 1.657900 43.785198 19 1
-1.065278 1.633444 44.040041 0 0
-1.168300 1.636100 43.006401 0 0
-1.319600 1.982100 43.154999 15 1
-1.075600 1.568000 44.080101 13 1
-1.419300 1.756967 42.969117 14 1
-1.083900 1.663500 43.583302 0 0
-1.077800 1.623100 43.293499 16 1
-1.153200 1.755000 43.259102 15 1
-1.159300 1.450500 43.041698 16 1
-1.046700 1.329700 43.575300 18 1
-1.193300 1.841500 43.273300 15 1
-1.323900 1.933000 43.195951 15 1
-0.976400 1.580800 44.060398 21 1
-1.103000 1.484900 43.338402 16 1
-1.311200 1.889100 43.240898 15 1
-1.038200 1.401800 43.284100 16 1
-1.104040 1.593920 43.850360 13 1
-0.924500 1.387000 43.970200 20 1
-0.908767 1.276306 43.929800 20 1
-1.116150 1.624450 42.978575 11 1
-1.069500 1.482800 43.622799 18 1
-1.317125 1.746600 43.035425 14 1
-1.038800 1.585800 43.586601 18 1
-1.106280 1.648940 43.401200 0 0
-1.013600 1.592200 43.887600 20 1
-1.417400 1.724100 43.801300 19 1
-1.062150 1.642500 43.971250 21 1
-1.107650 1.597150 44.043350 13 1
-1.103800 1.664500 42.930901 0 0
-0.846800 1.471500 44.169102 21 1
-1.254600 1.692650 44.096899 12 1
-1.132100 1.708800 43.764500 19 1
-1.140200 1.517400 42.991600 11 1
-1.319700 1.770700 43.837799 19 1
-1.000600 1.389650 43.627251 18 1
-1.053800 1.415900 43.341099 16 1
-1.213800 1.701900 43.825500 19 1
-1.118800 1.599300 43.748501 13 1
-1.079600 1.370500 43.267101 18 1
-1.109333 1.668883 43.014051 0 0
-1.269400 1.696400 43.847299 19 1
-1.122500 1.668000 43.299301 0 0
-1.120700 1.708700 43.203899 15 1
-1.146825 1.657975 44.004101 12 1
-1.057300 1.420800 43.645599 18 1
-1.096200 1.674000 43.718300 19 1
-0.953600 1.346400 43.963902 20 1
-1.081400 1.609400 43.791801 20 1
-1.027700 1.365500 43.338799 18 1
-1.101000 1.620700 43.943401 12 1
-1.045700 1.619000 44.083401 13 1
-1.153100 1.690900 43.026699 14 1
-1.275177 1.846362 43.538846 17 1
-1.090700 1.634400 43.879101 12 1
-1.352500 1.851100 43.514801 17 1
-1.185667 1.657500 44.040500 12 1
-1.110500 1.628600 43.253300 16 1
-1.095300 1.381500 43.197399 16 1
-1.363100 1.729700 43.824902 19 1
-1.375500 1.615800 44.172901 12 1
-1.022500 1.359100 43.419899 18 1
-1.371900 1.923700 43.467400 17 1
-1.126600 1.654800 43.751499 19 1
-1.045900 1.583200 44.029598 21 1
-1.043767 1.365967 43.608400 18 1
-1.136100 1.734600 43.463299 17 1
-1.424500 1.894700 43.444199 17 1
-1.202950 1.615600 44.052151 12 1
-1.008900 1.448800 43.962601 20 1
-0.813850 1.388100 44.203199 21 1
-1.136400 1.618600 43.981499 12 1
-1.238700 1.817300 43.270349 15 1
-1.103800 1.533500 43.333302 16 1
-1.261000 1.897700 43.253200 15 1
-1.019800 1.626800 43.858002 20 1
-1.107600 1.422000 43.116798 16 1
-1.343600 1.893500 43.497398 17 1
-1.150700 1.666500 43.435001 17 1
-1.014000 1.349300 43.481400 18 1
-1.133800 1.714200 42.944199 14 1
-1.188028 1.747344 43.493661 17 1
-1.316500 1.642550 44.124899 12 1
-1.428000 1.798500 43.795700 19 1
-1.439340 1.923820 43.409880 17 1
-1.072600 1.560300 43.873199 20 1
-1.382700 1.781200 42.966599 14 1
-1.086900 1.444400 43.344700 16 1
-1.041100 1.544700 43.606602 18 1
-1.293900 1.965400 43.204498 15 1
-0.997600 1.546400 44.076801 21 1
-1.068500 1.571900 43.325699 16 1
-1.317700 1.833000 43.533100 17 1
-1.127000 1.691500 43.461201 17 1
-1.251400 1.779767 43.528132 17 1
-0.942000 1.505000 44.103699 21 1
-0.940600 1.427000 43.969200 20 1
-1.065900 1.404971 43.176386 16 1
-1.051100 1.640800 43.794300 20 1
-1.407550 1.779550 43.841800 19 1
-1.083200 1.660800 43.538300 0 0
-1.018900 1.520100 43.927399 20 1
-1.093100 1.659000 43.447399 0 0
-0.998000 1.556600 43.907700 20 1
-1.052300 1.333000 43.496940 18 1
-1.048200 1.618000 44.004101 21 1
-1.028200 1.476200 43.650002 18 1
-1.011200 1.345900 43.559502 18 1
-1.073550 1.616250 43.733500 0 0
-1.328000 1.965800 43.117599 15 1
-1.203600 1.777600 43.517700 17 1
-1.141200 1.738400 43.223499 15 1
-1.190550 1.750400 43.242850 15 1
-0.757600 1.395100 44.215401 21 1
-1.228400 1.861500 43.262798 15 1
-1.187500 1.672800 43.814400 19 1
-1.100450 1.653750 43.175600 0 0
-1.043750 1.324550 43.419100 18 1
-1.076640 1.582820 43.572521 18 1
-1.116550 1.611950 43.290316 16 1
-1.111600 1.629400 44.019402 12 1
-1.282150 1.740150 43.845125 19 1
-1.176500 1.430600 42.986401 11 1
-1.116100 1.678300 43.099998 0 0
-1.016500 1.592500 44.054699 21 1
-1.092800 1.633273 43.659036 0 0
-1.369600 1.941400 43.054501 15 1
-0.921900 1.478200 44.134998 21 1
-1.410200 1.762620 43.803880 19 1
-0.993475 1.492300 43.938825 20 1
-1.050500 1.364900 43.298599 18 1
-1.092600 1.661900 43.932800 12 1
-0.740200 1.370300 44.239101 21 1
-1.135800 1.687500 42.916698 14 1
-1.049670 1.341405 43.539010 18 1
-1.043800 1.623750 43.827699 20 1
-1.163000 1.703400 43.438801 17 1
-1.229700 1.726300 43.045399 14 1
-0.930400 1.301150 43.948949 20 1
-1.284400 1.669300 44.098801 12 1
-1.078600 1.604200 44.066399 13 1
-1.114900 1.673300 43.374001 17 1
-1.232300 1.620200 44.075298 12 1
-1.034908 1.565175 43.872700 20 1
-1.074850 1.519200 43.616800 18 1
-1.064600 1.622700 43.935900 0 0
-1.081600 1.649100 43.622799 0 0
-1.054600 1.608300 43.557598 18 1
-1.122750 1.685100 43.175400 15 1
-1.057800 1.355900 43.358101 18 1
-1.068217 1.495433 43.346922 16 1
-1.058300 1.620700 43.887699 0 0
-0.820600 1.437300 44.186901 21 1
-1.320800 1.946100 43.162498 15 1
-1.176500 1.782000 43.263000 15 1
-1.105300 1.660800 43.222401 0 0
-1.085167 1.378733 43.232533 16 1
-1.085400 1.627800 43.581001 0 0
-1.248633 1.657400 44.096067 12 1
-1.395500 1.658200 44.163502 12 1
-0.881700 1.486100 44.143002 21 1
-0.876200 1.265200 43.920601 20 1
-1.083600 1.651100 43.272301 16 1
-1.042800 1.443700 43.622601 18 1
-1.163800 1.695700 43.773600 19 1
-1.304650 1.920650 43.223299 15 1
-1.057800 1.353400 43.401125 18 1
-1.079800 1.594900 43.824699 20 1
-1.257156 1.816444 43.533833 17 1
-1.107800 1.632700 43.474400 0 0
-1.118400 1.617350 43.892100 12 1
-1.104700 1.686800 43.045101 0 0
-1.212200 1.737200 43.824299 19 1
-0.751300 1.341700 44.255501 21 1
-1.089267 1.627900 43.518299 18 1
-1.019100 1.344200 43.619301 18 1
-1.422700 1.950500 43.394299 17 1
-1.116250 1.644750 43.719501 19 1
-1.134333 1.668300 43.404365 17 1
-1.149400 1.690667 43.208633 15 1
-1.124700 1.649800 42.957298 11 1
-1.099500 1.628700 44.055000 13 1
-0.960100 1.379500 43.969398 20 1
-1.068000 1.626700 43.854700 0 0
-0.869200 1.442100 44.169300 21 1
-1.131300 1.569600 43.737499 13 1
-1.063300 1.639600 43.704300 0 0
-1.100100 1.678200 43.322601 0 0
-1.031935 1.399420 43.635545 18 1
-1.090300 1.629300 43.912701 12 1
-1.224700 1.788200 43.279598 15 1
-1.081000 1.606100 44.023399 13 1
-1.068800 1.644500 44.004250 0 0
-1.050200 1.383000 43.257000 16 1
-1.340100 1.633600 44.149200 12 1
-1.127000 1.449500 43.051601 16 1
-1.079600 1.415089 43.134178 16 1
-1.059171 1.402586 43.310986 16 1
-0.975500 1.440900 43.969799 20 1
-1.400400 1.903100 43.465401 17 1
-1.182350 1.711650 43.011750 14 1
-1.109700 1.600550 43.967699 13 1
-1.417500 1.780800 42.946800 14 1
-1.348300 1.942900 43.106098 15 1
-1.022800 1.333600 43.442402 18 1
-1.061000 1.609900 44.110699 0 0
-1.347850 1.758700 43.826649 19 1
-1.124900 1.678500 43.773998 19 1
-1.236500 1.703000 43.848801 19 1
-1.115200 1.657400 42.901299 0 0
-1.330800 1.670000 44.138901 12 1
-1.105900 1.575500 43.821701 13 1
-1.084200 1.594800 43.309050 16 1
-1.053900 1.349600 43.635399 18 1
-1.109700 1.687400 42.952900 0 0
-1.034300 1.487100 43.619499 18 1
-1.391100 1.755500 42.986200 14 1
-1.099300 1.576600 43.880600 13 1
-1.153700 1.409600 42.924801 11 1
-0.922800 1.355700 43.963600 20 1
-1.072600 1.638000 44.082500 0 0
-1.091400 1.656600 43.686699 19 1
-1.087400 1.641300 43.797200 0 0
-1.295200 1.723900 43.031300 14 1
-1.085200 1.413733 43.335334 16 1
-1.156250 1.740850 43.486901 17 1
-1.206000 1.812740 43.270281 15 1
-1.118100 1.604600 43.813499 13 1
-0.894286 1.303171 43.940371 20 1
-1.080300 1.647900 43.476898 0 0
-1.069200 1.397429 43.280558 16 1
-1.372233 1.968800 43.038367 15 1
-1.025950 1.349925 43.587063 18 1
-1.157900 1.439700 42.963100 11 1
-0.968200 1.556800 44.078400 21 1
-1.079900 1.599700 43.952375 13 1
-1.120900 1.654000 43.267799 0 0
-1.066000 1.377500 43.206799 16 1
-1.130000 1.427100 43.093201 16 1
-1.083400 1.577400 44.034401 13 1
-1.350500 1.789100 43.829601 19 1
-1.100800 1.564200 43.575600 18 1
-1.141400 1.492400 42.974098 11 1
-1.113900 1.636900 43.971500 12 1
-1.034300 1.624100 44.033501 21 1
-1.147900 1.677200 43.747501 19 1
-1.108400 1.681100 42.986198 0 0
-1.071100 1.619800 43.765099 20 1
-1.113800 1.677400 43.431999 17 1
-1.390700 1.741100 43.812500 19 1
-1.173080 1.644940 44.016320 12 1
-1.298200 1.689000 43.843399 19 1
-1.026000 1.362000 43.390301 18 1
-1.132500 1.599400 42.979198 11 1
-1.114000 1.681000 43.741299 19 1
-1.441100 1.752600 43.801601 19 1
-1.065800 1.642800 43.667099 0 0
-1.122000 1.575600 43.766701 13 1
-1.095922 1.641656 43.557022 0 0
-1.006300 1.410800 43.647099 18 1
-1.082300 1.644000 43.728401 0 0
-1.142800 1.678400 43.001202 14 1
-1.006000 1.354800 43.517399 18 1
-1.095600 1.648700 43.373699 0 0
-1.024300 1.589400 43.859699 20 1
-1.089800 1.508300 43.326302 16 1
-0.788700 1.393267 44.217599 21 1
-1.014850 1.562200 44.058948 21 1
-1.282700 1.878000 43.253502 15 1
-0.933700 1.533100 44.103199 21 1
-1.167293 1.732187 43.239693 15 1
-1.284600 1.904300 43.237000 15 1
-1.119300 1.674100 43.344299 0 0
-1.090200 1.370500 43.171001 16 1
-1.341400 1.957600 43.145599 15 1
-1.340667 1.754117 43.019817 14 1
-1.210500 1.643000 44.047298 12 1
-1.113800 1.711500 43.445301 17 1
-1.188100 1.698200 43.800800 19 1
-1.093300 1.629300 43.417599 0 0
-1.111450 1.594950 43.935600 13 1
-1.127300 1.666300 43.239899 0 0
-1.084100 1.522100 43.350700 16 1
-1.398800 1.790700 43.814301 19 1
-1.046883 1.513100 43.619016 18 1
-1.100400 1.399600 43.175701 16 1
-1.100900 1.640300 43.603802 0 0
-1.023224 1.372406 43.628195 18 1
-1.060600 1.565800 43.588699 18 1
-1.117700 1.622300 43.919998 12 1
-1.169800 1.675800 44.006802 12 1
-1.108200 1.693300 42.915501 14 1
-1.182000 1.628011 44.037389 12 1
-1.202275 1.766050 43.264125 15 1
-1.055400 1.436900 43.359699 16 1
-1.076200 1.408700 43.202202 16 1
-1.258500 1.723500 43.852600 19 1
-1.120800 1.595200 43.720901 13 1
-1.116300 1.600200 43.778702 13 1
-1.108900 1.618000 43.991402 13 1
-1.104500 1.646000 44.076302 12 1
-1.083500 1.601000 44.096298 13 1
-1.044800 1.338250 43.610501 18 1
-1.135100 1.543400 42.983200 11 1
-1.093600 1.560800 43.329899 16 1
-0.996467 1.363156 43.620056 18 1
-1.257500 1.620200 44.086800 12 1
-0.825600 1.409300 44.187600 21 1
-1.016467 1.536367 43.904299 20 1
-1.111500 1.688100 43.071800 0 0
-1.107077 1.652069 43.317193 0 0
-1.205100 1.726900 43.486500 17 1
-1.143000 1.702100 42.985600 14 1
-1.103100 1.682200 43.285900 0 0
-1.154300 1.632100 43.998501 12 1
-1.326200 1.744000 43.837299 19 1
-0.975900 1.568100 44.103699 21 1
-1.074015 1.468645 43.347770 16 1
-1.025600 1.357400 43.455700 18 1
-0.935575 1.327075 43.956742 20 1
-1.030800 1.347400 43.506802 18 1
-1.060150 1.610600 43.810249 20 1
-1.106900 1.646600 43.528500 0 0
-1.123600 1.659600 43.162498 0 0
-1.366700 1.868100 43.499199 17 1
-1.190600 1.722000 43.818401 19 1
-1.428300 1.783200 43.773399 19 1
-1.292600 1.823050 43.534250 17 1
-1.410950 1.687300 44.189101 12 1
-1.128100 1.673300 42.938711 7 0
-1.121600 1.609900 43.866402 12 1
-0.982100 1.531900 44.093399 21 1
-1.011100 1.563900 43.885101 20 1
-0.993129 1.468636 43.953793 20 1
-1.147500 1.708700 43.463100 17 1
-0.933350 1.519300 44.127251 21 1
-1.145100 1.765500 43.492802 17 1
-1.138700 1.645300 43.976799 12 1
-1.091400 1.418500 43.095901 16 1
-1.334700 1.870900 43.513401 17 1
-1.149500 1.717200 43.784401 19 1
-1.296245 1.660670 44.121020 12 1
-0.870425 1.465388 44.156475 21 1
-1.290300 1.714378 43.842445 19 1
-1.418960 1.914460 43.427300 17 1
-1.251211 1.876478 43.265801 15 1
-1.230567 1.681600 43.832133 19 1
-1.221262 1.837275 43.271475 15 1
-1.113100 1.644900 43.941650 12 1
-1.063800 1.580800 43.858799 20 1
-0.843300 1.444525 44.175587 21 1
-1.055800 1.350600 43.429001 18 1
-1.047436 1.468145 43.632163 18 1
-1.237500 1.803700 43.545799 17 1
-1.300900 1.856000 43.537102 17 1
-1.067600 1.636800 43.641300 0 0
-1.188200 1.634400 44.063000 12 1
-1.061900 1.358800 43.328999 18 1
-1.156300 1.694800 43.798698 19 1
-1.052900 1.317850 43.518249 18 1
-1.030800 1.598800 44.012199 21 1
-1.094000 1.659800 43.295799 0 0
-1.058300 1.594700 44.009800 21 1
-1.275600 1.690600 44.112099 12 1
-1.122400 1.668167 43.037999 0 0
-1.026450 1.329750 43.469651 18 1
-1.278100 1.740250 43.043613 14 1
-1.150700 1.714300 43.219299 15 1
-1.105000 1.616300 43.837299 12 1
-1.234700 1.675600 44.084000 12 1
-1.102700 1.394300 43.124199 16 1
-1.104100 1.632400 43.280602 16 1
-1.049700 1.337000 43.342499 18 1
-1.111300 1.673700 43.195499 0 0
-1.435800 1.762800 42.950298 14 1
-1.175000 1.697600 43.040501 14 1
-1.356200 1.940900 43.081501 15 1
-1.227900 1.769700 43.526001 17 1
-0.948400 1.402200 43.971827 20 1
-1.265300 1.669200 44.080700 12 1
-1.109775 1.658200 43.085550 0 0
-1.123400 1.649300 43.996799 12 1
-1.212533 1.636167 44.073866 12 1
-1.137193 1.703300 43.439507 17 1
-1.026200 1.361800 43.363899 18 1
-1.075900 1.644000 43.598598 0 0
-1.077600 1.393000 43.252102 16 1
-0.998700 1.578300 44.072201 21 1
-1.098800 1.599900 43.892300 13 1
-1.195200 1.680600 44.043800 12 1
-1.072040 1.549260 43.336180 16 1
-1.209700 1.668500 43.825500 19 1
-1.078800 1.647200 43.897301 12 1
-1.042350 1.522600 43.911951 20 1
-1.094300 1.673100 42.885700 0 0
-1.249500 1.837500 43.257500 15 1
-1.374800 1.641800 44.167801 12 1
-1.455100 1.787000 43.767700 19 1
-1.098800 1.589900 43.563202 18 1
-0.963250 1.519700 44.107100 21 1
-1.203400 1.726000 43.045300 14 1
-1.108300 1.639300 43.448502 0 0
-1.054200 1.394000 43.645302 18 1
-1.054600 1.577100 43.882198 20 1
-1.032800 1.431100 43.641602 18 1
-1.030900 1.606200 43.842602 20 1
-1.292100 1.941500 43.210999 15 1
-1.182285 1.768262 43.506662 17 1
-0.773900 1.412800 44.221199 21 1
-1.017800 1.470000 43.626301 18 1
-1.073400 1.645700 43.932499 12 1
-1.059400 1.616800 43.959301 0 0
-1.312000 1.956200 43.183201 15 1
-1.070400 1.625200 43.989001 0 0
-1.223900 1.808200 43.251202 15 1
-1.060500 1.625100 44.064701 13 1
-0.893325 1.250387 43.910975 20 1
-1.081833 1.410467 43.158499 16 1
-1.022950 1.327825 43.494200 18 1
-1.373100 1.751700 43.829300 19 1
-1.106000 1.653400 43.425301 0 0
-0.761825 1.381150 44.235250 21 1
-1.231700 1.720900 43.832802 19 1
-1.102200 1.673350 43.394852 0 0
-1.033600 1.501000 43.923801 20 1
-0.806500 1.411500 44.202501 21 1
-1.030000 1.566800 44.040501 21 1
-1.030300 1.633100 44.011299 21 1
-1.036200 1.561400 43.589699 18 1
-1.249800 1.738300 43.051601 14 1
-1.102500 1.412800 43.142200 16 1
-1.005900 1.333400 43.579498 18 1
-1.053300 1.596200 44.081100 13 1
-1.297900 1.631600 44.113602 12 1
-1.392250 1.918700 43.448901 17 1
-1.148150 1.656975 43.764276 19 1
-1.340600 1.943200 43.175900 15 1
-1.052600 1.348600 43.478600 18 1
-1.208143 1.752943 43.507129 17 1
-0.946000 1.548200 44.089100 21 1
-1.302500 1.752300 43.841101 19 1
-1.121660 1.661080 43.115800 0 0
-1.064900 1.356950 43.281101 18 1
-1.326600 1.979600 43.098000 15 1
-0.994600 1.533100 43.914299 20 1
-1.064900 1.537000 43.604149 18 1
-1.035176 1.345661 43.560018 18 1
-1.131650 1.432650 43.067902 16 1
-1.361333 1.964300 43.059233 15 1
-1.171950 1.677600 43.793351 19 1
-1.132000 1.674700 42.891102 0 0
-0.993900 1.594500 44.047401 21 1
-1.242600 1.641487 44.078175 12 1
-1.042800 1.387900 43.618000 18 1
-1.329800 1.733200 43.020599 14 1
-1.142300 1.655600 43.225201 0 0
-1.345100 1.726350 43.839701 19 1
-0.996275 1.513288 43.928662 20 1
-1.025488 1.342676 43.538853 18 1
-1.261100 1.868700 43.245998 15 1
-1.115900 1.557600 43.323399 16 1
-1.037500 1.341900 43.403300 18 1
-1.269900 1.656900 44.112301 12 1
-0.970700 1.491800 43.944000 20 1
-1.108300 1.589300 43.292000 16 1
-0.993700 1.426000 43.969398 20 1
-1.419200 1.934600 43.414501 17 1
-1.320300 1.855350 43.523849 17 1
-1.160300 1.663700 44.024200 12 1
-1.447500 1.783200 43.789299 19 1
-1.082835 1.633550 43.680080 0 0
-0.929200 1.494300 44.119999 21 1
-0.902950 1.491500 44.135052 21 1
-1.087700 1.616600 44.002701 13 1
-1.398900 1.648800 44.184351 12 1
-1.100800 1.631500 43.496399 18 1
-1.138200 1.691800 42.948200 14 1
-1.095100 1.599400 43.915899 13 1
-0.788700 1.367100 44.208199 21 1
-1.144700 1.687200 43.424801 17 1
-1.322400 1.946000 43.139500 15 1
-1.106567 1.651200 43.197667 0 0
-1.108000 1.676000 43.158199 0 0
-1.420300 1.745100 43.792301 19 1
-1.052100 1.405400 43.266102 16 1
-1.082700 1.616900 44.044601 13 1
-1.019200 1.558400 43.916401 20 1
-1.066500 1.637800 43.874802 0 0
-1.113008 1.668892 42.965977 0 0
-1.106400 1.653900 43.250099 16 1
-1.230262 1.792400 43.524662 17 1
-1.110100 1.593500 43.992001 13 1
-1.443300 1.935000 43.390400 17 1
-1.032500 1.601600 44.036701 21 1
-1.087800 1.654900 43.709099 19 1
-1.175900 1.732417 43.479183 17 1
-1.177900 1.410500 42.975300 11 1
-1.428700 1.769900 43.792900 19 1
-1.371600 1.770000 42.982899 14 1
-1.164800 1.691600 43.463299 17 1
-1.205100 1.662500 44.057499 12 1
-1.012900 1.484500 43.947498 20 1
-1.112100 1.647500 43.697399 19 1
-1.104300 1.607500 44.063202 13 1
-1.105700 1.441400 43.091499 16 1
-1.056400 1.606000 43.833500 20 1
-1.024900 1.534200 43.618099 18 1
-1.077000 1.599300 43.554401 18 1
-0.896400 1.470100 44.133900 21 1
-1.081450 1.380800 43.289249 16 1
-1.203400 1.800000 43.517799 17 1
-0.759244 1.357344 44.241589 21 1
-0.716400 1.363400 44.243500 21 1
-1.078400 1.626300 43.537800 18 1
-1.047700 1.381600 43.282501 16 1
-1.149444 1.678617 43.772617 19 1
-1.119692 1.593938 43.833046 13 1
-1.015400 1.615700 43.876801 20 1
-0.941831 1.366688 43.966838 20 1
-1.116640 1.657020 43.358889 0 0
-1.337950 1.840500 43.527951 17 1
-1.055675 1.346025 43.380275 18 1
-1.108800 1.638400 43.233501 16 1
-1.066400 1.625800 43.785900 20 1
-1.078700 1.616700 43.820702 20 1
-1.116262 1.681869 43.409912 17 1
-1.068100 1.633000 43.911071 0 0
-1.068100 1.627300 44.018999 0 0
-1.266200 1.795183 43.533667 17 1
-1.348200 1.960300 43.124599 15 1
-1.124700 1.684400 43.016998 14 1
-1.119700 1.595600 43.886902 13 1
-1.197350 1.792188 43.266450 15 1
-1.077338 1.393288 43.218025 16 1
-1.105800 1.660700 43.739300 19 1
-1.143700 1.410300 42.959202 11 1
-1.401400 1.770000 42.968800 14 1
-1.175300 1.681100 44.030602 12 1
-1.137814 1.681286 43.190815 15 1
-1.176014 1.760386 43.255785 15 1
-1.262650 1.641575 44.088625 12 1
-1.076100 1.595150 44.046650 13 1
-1.067600 1.636700 43.742802 0 0
-1.031000 1.495400 43.639999 18 1
-1.121800 1.670800 42.917999 0 0
-1.220683 1.706500 43.043550 14 1
-1.067700 1.648100 43.845699 0 0
-1.122000 1.652600 42.929901 0 0
-1.304100 1.899600 43.217999 15 1
-1.074200 1.619900 43.653198 0 0
-0.865900 1.260500 43.902100 20 1
-0.961500 1.421300 43.970100 20 1
-1.067450 1.618983 44.092116 13 1
-1.124200 1.650600 43.413898 8 0
-1.094240 1.609000 43.293401 16 1
-1.262700 1.920100 43.238998 15 1
-1.098000 1.581200 43.324299 16 1
-1.101134 1.612214 44.028162 13 1
-1.104500 1.642800 43.922001 12 1
-1.119975 1.669075 43.320675 0 0
-1.074617 1.426544 43.349028 16 1
-1.045900 1.369500 43.633999 18 1
-1.103600 1.572500 43.848650 13 1
-1.125100 1.664400 43.981602 12 1
-1.096200 1.465300 43.344002 16 1
-1.100600 1.661000 43.063599 0 0
-1.105900 1.626900 43.538250 18 1
-1.439300 1.737400 43.785999 19 1
-1.121100 1.658500 43.389000 17 1
-1.026335 1.549720 43.890265 20 1
-1.098000 1.615400 43.669601 0 0
-1.056567 1.378300 43.232867 16 1
-0.889400 1.323700 43.936901 20 1
-1.091000 1.631800 43.635899 0 0
-1.090500 1.626100 43.742001 0 0
-1.343467 1.966267 43.100733 15 1
-1.380900 1.897633 43.472200 17 1
-1.076800 1.374700 43.187099 16 1
-1.048300 1.511100 43.342999 16 1
-1.000700 1.420200 43.628799 18 1
-1.440600 1.780100 42.937401 14 1
-1.167133 1.756333 43.496634 17 1
-1.117800 1.411200 43.100101 16 1
-1.102700 1.618000 43.871498 12 1
-1.070300 1.635000 43.953201 0 0
-1.399300 1.669800 44.180801 12 1
-1.013350 1.327400 43.549450 18 1
-1.084200 1.530000 43.326199 16 1
-1.059300 1.545700 43.880699 20 1
-1.061900 1.643400 43.775200 0 0
-1.115900 1.618600 43.958751 12 1
-1.128400 1.668400 43.139702 0 0
-1.079100 1.663000 43.914398 12 1
-1.104243 1.595157 43.871969 13 1
-1.048950 1.341488 43.517975 18 1
-1.082100 1.635300 43.775600 0 0
-1.080200 1.563700 43.580500 18 1
-1.081400 1.388600 43.163601 16 1
-1.024100 1.338200 43.419998 18 1
-1.057800 1.614500 44.035099 21 1
-1.061700 1.645000 44.058300 0 0
-1.245178 1.712244 43.044667 14 1
-1.089800 1.606300 43.970150 13 1
-1.014200 1.504200 43.940800 20 1
-1.280400 1.678700 43.846901 19 1
-1.390100 1.631300 44.177299 12 1
-0.729600 1.376800 44.255798 21 1
-1.446700 1.803800 43.786499 19 1
-1.165300 1.695400 43.010502 14 1
-1.166000 1.448300 42.983898 11 1
-1.063100 1.393700 43.194200 16 1
-1.158281 1.726527 43.470004 17 1
-1.344800 1.763900 43.000198 14 1
-1.072200 1.450400 43.358002 16 1
-1.391900 1.761300 43.816898 19 1
-1.094200 1.646300 43.577999 0 0
-1.098300 1.622600 43.894299 12 1
-1.335000 1.944500 43.122700 15 1
-0.912111 1.312307 43.946254 20 1
-0.854400 1.450300 44.157501 21 1
-0.997900 1.571600 44.051899 21 1
-1.313000 1.938100 43.212700 15 1
-1.264500 1.673800 44.101799 12 1
-1.315300 1.668300 44.122799 12 1
-1.056900 1.587500 43.576099 18 1
-1.092800 1.632100 43.459999 0 0
-1.044000 1.623300 43.802399 20 1
-1.085000 1.371800 43.212299 16 1
-1.029133 1.453244 43.634601 18 1
-1.146900 1.429100 42.976799 11 1
-1.151000 1.747600 43.240101 15 1
-1.083500 1.626300 44.067600 13 1
-1.137300 1.639700 43.742699 19 1
-1.098200 1.665900 43.359402 0 0
-1.121050 1.671250 43.279151 0 0
-1.172600 1.658900 43.801601 19 1
-1.339500 1.938800 43.153400 15 1
-1.408133 1.906900 43.443366 17 1
-1.109460 1.591920 43.799559 13 1
-1.058050 1.346450 43.302999 18 1
-1.329000 1.649000 44.141701 12 1
-1.187600 1.809700 43.262100 15 1
-1.210200 1.718300 43.837002 19 1
-0.888751 1.279338 43.931648 20 1
-1.041300 1.577085 43.857539 20 1
-1.140500 1.693050 43.783749 19 1
-1.053600 1.480680 43.351320 16 1
-1.198700 1.689600 43.816502 19 1
-1.106800 1.679300 42.900398 0 0
-1.102900 1.643200 43.676800 19 1
-1.092600 1.641900 43.436001 0 0
-1.302000 1.732100 43.842125 19 1
-1.113540 1.665820 42.882980 0 0
-1.224050 1.626100 44.057800 12 1
-1.082720 1.395860 43.188001 16 1
-1.121900 1.663000 43.725899 19 1
-0.999200 1.343200 43.616449 18 1
-1.014500 1.464100 43.950802 20 1
-1.081750 1.630300 43.615651 0 0
-1.148800 1.495700 42.992500 11 1
-1.053100 1.443350 43.639850 18 1
-1.035172 1.353669 43.626756 18 1
-0.987700 1.562000 44.068151 21 1
-1.298050 1.742100 43.039749 14 1
-1.254050 1.707150 43.840050 19 1
-1.044950 1.348700 43.593300 18 1
-1.322600 1.962600 43.151299 15 1
-1.118567 1.660833 43.181989 0 0
-1.328300 1.889500 43.509701 17 1
-1.039825 1.343775 43.439725 18 1
-1.342400 1.977500 43.144001 15 1
-1.047000 1.339600 43.362100 18 1
-1.375100 1.948000 43.036499 15 1
-1.075900 1.587900 44.081100 13 1
-1.154100 1.696000 43.756199 19 1
-1.046800 1.405200 43.246899 16 1
-1.074400 1.627500 43.717098 0 0
-1.129200 1.701300 43.185001 15 1
-1.072000 1.644600 43.809700 0 0
-1.053350 1.495225 43.624850 18 1
-1.043100 1.632500 43.991501 21 1
-1.109425 1.611358 44.010142 13 1
-1.086700 1.502500 43.349201 16 1
-1.087500 1.415600 43.116001 16 1
-1.247500 1.661600 44.076500 12 1
-1.202900 1.714900 43.022598 14 1
-1.068161 1.587917 43.839117 20 1
-1.044200 1.562100 43.889900 20 1
-1.112900 1.655171 43.287200 0 0
-1.248044 1.855522 43.265423 15 1
-1.033800 1.352900 43.482800 18 1
-1.108100 1.654200 43.958302 12 1
-1.009000 1.603660 44.037801 21 1
-1.044100 1.406900 43.326500 16 1
-1.093500 1.645200 43.943501 12 1
-1.116400 1.449500 43.077099 16 1
-1.302800 1.941700 43.194500 15 1
-1.258250 1.835950 43.536051 17 1
-1.130800 1.723300 43.216400 15 1
-0.911889 1.294481 43.938000 20 1
-1.077000 1.404369 43.320146 16 1
-1.212100 1.616600 44.075401 12 1
-1.181000 1.662100 44.021599 12 1
-0.732300 1.352400 44.246700 21 1
-1.010000 1.341000 43.500702 18 1
-1.011337 1.348798 43.601936 18 1
-1.042600 1.416400 43.633202 18 1
-1.102150 1.623600 44.074101 13 1
-1.085900 1.591300 44.010901 13 1
-1.011600 1.345500 43.462299 18 1
-1.289575 1.651200 44.105324 12 1
-1.128500 1.676700 43.753601 19 1
-1.051700 1.324500 43.548500 18 1
-1.145500 1.552700 42.996799 11 1
-1.043700 1.355600 43.343800 18 1
-1.093500 1.634300 43.398800 0 0
-1.158400 1.422600 42.952400 11 1
-1.101300 1.649500 43.481701 0 0
-1.124700 1.684100 42.997002 14 1
-0.849600 1.425200 44.170200 21 1
-1.016300 1.581200 44.038898 21 1
-1.092800 1.600300 43.936501 13 1
-1.122300 1.576100 43.718001 13 1
-1.076100 1.397900 43.300301 16 1
-1.020040 1.417195 43.635035 18 1
-1.104100 1.615400 43.462002 0 0
-1.135200 1.697550 42.968451 14 1
-1.013600 1.577600 43.871700 20 1
-1.130800 1.631300 43.994900 12 1
-1.124200 1.677900 43.390249 17 1
-1.412900 1.786700 43.797600 19 1
-1.139800 1.731900 43.481998 17 1
-1.122800 1.586000 43.814999 13 1
-0.961800 1.449000 43.959000 20 1
-0.946400 1.539300 44.117100 21 1
-1.082400 1.644600 43.528099 0 0
-1.119612 1.695925 43.434087 17 1
-1.073700 1.626800 43.970200 0 0
-1.338000 1.775100 43.834301 19 1
-1.330800 1.621100 44.138100 12 1
-1.088536 1.612727 44.081982 13 1
-1.117000 1.655967 43.334768 0 0
-0.989667 1.452800 43.963899 20 1
-1.111300 1.642700 42.968899 11 1
-1.100333 1.644333 43.266266 16 1
-1.097500 1.643700 43.902599 12 1
-1.117200 1.582300 43.738499 13 1
-1.360900 1.885100 43.493000 17 1
-1.261300 1.679400 43.849800 19 1
-1.083700 1.647700 43.650700 19 1
-1.308100 1.922700 43.202801 15 1
-0.804800 1.433500 44.202000 21 1
-1.118100 1.673400 43.259602 0 0
-1.097000 1.587900 43.832901 13 1
-1.085200 1.657200 43.557499 0 0
-1.109000 1.661900 42.948898 11 1
-0.906800 1.349000 43.955633 20 1
-1.160800 1.631500 44.021301 12 1
-1.135500 1.562100 43.720699 13 1
-1.104700 1.663600 43.269033 0 0
-1.116086 1.667186 42.996357 0 0
-1.119400 1.667600 43.211899 0 0
-1.056100 1.645800 44.087200 0 0
-1.057400 1.370500 43.269100 18 1
-1.337000 1.957500 43.164200 15 1
-0.978800 1.549400 44.099400 21 1
-1.248067 1.798244 43.528934 17 1
-1.169200 1.751700 43.238098 15 1
-1.047933 1.356800 43.316635 18 1
-1.214420 1.781200 43.265560 15 1
-1.061300 1.381000 43.295399 16 1
-0.773800 1.379100 44.221001 21 1
-1.112000 1.695500 43.193901 15 1
-0.975050 1.574150 44.079349 21 1
-1.070800 1.501455 43.622536 18 1
-1.085080 1.483140 43.343260 16 1
-1.035165 1.341577 43.458123 18 1
-1.089100 1.543800 43.341301 16 1
-1.027800 1.576100 43.886002 20 1
-1.143100 1.441100 43.055698 16 1
-1.348000 1.652600 44.145100 12 1
-1.164800 1.424900 42.973099 11 1
-1.153300 1.404200 42.942600 11 1
-0.997900 1.349900 43.576401 18 1
-1.062200 1.339800 43.415298 18 1
-1.107350 1.654000 43.155449 0 0
-1.176700 1.705630 43.814070 19 1
-1.287850 1.923350 43.230700 15 1
-1.374300 1.748300 42.991901 14 1
-1.275329 1.813143 43.535500 17 1
-1.106774 1.659632 43.713311 19 1
-1.311000 1.726500 43.040600 14 1
-0.918400 1.522400 44.115601 21 1
-1.101900 1.649100 43.462799 0 0
-1.316233 1.938733 43.178800 15 1
-1.435000 1.923500 43.428001 17 1
-1.162500 1.685000 43.438499 17 1
-1.042000 1.609400 44.022999 21 1
-1.232000 1.699800 43.829899 19 1
-1.380500 1.965900 43.022202 15 1
-1.347600 1.874800 43.500401 17 1
-1.284900 1.719200 43.046200 14 1
-1.098137 1.605125 43.953400 13 1
-1.082200 1.650100 43.670898 19 1
-1.141600 1.457400 43.043800 16 1
-1.110000 1.423143 43.088586 16 1
-0.891200 1.471100 44.151501 21 1
-1.226200 1.719400 43.028801 14 1
-1.029623 1.349294 43.604961 18 1
-1.322500 1.930700 43.152802 15 1
-1.120000 1.674200 43.080051 0 0
-1.125520 1.588590 42.992100 11 1
-1.187887 1.717912 43.482138 17 1
-1.272233 1.714467 43.844700 19 1
-0.841100 1.409800 44.176498 21 1
-1.068163 1.513469 43.344555 16 1
-1.052300 1.397000 43.295101 16 1
-1.082400 1.533900 43.608002 18 1
-1.276200 1.683100 44.090302 12 1
-0.752600 1.368300 44.226002 21 1
-0.896600 1.265550 43.921700 20 1
-1.236500 1.819700 43.537300 17 1
-1.222150 1.803850 43.270800 15 1
-1.092300 1.655000 43.596901 0 0
-1.159300 1.480100 42.993198 11 1
-1.057900 1.641900 44.022202 21 1
-1.076600 1.643700 43.574699 0 0
-1.090400 1.618300 43.984901 13 1
-1.144700 1.475200 42.969601 11 1
-1.049700 1.527300 43.608299 18 1
-1.053900 1.453600 43.350301 16 1
-0.978800 1.505800 43.936100 20 1
-1.350533 1.741367 43.831434 19 1
-1.396350 1.886350 43.470450 17 1
-1.071400 1.390800 43.235401 16 1
-0.965500 1.396180 43.973199 20 1
-1.108500 1.588100 43.768002 13 1
-0.836000 1.429000 44.183000 21 1
-1.163800 1.650900 44.002201 12 1
-0.841700 1.462300 44.183601 21 1
-1.114900 1.620900 43.272202 16 1
-0.942140 1.384193 43.970800 20 1
-1.082000 1.390500 43.270199 16 1
-1.139600 1.664000 43.738800 19 1
-0.944633 1.521200 44.110766 21 1
-1.119033 1.591233 43.862801 13 1
-1.128300 1.714300 43.455299 17 1
-1.245422 1.633206 44.093711 12 1
-1.115300 1.677100 43.120300 0 0
-1.407300 1.743500 43.806499 19 1
-1.109400 1.580500 43.785900 13 1
-1.433767 1.756167 43.782266 19 1
-1.083000 1.630800 43.757801 0 0
-1.014000 1.400525 43.633850 18 1
-1.112211 1.603133 43.919855 13 1
-1.247600 1.690720 43.842380 19 1
-1.089950 1.642200 43.507801 0 0
-1.055825 1.552175 43.599024 18 1
-1.288100 1.679100 44.117199 12 1
-1.194127 1.641927 44.040318 12 1
-1.120900 1.636900 43.277199 16 1
-1.271900 1.657200 44.094700 12 1
-1.079400 1.586800 43.324100 16 1
-0.767650 1.398600 44.229700 21 1
-1.145000 1.670600 43.418699 17 1
-1.122000 1.658400 43.098350 0 0
-1.012400 1.518300 43.911098 20 1
-1.075000 1.627900 43.698200 0 0
-1.359200 1.952500 43.096100 15 1
-0.951150 1.533250 44.099099 21 1
-1.112100 1.391300 43.138802 16 1
-1.190400 1.785600 43.509201 17 1
-1.136967 1.701843 43.203077 15 1
-1.038200 1.354250 43.380249 18 1
-1.077000 1.611500 43.306702 16 1
-0.881000 1.441600 44.150299 21 1
-1.084500 1.616900 43.776100 20 1
-1.302300 1.810800 43.542301 17 1
-1.101800 1.678900 43.303101 0 0
-1.106000 1.677900 43.179298 0 0
-1.279300 1.887600 43.237900 15 1
-1.037100 1.562100 43.907799 20 1
-1.161900 1.713300 43.453201 17 1
-1.169200 1.674700 43.810398 19 1
-1.172900 1.709300 43.779800 19 1
-1.089300 1.399300 43.134251 16 1
-1.152250 1.727550 43.231602 15 1
-1.075400 1.621000 43.803398 20 1
-1.105900 1.664600 43.409500 0 0
-1.067600 1.380600 43.259201 16 1
-1.026100 1.616800 44.016399 21 1
-0.921160 1.339216 43.956936 20 1
-1.101200 1.588000 43.307851 16 1
-1.126000 1.632800 42.966900 11 1
-1.296140 1.840280 43.531340 17 1
-1.122480 1.642200 43.956061 12 1
-0.978580 1.477540 43.950100 20 1
-1.088712 1.648344 43.917280 12 1
-1.109978 1.666267 43.049988 0 0
-1.095000 1.560000 43.883202 13 1
-1.202800 1.658200 44.037998 12 1
-0.920400 1.496100 44.134800 21 1
-1.376600 1.659700 44.163300 12 1
-1.100000 1.662700 43.331200 0 0
-1.089100 1.654700 43.256302 16 1
-1.206100 1.830200 43.267101 15 1
-1.187400 1.780000 43.048401 14 1
-1.085767 1.641767 43.694984 3 0
-0.963100 1.544136 44.088973 21 1
-1.090000 1.634700 43.715401 0 0
-1.040553 1.342935 43.422048 18 1
-1.124500 1.599500 43.796001 13 1
-1.087200 1.672600 43.703701 19 1
-1.037000 1.383200 43.639400 18 1
-1.107600 1.681500 42.936901 0 0
-1.103000 1.549000 43.316002 16 1
-1.131450 1.675900 42.956299 14 1
-1.234150 1.654400 44.085701 12 1
-1.121600 1.645600 43.737900 19 1
-1.106750 1.615973 44.046086 13 1
-1.057200 1.399100 43.209361 16 1
-1.199950 1.768850 43.247400 15 1
-1.152500 1.673500 44.008499 12 1
-1.099100 1.655600 43.541801 0 0
-1.164400 1.743100 43.254101 15 1
-1.365800 1.955800 43.080700 15 1
-1.088500 1.638200 43.284401 16 1
-1.062386 1.410229 43.326728 16 1
-1.099800 1.658200 43.669300 19 1
-0.936420 1.345810 43.960881 20 1
-1.429100 1.926500 43.394501 17 1
-0.790100 1.375800 44.224701 21 1
-1.280100 1.832600 43.547600 17 1
-1.133040 1.684640 43.410780 17 1
-1.149600 1.648800 43.989399 12 1
-1.083800 1.631100 44.096802 13 1
-1.095900 1.572400 43.863800 13 1
-0.789700 1.407800 44.208866 21 1
-1.050200 1.611800 44.067001 13 1
-0.943800 1.506600 44.120499 21 1
-1.016600 1.350700 43.433399 18 1
-1.040800 1.340100 43.328400 18 1
-1.396300 1.782600 43.829498 19 1
-1.364500 1.933500 43.068600 15 1
-1.071097 1.632672 43.839150 0 0
-1.087300 1.630700 43.486198 18 1
-1.211100 1.739633 43.497101 17 1
-1.176967 1.699567 43.022301 14 1
-1.254600 1.853100 43.246799 15 1
-1.100400 1.384500 43.168098 16 1
-0.978000 1.459800 43.952099 20 1
-1.071052 1.632819 43.893026 0 0
-1.262800 1.729100 43.057201 14 1
-0.909900 1.468600 44.143902 21 1
-1.157300 1.395000 42.917198 11 1
-1.217800 1.727000 43.057301 14 1
-1.067900 1.409800 43.348000 16 1
-1.245111 1.726239 43.841439 19 1
-1.082700 1.644700 43.745201 0 0
-1.364500 1.763300 43.820702 19 1
-1.114200 1.619900 43.975601 12 1
-1.332800 1.966400 43.134201 15 1
-1.111200 1.571600 43.801102 13 1
-1.328500 1.947200 43.186798 15 1
-1.121800 1.684900 42.973301 14 1
-1.205850 1.630800 44.058550 12 1
-0.857650 1.459100 44.172050 21 1
-1.111900 1.603020 43.902200 13 1
-1.127500 1.662100 43.374001 17 1
-1.091700 1.589350 43.862600 13 1
-0.858400 1.479733 44.160366 21 1
-1.102300 1.403100 43.159500 16 1
-1.087400 1.603900 43.566601 18 1
-0.816114 1.423271 44.195258 21 1
-1.100400 1.664900 43.239101 0 0
-1.083700 1.642200 43.545700 0 0
-1.211800 1.763400 43.520500 17 1
-1.098550 1.656650 43.388650 0 0
-0.894150 1.506650 44.135001 21 1
-1.057300 1.420400 43.356701 16 1
-1.095100 1.624700 43.927898 12 1
-1.194031 1.705346 43.818746 19 1
-1.300300 1.646100 44.127800 12 1
-1.109300 1.547100 43.341000 16 1
-1.135200 1.693800 42.931999 14 1
-1.135900 1.585200 43.720501 13 1
-0.982600 1.550300 44.083302 21 1
-0.881400 1.451800 44.163300 21 1
-1.058867 1.624617 43.977134 21 1
-1.070000 1.603300 44.081902 13 1
-1.405400 1.754700 42.978001 14 1
-1.075200 1.650000 43.790298 0 0
-1.073500 1.530820 43.339940 16 1
-1.142600 1.676700 43.017601 14 1
-1.124483 1.651500 43.971217 12 1
-1.116700 1.438900 43.058899 16 1
-1.101171 1.605961 43.983045 13 1
-1.019050 1.490400 43.933201 20 1
-0.800867 1.378200 44.208333 21 1
-1.057233 1.389367 43.271600 16 1
-1.217950 1.686300 43.822449 19 1
-1.124600 1.690700 43.763000 19 1
-1.107508 1.592325 43.821076 13 1
-1.032116 1.345519 43.524095 18 1
-1.083600 1.402033 43.172782 16 1
-1.110606 1.656800 43.374156 0 0
-1.184000 1.768400 43.268299 15 1
-1.062206 1.396918 43.248052 16 1
-1.241500 1.889200 43.262299 15 1
-1.121860 1.609320 42.986730 11 1
-1.332500 1.759100 43.836567 19 1
-1.097700 1.516600 43.338001 16 1
-1.077500 1.638600 43.862701 0 0
-1.041200 1.354900 43.361698 18 1
-1.053100 1.570500 43.867298 20 1
-1.247700 1.674800 44.093899 12 1
-1.035162 1.504408 43.626370 18 1
-1.115300 1.681400 43.056301 0 0
-1.100800 1.407600 43.110901 16 1
-1.061700 1.626400 43.814098 20 1
-1.056700 1.631700 44.095402 0 0
-1.229933 1.636767 44.069033 12 1
-1.019900 1.600000 43.871300 20 1
-1.091600 1.621400 44.017799 13 1
-1.388100 1.778600 43.806801 19 1
-1.236263 1.843100 43.268900 15 1
-1.093600 1.621800 43.608398 0 0
-1.118900 1.644350 43.254250 16 1
-1.030900 1.361000 43.406101 18 1
-1.220800 1.821800 43.266499 15 1
-1.445740 1.765420 43.790961 19 1
-1.108500 1.665000 43.107101 0 0
-1.005300 1.331200 43.563099 18 1
-1.055400 1.628200 43.948101 0 0
-1.104750 1.638700 43.708900 19 1
-1.148000 1.508600 42.980400 11 1
-1.089400 1.652300 43.358299 0 0
-1.297300 1.871200 43.532700 17 1
-1.398000 1.780500 42.956902 14 1
-1.089500 1.616000 43.532001 18 1
-1.158950 1.700400 43.220499 15 1
-1.021300 1.482800 43.635599 18 1
-1.012300 1.554800 43.900299 20 1
-1.123100 1.594300 43.764702 13 1
-1.137000 1.663000 43.970699 12 1
-1.266343 1.737457 43.847414 19 1
-1.383450 1.912050 43.460751 17 1
-1.130900 1.575900 43.752399 13 1
-1.109100 1.603600 43.301998 16 1
-1.161000 1.677000 43.028999 14 1
-1.158380 1.684560 43.784685 19 1
-1.187200 1.669600 44.052502 12 1
-1.326300 1.657900 44.128502 12 1
-0.977300 1.424300 43.968700 20 1
-1.114500 1.657167 43.236266 0 0
-1.074900 1.657200 43.699699 19 1
-1.241450 1.673300 43.843851 19 1
-1.266183 1.882483 43.254233 15 1
-1.124600 1.700800 42.941898 14 1
-1.271500 1.908200 43.247002 15 1
-1.172828 1.693150 43.800506 19 1
-0.860900 1.429600 44.181099 21 1
-1.179900 1.644400 44.033199 12 1
-1.021600 1.350300 43.571602 18 1
-1.025300 1.579300 44.052399 21 1
-1.116000 1.596400 43.950901 13 1
-0.930900 1.401650 43.971300 20 1
-0.876500 1.251100 43.912998 20 1
-1.021200 1.496300 43.626999 18 1
-1.032273 1.534300 43.907754 20 1
-1.083060 1.390270 43.202980 16 1
-1.058200 1.640900 43.933201 0 0
-1.121200 1.435000 43.082500 16 1
-1.413400 1.646000 44.190701 12 1
-0.925700 1.369000 43.971901 20 1
-1.038865 1.343288 43.578136 18 1
-1.091900 1.577300 43.570100 18 1
-1.083750 1.571300 43.321150 16 1
-1.260131 1.633185 44.102339 12 1
-1.062800 1.624480 44.004260 0 0
-1.068800 1.590900 43.309898 16 1
-1.135400 1.658900 43.992401 12 1
-1.033800 1.355000 43.544498 18 1
-1.015600 1.360600 43.620800 18 1
-1.104167 1.646550 43.359267 0 0
-1.433400 1.726600 43.796001 19 1
-1.031629 1.585043 44.036257 21 1
-1.179550 1.739400 43.246700 15 1
-1.013600 1.455500 43.636799 18 1
-1.128150 1.633525 43.977825 12 1
-1.215047 1.789093 43.521740 17 1
-1.129300 1.617100 42.973701 11 1
-1.089780 1.612547 44.058067 13 1
-1.164400 1.684850 44.018600 12 1
-1.300300 1.905200 43.238602 15 1
-1.058200 1.385900 43.217999 16 1
-1.413800 1.775900 43.786098 19 1
-1.228500 1.761000 43.512501 17 1
-1.114600 1.429000 43.104500 16 1
-1.040700 1.344090 43.493935 18 1
-1.043800 1.398750 43.308250 16 1
-1.105150 1.580650 43.895450 13 1
-1.110800 1.691300 43.421902 17 1
-1.077971 1.633064 43.665022 0 0
-1.047667 1.336133 43.559967 18 1
-1.013500 1.332500 43.478100 18 1
-1.075200 1.644200 43.714401 0 0
-1.197700 1.765550 43.507801 17 1
-1.335150 1.855550 43.518850 17 1
-1.101000 1.663700 43.205299 0 0
-1.080400 1.620400 43.631599 0 0
-1.220500 1.703900 43.839699 19 1
-1.116100 1.672500 43.230900 0 0
-1.091400 1.591550 43.814751 20 1
-1.103500 1.617400 43.855900 12 1
-1.416000 1.770200 42.961498 14 1
-1.342500 1.944900 43.136398 15 1
-1.159400 1.762800 43.247101 15 1
-1.032175 1.471306 43.632713 18 1
-1.271900 1.828329 43.534871 17 1
-1.127900 1.579200 42.979900 11 1
-1.193775 1.627675 44.048650 12 1
-1.092200 1.618400 43.654499 0 0
-1.230650 1.632975 44.084101 12 1
-1.191294 1.756376 43.257188 15 1
-1.052500 1.492600 43.341400 16 1
-1.401600 1.752100 43.794899 19 1
-1.193500 1.651400 44.052601 12 1
-1.402300 1.919700 43.436798 17 1
-1.089800 1.638600 43.593102 0 0
-0.801450 1.396233 44.207699 21 1
-1.047740 1.573000 43.593440 18 1
-1.111000 1.669400 43.751099 19 1
-1.329125 1.728875 43.838800 19 1
-1.150000 1.642100 44.009499 12 1
-1.071300 1.388300 43.180801 16 1
-1.034700 1.356100 43.431900 18 1
-1.097000 1.660100 43.571602 0 0
-1.073150 1.630850 43.823549 0 0
-1.046000 1.333300 43.594101 18 1
-1.112200 1.408400 43.122501 16 1
-1.003900 1.558200 44.069100 21 1
-1.086200 1.637700 43.929298 12 1
-1.442100 1.939000 43.410000 17 1
-0.996100 1.378350 43.617401 18 1
-1.132300 1.558800 42.982399 11 1
-1.150200 1.694300 43.438801 17 1
-1.165250 1.718300 43.232050 15 1
-1.118850 1.669687 42.981400 0 0
-1.167800 1.465100 42.990898 11 1
-1.092250 1.495350 43.334850 16 1
-1.110300 1.655000 43.439999 0 0
-1.094100 1.652800 43.723900 19 1
-1.136050 1.678050 43.784599 19 1
-1.157700 1.455400 42.972099 11 1
-1.131500 1.575600 43.778801 13 1
-1.107700 1.570500 43.319000 16 1
-1.008187 1.375323 43.626780 18 1
-1.089700 1.627500 43.549801 18 1
-1.092500 1.644200 43.413898 0 0
-1.067300 1.605100 43.822700 20 1
-0.919200 1.505700 44.122501 21 1
-1.359100 1.948100 43.063499 15 1
-1.387200 1.649200 44.174400 12 1
-1.446700 1.761000 43.759899 19 1
-0.818950 1.402867 44.199950 21 1
-1.331700 1.748400 43.030899 14 1
-1.058500 1.543900 43.331299 16 1
-1.083900 1.377650 43.247800 16 1
-1.031550 1.337750 43.481800 18 1
-1.060000 1.625700 44.080502 13 1
-1.067900 1.594300 43.565701 18 1
-1.378100 1.761000 43.810200 19 1
-1.122150 1.668350 43.022449 0 0
-1.323600 1.634400 44.140598 12 1
-1.266500 1.727200 43.033699 14 1
-0.888467 1.240800 43.899867 20 1
-1.037200 1.404100 43.262798 16 1
-1.123000 1.684850 43.194151 15 1
-1.096700 1.627500 43.682450 0 0
-1.021400 1.600800 44.026199 21 1
-1.143233 1.633467 43.985367 12 1
-1.106500 1.634400 43.423401 0 0
-1.355567 1.643500 44.154767 12 1
-1.109900 1.652700 43.302200 0 0
-1.125300 1.669000 43.740700 19 1
-1.141250 1.683900 42.987049 14 1
-1.080000 1.358800 43.282299 18 1
-1.091867 1.623567 43.287116 16 1
-1.087300 1.635700 43.269402 16 1
-1.087900 1.418400 43.349602 16 1
-1.218163 1.642158 44.060973 12 1
-0.740600 1.365600 44.253601 21 1
-0.999344 1.404800 43.626111 18 1
-1.097200 1.413200 43.127499 16 1
-1.023100 1.387396 43.630878 18 1
-1.127600 1.670167 43.172700 15 1
-1.200900 1.709200 43.051399 14 1
-1.339267 1.955967 43.113066 15 1
-1.011219 1.345524 43.587000 18 1
-1.119700 1.595640 43.848161 13 1
-1.235500 1.826400 43.258598 15 1
-1.304050 1.708550 43.839600 19 1
-1.120100 1.686300 43.448700 17 1
-1.095133 1.640267 43.535733 0 0
-1.188193 1.732413 43.488107 17 1
-1.084300 1.590600 44.026949 13 1
-0.920800 1.323600 43.951500 20 1
-1.143000 1.623600 44.004002 12 1
-1.109500 1.673200 43.729099 19 1
-1.173173 1.743813 43.488800 17 1
-1.156700 1.710300 43.795799 19 1
-1.103229 1.640086 43.515343 0 0
-1.003600 1.498400 43.929401 20 1
-0.895900 1.288200 43.941700 20 1
-1.113133 1.630667 43.950100 12 1
-1.015000 1.533300 43.921200 20 1
-1.065133 1.441452 43.348110 16 1
-1.030700 1.411200 43.644901 18 1
-1.001900 1.475300 43.942799 20 1
-1.061000 1.609500 44.004398 21 1
-1.067000 1.601000 44.057301 13 1
-1.016300 1.431100 43.629200 18 1
-1.128350 1.666250 43.764450 19 1
-1.270700 1.868700 43.258301 15 1
-1.065800 1.397900 43.262633 16 1
-1.037811 1.593511 43.850212 20 1
-1.092400 1.594800 43.550499 18 1
-1.079700 1.612800 43.544300 18 1
-1.031100 1.619800 43.836201 20 1
-1.123000 1.685700 42.945501 14 1
-1.242700 1.689200 44.088402 12 1
-1.022400 1.604400 44.047699 21 1
-1.317386 1.755914 43.839700 19 1
-1.260700 1.648133 44.103499 12 1
-1.091100 1.400300 43.332199 16 1
-1.442900 1.778700 43.770401 19 1
-1.044500 1.559300 43.605801 18 1
-1.314400 1.910100 43.227600 15 1
-1.055100 1.480200 43.627602 18 1
-0.991800 1.590500 44.061699 21 1
-1.108700 1.667500 42.911499 0 0
-1.352500 1.774200 43.830601 19 1
-1.085300 1.624700 43.727001 0 0
-1.127800 1.661800 43.345200 0 0
-1.143400 1.693200 42.999001 14 1
-1.079800 1.403000 43.145699 16 1
-0.989950 1.440750 43.973650 20 1
-1.410500 1.658300 44.178902 12 1
-1.119700 1.671600 42.900025 0 0
-1.281767 1.665933 44.114033 12 1
-1.046800 1.410200 43.646500 18 1
-1.026367 1.552633 44.046101 21 1
-1.034000 1.517500 43.612900 18 1
-1.283800 1.696600 43.843399 19 1
-1.076600 1.622300 44.080200 13 1
-1.142175 1.533950 42.992300 11 1
-1.098525 1.606500 44.001051 13 1
-1.055200 1.537900 43.617199 18 1
-1.139500 1.524800 42.978699 11 1
-1.014800 1.571900 43.897099 20 1
-1.159600 1.434900 42.982800 11 1
-1.084900 1.631300 43.898998 12 1
-1.066900 1.620400 43.900049 0 0
-1.091850 1.589200 43.877601 13 1
-1.031733 1.516333 43.920233 20 1
-1.215500 1.613500 44.059799 12 1
-0.958400 1.434600 43.964298 20 1
-1.133900 1.666000 43.389198 17 1
-1.148600 1.777900 43.500099 17 1
-1.047000 1.346950 43.393150 18 1
-1.138600 1.665900 43.753799 19 1
-1.312200 1.657700 44.132900 12 1
-0.779600 1.414200 44.199200 21 1
-1.324600 1.728800 43.033699 14 1
-1.130500 1.446600 43.072601 16 1
-1.071300 1.623900 43.922798 0 0
-1.108800 1.682100 43.007500 0 0
-1.083400 1.652200 43.608501 0 0
-1.093300 1.639167 43.472917 0 0
-1.148700 1.741700 43.474300 17 1
-1.101800 1.666300 43.310699 0 0
-0.969138 1.534107 44.099935 21 1
-1.010100 1.340500 43.521801 18 1
-1.226900 1.667500 43.833900 19 1
-1.121600 1.655600 43.141998 0 0
-1.109050 1.669850 43.028875 0 0
-1.042200 1.609550 43.832600 20 1
-1.020500 1.355600 43.515400 18 1
-1.010283 1.579000 44.054483 21 1
-1.284800 1.726700 43.850300 19 1
-1.029138 1.579125 43.868956 20 1
-1.095250 1.607000 44.015800 13 1
-1.020200 1.333000 43.456799 18 1
-1.061300 1.622050 43.799099 20 1
-1.145900 1.481500 42.987499 11 1
-1.020300 1.350600 43.408199 18 1
-1.060950 1.342300 43.331800 18 1
-1.119525 1.660700 43.250950 0 0
-1.149164 1.707645 43.446691 17 1
-1.020800 1.350500 43.496601 18 1
-1.074100 1.648250 43.916950 12 1
-1.066900 1.635900 43.763699 0 0
-1.314800 1.735700 43.833500 19 1
-1.352000 1.754800 43.010649 14 1
-1.259000 1.725900 43.837002 19 1
-1.425014 1.920629 43.415557 17 1
-1.125667 1.699767 43.449133 17 1
-1.089500 1.474000 43.332802 16 1
-1.415400 1.938200 43.400902 17 1
-1.188300 1.704000 43.046299 14 1
-1.185125 1.684900 43.805900 19 1
-1.082700 1.466300 43.359200 16 1
-1.428600 1.784100 43.789799 19 1
-1.125783 1.683600 42.927700 14 1
-1.085495 1.603850 44.037025 13 1
-1.292950 1.909350 43.226249 15 1
-1.240000 1.762300 43.529099 17 1
-1.107300 1.665800 43.171299 0 0
-1.104500 1.600150 43.834949 13 1
-0.958100 1.558300 44.088699 21 1
-1.290100 1.733600 43.048401 14 1
-1.364200 1.746700 43.819000 19 1
-1.100756 1.640100 43.692245 19 1
-1.136800 1.680125 43.764975 19 1
-1.259100 1.655300 44.085701 12 1
-1.023400 1.353900 43.471401 18 1
-1.118686 1.661357 43.197057 0 0
-1.242500 1.831000 43.273800 15 1
-1.058900 1.560550 43.877800 20 1
-1.061300 1.513567 43.618134 18 1
-1.066100 1.668500 43.911301 12 1
-1.001600 1.478800 43.959599 20 1
-1.080155 1.632495 43.647009 0 0
-1.367500 1.955700 43.049400 15 1
-1.003967 1.462267 43.960901 20 1
-1.203375 1.718125 43.823851 19 1
-1.154900 1.622100 44.012001 12 1
-1.103900 1.618000 43.281200 16 1
-1.109100 1.675800 42.923701 0 0
-1.194000 1.820200 43.273102 15 1
-1.079800 1.514100 43.334900 16 1
-1.143800 1.720300 43.455399 17 1
-1.104700 1.632933 43.934766 12 1
-1.218414 1.776329 43.516015 17 1
-1.094200 1.373800 43.185299 16 1
-0.988000 1.354000 43.612900 18 1
-1.090800 1.388000 43.178200 16 1
-1.069400 1.651100 43.991501 6 0
-1.137900 1.712100 42.957802 14 1
-1.044200 1.453500 43.634949 18 1
-1.280600 1.945700 43.221600 15 1
-1.071800 1.636100 44.063301 0 0
-1.049100 1.635000 44.079601 0 0
-1.189700 1.705000 43.026100 14 1
-1.220600 1.793400 43.261101 15 1
-1.110350 1.585000 43.839250 13 1
-1.048900 1.428900 43.636299 18 1
-1.235200 1.872600 43.268799 15 1
-1.008459 1.426171 43.640771 18 1
-1.172800 1.621667 44.028434 12 1
-1.015182 1.333091 43.536209 18 1
-1.059729 1.467743 43.350985 16 1
-1.051800 1.390500 43.240601 16 1
-1.386900 1.768200 42.981098 14 1
-1.071900 1.400200 43.164299 16 1
-0.909750 1.504800 44.138750 21 1
-1.411800 1.927000 43.424099 17 1
-1.254022 1.723556 43.045755 14 1
-1.022722 1.333487 43.509044 18 1
-1.050400 1.428600 43.346699 16 1
-1.077057 1.560771 43.328328 16 1
-0.746100 1.346500 44.243099 21 1
-1.193933 1.777500 43.262383 15 1
-0.973800 1.454600 43.966202 20 1
-1.019250 1.468200 43.642300 18 1
-1.046976 1.341760 43.466996 18 1
-1.056156 1.621380 43.992068 21 1
-1.160800 1.705900 43.467300 17 1
-1.316500 1.922133 43.214267 15 1
-1.068400 1.651800 43.656399 0 0
-1.100200 1.426500 43.103699 16 1
-0.776300 1.372300 44.235001 21 1
-1.043700 1.353600 43.615400 18 1
-1.161900 1.769400 43.498402 17 1
-1.043800 1.595700 44.019798 21 1
-0.775600 1.398600 44.216702 21 1
-1.091900 1.656000 43.528198 0 0
-1.306000 1.737000 43.029202 14 1
-1.150350 1.663850 43.776449 19 1
-1.103100 1.656100 43.945202 12 1
-1.072000 1.632300 43.625702 0 0
-0.932300 1.514800 44.113400 21 1
-1.112300 1.609750 43.948099 13 1
-1.018600 1.504700 43.927399 20 1
-1.110950 1.602480 43.860099 13 1
-1.352780 1.864540 43.508581 17 1
-1.052900 1.631800 43.783600 20 1
-1.365533 1.740733 43.833900 19 1
-1.077800 1.455400 43.344799 16 1
-1.055000 1.515600 43.329601 16 1
-0.880700 1.457400 44.150398 21 1
-0.900900 1.484700 44.147202 21 1
-1.003500 1.544000 43.914101 20 1
-1.308700 1.845900 43.528400 17 1
-1.159250 1.406500 42.909351 11 1
-1.096900 1.622100 44.037201 13 1
-1.185000 1.795350 43.260552 15 1
-1.087500 1.645100 43.459801 0 0
-1.071400 1.593900 44.096699 13 1
-0.898075 1.318025 43.946351 20 1
-1.108500 1.665000 43.122299 0 0
-1.292100 1.893300 43.241402 15 1
-1.077275 1.642535 43.884166 12 1
-1.125100 1.569700 43.699100 13 1
-1.101000 1.686600 43.722099 19 1
-1.260400 1.820900 43.546700 17 1
-1.386900 1.664600 44.172501 12 1
-1.074550 1.633250 43.794500 0 0
-1.091842 1.642167 43.493941 0 0
-1.374900 1.762300 42.994099 14 1
-1.083600 1.637100 43.811798 0 0
-1.233100 1.807067 43.530859 17 1
-1.119300 1.671700 43.151199 0 0
-1.103700 1.668300 43.286999 0 0
-1.103100 1.643633 43.386501 0 0
-1.304900 1.765800 43.838600 19 1
-1.038400 1.537500 43.618999 18 1
-1.049400 1.632500 43.811798 20 1
-1.070100 1.621800 43.948799 0 0
-1.072700 1.486500 43.356602 16 1
-1.035919 1.625362 44.001038 21 1
-1.104650 1.591950 43.923851 13 1
-1.037700 1.397200 43.647999 18 1
-1.104800 1.665800 42.897499 0 0
-1.050069 1.346225 43.410169 18 1
-1.080300 1.615367 44.095966 13 1
-1.374000 1.886900 43.483601 17 1
-1.002763 1.522550 43.920600 20 1
-1.336000 1.935600 43.188202 15 1
-1.259900 1.794800 43.521301 17 1
-1.158867 1.696667 43.451817 17 1
-1.068400 1.613100 44.072201 13 1
-1.404000 1.777700 43.803299 19 1
-1.122700 1.663900 42.949699 0 0
-1.107500 1.610700 43.552700 18 1
-1.281300 1.729400 43.035599 14 1
-0.839800 1.411800 44.190701 21 1
-0.921000 1.513800 44.133598 21 1
-1.076300 1.658500 43.927200 12 1
-1.136300 1.654300 43.212200 0 0
-1.123400 1.674100 43.006500 0 0
-1.043700 1.492700 43.635201 18 1
-1.352700 1.665600 44.145699 12 1
-1.065052 1.402167 43.293166 16 1
-1.093300 1.630800 43.444199 0 0
-1.139965 1.651400 43.752218 19 1
-1.124200 1.695500 43.205898 15 1
-1.245800 1.712500 43.852501 19 1
-1.162100 1.765100 43.262100 15 1
-1.054200 1.406300 43.279701 16 1
-1.070900 1.637500 43.982800 0 0
-1.096100 1.522400 43.325600 16 1
-1.323300 1.879700 43.518499 17 1
-1.334900 1.968800 43.151600 15 1
-1.135300 1.560000 43.707100 13 1
-1.172300 1.692100 43.786800 19 1
-1.287250 1.852250 43.535900 17 1
-1.226300 1.664200 44.080101 12 1
-1.178950 1.724350 43.811499 19 1
-1.295850 1.930650 43.218550 15 1
-1.089017 1.582550 43.312983 16 1
-1.200300 1.639300 44.067799 12 1
-1.235400 1.775200 43.515900 17 1
-1.134156 1.696448 43.428016 17 1
-0.878600 1.476800 44.152599 21 1
-1.257580 1.864440 43.261220 15 1
-1.088600 1.628900 44.080898 13 1
-1.126800 1.669800 43.052700 0 0
-0.989100 1.523600 43.922501 20 1
-1.084200 1.649900 43.587101 0 0
-1.101224 1.655176 43.700624 19 1
-1.088589 1.638344 43.568367 0 0
-1.066500 1.576200 43.578899 18 1
-1.209200 1.798900 43.267799 15 1
-1.117000 1.682150 42.909050 0 0
-0.855578 1.441533 44.170189 21 1
-1.040725 1.333925 43.392401 18 1
-1.057267 1.358433 43.341832 18 1
-1.073100 1.552800 43.587898 18 1
-1.080216 1.633616 43.737000 0 0
-1.054400 1.366900 43.256302 18 1
-0.936533 1.414033 43.970567 20 1
-1.378200 1.742200 43.817799 19 1
-1.347350 1.954650 43.089750 15 1
-1.091333 1.639900 43.616800 0 0
-1.081600 1.605600 44.007900 13 1
-1.216100 1.816900 43.278400 15 1
-1.308400 1.864067 43.528133 17 1
-1.284250 1.834417 43.534400 17 1
-1.066500 1.642800 43.901100 0 0
-1.329100 1.937300 43.171700 15 1
-1.241500 1.711600 43.837351 19 1
-1.377400 1.873100 43.492500 17 1
-1.430400 1.938600 43.400501 17 1
-1.264900 1.736150 43.045801 14 1
-1.098500 1.667500 43.343800 0 0
-1.301000 1.674800 44.121399 12 1
-1.115850 1.669200 43.396450 17 1
-1.105500 1.661500 43.185501 0 0
-1.074700 1.631600 43.937401 0 0
-1.386700 1.776400 43.820202 19 1
-1.221400 1.712800 43.828098 19 1
-1.163100 1.696200 43.034100 14 1
-1.089279 1.528364 43.338622 16 1
-1.329217 1.947433 43.151950 15 1
-1.182800 1.669100 44.033001 12 1
-1.099000 1.654700 43.559399 0 0
-1.140343 1.724057 43.225900 15 1
-1.415900 1.673900 44.187199 12 1
-1.066400 1.568400 43.863400 20 1
-1.054300 1.350650 43.442600 18 1
-1.140700 1.643100 43.999802 12 1
-1.421533 1.758567 43.791634 19 1
-1.094300 1.644700 43.666000 19 1
-1.059500 1.637800 43.863300 0 0
-1.044800 1.359700 43.329399 18 1
-1.082500 1.543150 43.328501 16 1
-1.240700 1.727800 43.053001 14 1
-1.131500 1.655300 43.732498 19 1
-1.161300 1.663900 43.999802 12 1
-1.304200 1.650500 44.115700 12 1
-1.257300 1.911000 43.247299 15 1
-1.083500 1.656300 43.570801 0 0
-1.327400 1.957500 43.173599 15 1
-1.057900 1.343900 43.350601 18 1
-1.072100 1.524100 43.604599 18 1
-1.058500 1.403467 43.337633 16 1
-1.079100 1.494800 43.337399 16 1
-1.393100 1.757500 43.804100 19 1
-1.056583 1.586267 43.848917 20 1
-1.117500 1.659000 43.312199 0 0
-1.116900 1.673500 43.244301 0 0
-1.311650 1.931275 43.190824 15 1
-1.139480 1.710280 43.213160 15 1
-1.051500 1.343000 43.320900 18 1
-0.984933 1.518967 43.935966 20 1
-1.121900 1.585800 43.752602 13 1
-1.141550 1.467850 42.981100 11 1
-1.025840 1.561240 43.883480 20 1
-1.050650 1.618700 43.815050 20 1
-1.127936 1.689518 42.957327 14 1
-1.218088 1.800963 43.528125 17 1
-0.988100 1.480100 43.939499 20 1
-1.087400 1.590700 43.573002 18 1
-1.221400 1.716800 43.844101 19 1
-0.745600 1.381600 44.234501 21 1
-1.100350 1.631200 43.524950 18 1
-1.086100 1.645100 43.634701 0 0
-1.338000 1.745500 43.829498 19 1
-1.095050 1.597150 43.300348 16 1
-1.159600 1.671200 43.784401 19 1
-1.006300 1.591600 44.042801 21 1
-0.947200 1.335100 43.960899 20 1
-1.110633 1.603561 43.881245 13 1
-1.231900 1.713000 43.039001 14 1
-1.023300 1.547800 43.904499 20 1
-1.164500 1.702525 43.805801 19 1
-1.049974 1.606387 44.012774 21 1
-0.763900 1.357600 44.229000 21 1
-1.136100 1.683000 43.393299 17 1
-1.136400 1.718000 43.466202 17 1
-1.088900 1.643000 43.784100 0 0
-1.023065 1.441459 43.635571 18 1
-1.108900 1.654600 42.960001 11 1
-1.051800 1.597200 43.568600 18 1
-1.080067 1.622400 43.789200 20 1
-1.052000 1.327800 43.509150 18 1
-0.956400 1.509400 44.111898 21 1
-1.052600 1.603700 43.818699 20 1
-1.067300 1.403900 43.216499 16 1
-1.041219 1.480413 43.629363 18 1
-1.027100 1.347400 43.440800 18 1
-1.251900 1.886300 43.254601 15 1
-1.038033 1.441517 43.635283 18 1
-1.023500 1.344022 43.551889 18 1
-1.089050 1.455550 43.337799 16 1
-0.866900 1.453015 44.162162 21 1
-1.085900 1.575400 43.582901 18 1
-1.378200 1.928500 43.456799 17 1
-1.353300 1.953000 43.077000 15 1
-1.023100 1.525360 43.914370 20 1
-1.132450 1.552000 42.994751 11 1
-1.148300 1.704200 43.787601 19 1
-1.341700 1.928400 43.124802 15 1
-1.126500 1.617000 43.971699 12 1
-1.395700 1.931400 43.447601 17 1
-1.266600 1.691900 44.102402 12 1
-1.398250 1.905750 43.452074 17 1
-1.112350 1.673050 43.418949 17 1
-1.096600 1.607800 44.042999 13 1
-1.330600 1.953600 43.131802 15 1
-1.109900 1.648800 43.225399 0 0
-1.096500 1.663400 43.377499 0 0
-1.234800 1.712700 43.052799 14 1
-1.163600 1.637500 44.009899 12 1
-1.034450 1.612300 44.007250 21 1
-1.105000 1.590867 43.884401 13 1
-1.305500 1.825400 43.535500 17 1
-1.058200 1.389500 43.309898 16 1
-1.133000 1.696800 43.771099 19 1
-1.150900 1.674200 43.760300 19 1
-1.119167 1.587592 43.776267 13 1
-1.097000 1.632700 43.577202 0 0
-1.078500 1.607700 43.294201 16 1
-0.935200 1.312200 43.954201 20 1
-1.109300 1.404000 43.135201 16 1
-1.070900 1.600100 43.834301 20 1
-1.170900 1.714400 43.462700 17 1
-1.400800 1.648900 44.171101 12 1
-1.090200 1.657000 43.339401 0 0
-1.040568 1.344032 43.548095 18 1
-1.025700 1.362100 43.376999 18 1
-1.062300 1.343500 43.393799 18 1
-1.297400 1.842500 43.544201 17 1
-1.278257 1.645029 44.099657 12 1
-1.071400 1.630000 44.051102 13 1
-1.150100 1.679300 43.194901 15 1
-1.018143 1.594214 44.037858 21 1
-1.104800 1.673700 43.220200 0 0
-1.121567 1.665900 43.127967 0 0
-1.257260 1.846447 43.263427 15 1
-1.092100 1.614600 43.960300 13 1
-1.427400 1.762400 42.960400 14 1
-1.071027 1.402836 43.188228 16 1
-1.122600 1.599600 43.874401 12 1
-1.157300 1.414900 42.936201 11 1
-0.960067 1.408100 43.972068 20 1
-1.394300 1.898050 43.475898 17 1
-1.089040 1.400120 43.155100 16 1
-1.051600 1.376300 43.645302 18 1
-1.337300 1.972700 43.111599 15 1
-1.067500 1.625500 43.879799 0 0
-1.284220 1.638740 44.111600 12 1
-1.062500 1.635900 44.072800 0 0
-0.820300 1.393700 44.190800 21 1
-1.095000 1.587200 43.900299 13 1
-0.798500 1.421600 44.206402 21 1
-1.120400 1.672900 43.357201 8 0
-1.020500 1.610600 43.863800 20 1
-0.759700 1.345200 44.246201 21 1
-1.274550 1.924250 43.235649 15 1
-1.046000 1.601600 43.842150 20 1
-1.107500 1.618900 43.885201 12 1
-1.164200 1.654780 44.015601 12 1
-1.031700 1.350867 43.415865 18 1
-1.114200 1.645000 43.463501 0 0
-1.246800 1.812600 43.544102 17 1
-1.407800 1.915800 43.452801 17 1
-1.274900 1.799600 42.925598 14 1
-1.211000 1.715500 43.045799 14 1
-1.097600 1.621500 43.974602 13 1
-1.059150 1.353850 43.292302 18 1
-1.102800 1.649700 43.329201 0 0
-1.025000 1.567200 43.864601 20 1
-1.064300 1.559600 43.326401 16 1
-0.728700 1.367400 44.244301 21 1
-1.098300 1.428200 43.086300 16 1
-1.118260 1.660300 43.224280 0 0
-1.113236 1.662445 43.073828 0 0
-1.371500 1.629850 44.164101 12 1
-1.086600 1.615500 44.030300 13 1
-1.060600 1.384100 43.248699 16 1
-1.034700 1.548200 43.912998 20 1
-1.130100 1.665000 43.186100 15 1
-1.102300 1.649200 43.934299 12 1
-1.051000 1.594700 43.830299 20 1
-1.440800 1.793700 43.780998 19 1
-1.052800 1.450500 43.362801 16 1
-1.171000 1.660300 44.030602 12 1
-1.134000 1.434100 43.081001 16 1
-1.073220 1.636660 43.923241 0 0
-1.417200 1.773400 43.802700 19 1
-1.299750 1.950500 43.205799 15 1
-1.053900 1.609000 44.079601 13 1
-0.884100 1.255700 43.924301 20 1
-1.057000 1.395000 43.321499 16 1
-1.331400 1.935800 43.133200 15 1
-1.173429 1.634171 44.025372 12 1
-1.202950 1.819350 43.259649 15 1
-1.320400 1.943900 43.203899 15 1
-1.115433 1.612467 43.928101 12 1
-0.911433 1.360367 43.959801 20 1
-1.109400 1.692950 42.902701 0 0
-1.003700 1.339200 43.551498 18 1
-0.994500 1.558900 44.078602 21 1
-1.192300 1.657700 44.029499 12 1
-1.073700 1.610500 43.810600 20 1
-1.074600 1.655800 43.593700 0 0
-1.061200 1.526600 43.616100 18 1
-1.174400 1.783900 43.505199 17 1
-1.164575 1.687850 43.021825 14 1
-1.272267 1.892200 43.248466 15 1
-1.238990 1.783140 43.526310 17 1
-1.381800 1.937600 43.033100 15 1
-1.119780 1.630860 43.961841 12 1
-0.759900 1.383800 44.221001 21 1
-1.011432 1.342235 43.572049 18 1
-1.059179 1.504368 43.345279 16 1
-1.115000 1.666800 42.938699 0 0
-1.190200 1.755800 43.504299 17 1
-1.436967 1.938500 43.379868 17 1
-1.080500 1.606500 44.051701 13 1
-0.783300 1.382600 44.213100 21 1
-1.287400 1.809875 43.538100 17 1
-1.301200 1.934200 43.205799 15 1
-1.387100 1.959550 43.013302 15 1
-1.145575 1.728375 43.471174 17 1
-1.113800 1.604800 43.984402 13 1
-1.105300 1.627100 43.450699 0 0
-0.893200 1.494500 44.144501 21 1
-1.109250 1.674750 42.954449 0 0
-1.200700 1.750800 43.497002 17 1
-1.056600 1.369800 43.281799 18 1
-1.205967 1.777800 43.254833 15 1
-1.085100 1.373900 43.198101 16 1
-1.065300 1.492200 43.615299 18 1
-1.056500 1.623400 43.826801 20 1
-0.989350 1.574100 44.060999 21 1
-1.357100 1.764300 42.995300 14 1
-1.098357 1.549200 43.332115 16 1
-1.364900 1.648600 44.162201 12 1
-0.908755 1.480327 44.138209 21 1
-1.076600 1.646600 43.771500 0 0
-1.113178 1.653617 43.347145 0 0
-1.156600 1.419700 42.964901 11 1
-1.127400 1.706200 43.214401 15 1
-0.965500 1.556400 44.103699 21 1
-1.071400 1.412933 43.336199 16 1
-1.112933 1.641933 43.268701 16 1
-1.173250 1.720700 43.241600 15 1
-1.118950 1.573700 43.748750 13 1
-1.049800 1.631900 44.064301 0 0
-1.097000 1.655000 43.409000 0 0
-1.028100 1.323100 43.515598 18 1
-1.198900 1.737600 43.492500 17 1
-1.043100 1.375700 43.623299 18 1
-1.032100 1.488800 43.927601 20 1
-1.421850 1.906125 43.436399 17 1
-1.083500 1.608000 43.990101 13 1
-1.096700 1.652800 43.188202 0 0
-1.092806 1.615271 44.070059 13 1
-1.435800 1.768400 43.779701 19 1
-1.203450 1.678800 43.821100 19 1
-0.751300 1.355067 44.251167 21 1
-0.848200 1.433200 44.179898 21 1
-1.417000 1.915900 43.442799 17 1
-1.070150 1.606450 44.095800 13 1
-1.218900 1.746800 43.504002 17 1
-1.131500 1.704800 43.463002 17 1
-1.004000 1.569100 44.062698 21 1
-1.340600 1.883000 43.507000 17 1
-1.109500 1.651400 43.517101 0 0
-1.316800 1.942600 43.150299 15 1
-1.044109 1.343181 43.506059 18 1
-0.954277 1.390446 43.971785 20 1
-1.240250 1.664950 44.089001 12 1
-0.806000 1.417100 44.190899 21 1
-1.273100 1.671000 44.092999 12 1
-1.125000 1.584300 43.727200 13 1
-1.054600 1.584300 44.015900 21 1
-1.008625 1.512400 43.925250 20 1
-1.105300 1.635400 43.403099 0 0
-1.134200 1.693775 43.193800 15 1
-1.122100 1.675067 42.883033 0 0
-1.103800 1.583500 43.812199 13 1
-1.048400 1.395400 43.258301 16 1
-0.763600 1.368700 44.235802 21 1
-1.102900 1.625200 43.955002 12 1
-1.078400 1.371800 43.280998 18 1
-1.105700 1.646900 43.413601 0 0
-1.250200 1.628200 44.080399 12 1
-1.078600 1.639900 43.846199 0 0
-0.825500 1.422300 44.184700 21 1
-1.051700 1.441000 43.348301 16 1
-1.421600 1.905300 43.450298 17 1
-1.087800 1.634733 43.605566 0 0
-1.034100 1.366200 43.629250 18 1
-1.109300 1.607900 44.036800 13 1
-1.115300 1.694300 43.179600 15 1
-1.260200 1.660680 44.103500 12 1
-1.215700 1.661200 44.064098 12 1
-0.832000 1.439100 44.174999 21 1
-0.999100 1.342300 43.587349 18 1
-1.212300 1.652450 44.055349 12 1
-0.707900 1.356000 44.249001 21 1
-1.008234 1.351560 43.614130 18 1
-0.885767 1.267267 43.928800 20 1
-1.433000 1.944900 43.389900 17 1
-1.180500 1.669100 43.804699 19 1
-1.102700 1.382600 43.141499 16 1
-1.080450 1.589200 43.562450 18 1
-1.323100 1.867283 43.521334 17 1
-0.813000 1.392700 44.214802 21 1
-1.248700 1.644850 44.096899 12 1
-1.134400 1.573700 43.726101 13 1
-1.047275 1.566442 43.877584 20 1
-1.104800 1.604900 43.939201 13 1
-1.388700 1.900650 43.461799 17 1
-0.964100 1.481200 43.954102 20 1
-1.170700 1.723112 43.472700 17 1
-1.178500 1.756200 43.491501 17 1
-1.006200 1.490700 43.938999 20 1
-1.055613 1.348747 43.368106 18 1
-1.101800 1.596100 43.809601 13 1
-1.102200 1.684800 42.882099 0 0
-1.145500 1.692000 42.978600 14 1
-1.043600 1.551150 43.596250 18 1
-1.067200 1.565800 43.336800 16 1
-1.104100 1.651000 43.450699 0 0
-1.121100 1.668833 43.091633 0 0
-1.108200 1.653850 43.212500 0 0
-1.086200 1.385017 43.215233 16 1
-1.066250 1.480250 43.348000 16 1
-1.063200 1.640500 43.993900 0 0
-1.099100 1.620600 43.999802 13 1
-1.115400 1.656600 43.407501 0 0
-1.097587 1.633527 43.671100 19 1
-1.102300 1.672100 43.058300 0 0
-1.087000 1.645833 43.682367 19 1
-1.277450 1.732850 43.053549 14 1
-1.031400 1.518400 43.625801 18 1
-1.103600 1.414629 43.101071 16 1
-1.092500 1.626600 43.620602 0 0
-1.129000 1.663600 43.308899 0 0
-1.020300 1.396400 43.643700 18 1
-1.045020 1.344650 43.374089 18 1
-1.152400 1.677800 43.430199 17 1
-0.743400 1.358500 44.241100 21 1
-1.254400 1.734200 43.846934 19 1
-1.085183 1.432083 43.352351 16 1
-1.076100 1.629400 43.871799 0 0
-1.157300 1.477300 42.978600 11 1
-1.130500 1.584400 43.764301 13 1
-1.082900 1.639800 43.907751 12 1
-1.006900 1.543900 43.898102 20 1
-1.278800 1.789600 43.542148 17 1
-1.047200 1.353000 43.298901 18 1
-1.120100 1.674200 43.067699 0 0
-1.294900 1.741900 43.844601 19 1
-1.031350 1.336850 43.434000 18 1
-1.101394 1.596678 43.904956 13 1
-1.204600 1.624200 44.068901 12 1
-1.110200 1.640200 43.960201 12 1
-1.065714 1.540457 43.342071 16 1
-1.277550 1.801150 43.537350 17 1
-1.055367 1.458633 43.633934 18 1
-1.129900 1.640200 43.965698 12 1
-1.149078 1.702550 43.211889 15 1
-1.044000 1.526600 43.620201 18 1
-1.429900 1.773600 42.949902 14 1
-1.222500 1.780400 43.528801 17 1
-1.219050 1.627450 44.079601 12 1
-1.072300 1.539700 43.594700 18 1
-1.066400 1.337600 43.304798 18 1
-1.038061 1.344728 43.536075 18 1
-1.108150 1.586500 43.859600 13 1
-1.275043 1.729371 43.843328 19 1
-1.076400 1.583000 44.042801 13 1
-1.093000 1.641600 43.705700 19 1
-1.158200 1.690300 43.428299 17 1
-1.221050 1.848350 43.266199 15 1
-1.127200 1.652275 43.985525 12 1
-1.293100 1.665300 44.109402 12 1
-1.110400 1.607800 43.998299 13 1
-1.104654 1.644523 43.437069 0 0
-1.116700 1.590700 43.787860 13 1
-0.923200 1.289800 43.938499 20 1
-1.086700 1.407400 43.187099 16 1
-1.375900 1.646100 44.156399 12 1
-1.061900 1.354900 43.317402 18 1
-0.859300 1.466200 44.161499 21 1
-1.236150 1.718200 43.846149 19 1
-1.095700 1.402400 43.145100 16 1
-1.036200 1.351900 43.396400 18 1
-1.125400 1.651800 43.401798 8 0
-1.003000 1.565500 43.901001 20 1
-1.122000 1.415800 43.110600 16 1
-1.081400 1.614800 43.619999 0 0
-1.442500 1.750400 43.776001 19 1
-1.051600 1.333600 43.529850 18 1
-1.071500 1.629647 43.773095 3 0
-1.382300 1.757300 43.823601 19 1
-0.929500 1.485600 44.129002 21 1
-1.062332 1.423584 43.346073 16 1
-1.076900 1.635000 43.282501 16 1
-1.104000 1.678700 43.018902 0 0
-1.104000 1.636850 43.460550 0 0
-1.307500 1.663300 44.114899 12 1
-0.868600 1.456200 44.148701 21 1
-1.362400 1.758300 43.831600 19 1
-1.029020 1.340700 43.493460 18 1
-1.054950 1.576650 43.584349 18 1
-1.118400 1.437900 43.070900 16 1
-1.096400 1.641600 43.449501 0 0
-1.064800 1.654700 43.926102 6 0
-1.112700 1.646600 43.242001 16 1
-1.091400 1.646700 43.385399 0 0
-1.406550 1.656900 44.190350 12 1
-1.098367 1.604200 43.557367 18 1
-1.112400 1.650900 43.970402 12 1
-1.124943 1.683307 43.401571 17 1
-1.032648 1.341708 43.469980 18 1
-1.132200 1.700900 42.957199 14 1
-1.255700 1.789900 43.536598 17 1
-1.166325 1.666800 43.794900 19 1
-1.239200 1.656800 44.069099 12 1
-1.111800 1.661100 42.921299 0 0
-0.948200 1.417250 43.970199 20 1
-1.101500 1.663100 43.257367 0 0
-1.071700 1.655000 43.674400 19 1
-1.152300 1.493200 42.979301 11 1
-1.338500 1.741250 43.023050 14 1
-1.321900 1.630700 44.129200 12 1
-1.304900 1.720350 43.842266 19 1
-1.334050 1.945775 43.163800 15 1
-0.933650 1.503400 44.126600 21 1
-0.989400 1.540800 44.086399 21 1
-1.126700 1.659700 42.939098 0 0
-1.224600 1.614300 44.067699 12 1
-1.113500 1.403600 43.111500 16 1
-0.971300 1.515200 43.935101 20 1
-0.974900 1.568300 44.068802 21 1
-1.067100 1.646400 43.859600 0 0
-1.195400 1.663300 44.046299 12 1
-1.236013 1.855100 43.269962 15 1
-1.076300 1.578600 44.073450 13 1
-0.949033 1.376033 43.964401 20 1
-1.358960 1.963080 43.070980 15 1
-1.057800 1.388050 43.283699 16 1
-1.053100 1.539600 43.605468 18 1
-1.164050 1.734464 43.479607 17 1
-1.273200 1.666400 44.105598 12 1
-1.034200 1.558800 43.896599 20 1
-0.891900 1.481400 44.138699 21 1
-1.080800 1.396300 43.240501 16 1
-1.122450 1.689300 43.419690 17 1
-1.026200 1.561800 44.055000 21 1
-1.147200 1.408100 42.914799 11 1
-1.091400 1.636150 43.727249 0 0
-1.103100 1.681000 43.243198 0 0
-1.150900 1.672700 43.009899 14 1
-1.415700 1.735600 43.798302 19 1
-1.117500 1.574700 43.779202 13 1
-1.323300 1.973100 43.145552 15 1
-1.156600 1.687000 43.767899 19 1
-1.258100 1.804100 43.531898 17 1
-1.048600 1.381500 43.268902 16 1
-1.245100 1.810642 43.532399 17 1
-1.157300 1.709700 43.229500 15 1
-0.882700 1.251300 43.899502 20 1
-1.087500 1.608900 43.802101 20 1
-1.030900 1.330000 43.452333 18 1
-1.149000 1.449000 43.048901 16 1
-1.088700 1.623100 43.674702 0 0
-1.110400 1.617800 44.023050 13 1
-1.084900 1.609000 43.555901 18 1
-1.049800 1.335900 43.419201 18 1
-1.173500 1.419800 42.981400 11 1
-1.132500 1.444000 43.061100 16 1
-1.197220 1.804320 43.266740 15 1
-1.130200 1.713000 43.439602 17 1
-0.999000 1.339500 43.602501 18 1
-1.130200 1.665200 42.924400 0 0
-1.182433 1.749847 43.251733 15 1
-1.020900 1.430500 43.640701 18 1
-1.082900 1.604150 43.817801 20 1
-1.042180 1.343200 43.482001 18 1
-1.066900 1.641500 43.941601 0 0
-1.038100 1.333300 43.413268 18 1
-1.123300 1.664400 42.889702 0 0
-1.042300 1.426200 43.626400 18 1
-1.335900 1.619800 44.148800 12 1
-1.056200 1.362100 43.309799 18 1
-0.923888 1.312165 43.948083 20 1
-1.109800 1.678100 42.974749 0 0
-1.327700 1.974500 43.127102 15 1
-0.844250 1.456200 44.173401 21 1
-1.067300 1.601500 44.069199 13 1
-1.036900 1.579200 44.045200 21 1
-1.060900 1.645400 43.836300 0 0
-1.326075 1.840450 43.528850 17 1
-1.045100 1.585800 43.576500 18 1
-1.065450 1.455550 43.348199 16 1
-1.072000 1.640800 43.651600 0 0
-1.092350 1.598550 43.961500 13 1
-1.122050 1.669525 43.107450 0 0
-1.064200 1.590400 43.828201 20 1
-1.016100 1.612000 44.029999 21 1
-1.019600 1.583600 43.880001 20 1
-0.785100 1.405000 44.219799 21 1
-1.438600 1.921000 43.389999 17 1
-1.346700 1.943600 43.094002 15 1
-0.884600 1.466500 44.142799 21 1
-1.052767 1.348111 43.338139 18 1
-1.104000 1.621400 44.013302 13 1
-1.024050 1.599800 43.854050 20 1
-1.072000 1.629600 44.094700 13 1
-1.029212 1.350581 43.617010 18 1
-1.080500 1.653300 43.689899 19 1
-1.076700 1.657500 43.662601 19 1
-1.248780 1.824340 43.536539 17 1
-1.292000 1.647000 44.116100 12 1
-0.741100 1.346300 44.259300 21 1
-1.075150 1.578650 43.332751 16 1
-1.169000 1.674500 44.023102 12 1
-1.069100 1.367500 43.271599 18 1
-1.042700 1.394900 43.637299 18 1
-1.075800 1.645200 43.700298 0 0
-1.256600 1.665300 44.092400 12 1
-1.267000 1.874800 43.237801 15 1
-1.063200 1.632740 44.028250 0 0
-1.323120 1.962260 43.139519 15 1
-0.992720 1.503920 43.934880 20 1
-1.280600 1.715800 43.852901 19 1
-1.237950 1.643000 44.088900 12 1
-1.104400 1.610500 43.915001 13 1
-1.310700 1.743100 43.841702 19 1
-1.109200 1.625900 43.463600 0 0
-1.119000 1.593933 43.806166 13 1
-1.067914 1.400379 43.203050 16 1
-1.114250 1.675250 43.170349 7 0
-1.232700 1.731200 43.838402 19 1
-1.129300 1.678500 42.912800 14 1
-1.173900 1.769500 43.498501 17 1
-0.770900 1.368000 44.218399 21 1
-1.377400 1.916500 43.451698 17 1
-0.945300 1.354582 43.965482 20 1
-1.191100 1.639900 44.051498 12 1
-1.451133 1.774100 43.780167 19 1
-1.122300 1.675400 43.187199 15 1
-1.027000 1.543000 43.610600 18 1
-1.128100 1.654100 43.189999 0 0
-1.200067 1.789133 43.520767 17 1
-1.056600 1.353200 43.417000 18 1
-1.312100 1.631600 44.122799 12 1
-1.070400 1.387600 43.268200 16 1
-1.057600 1.618200 44.012699 21 1
-1.110433 1.655478 43.275211 0 0
-1.119050 1.668950 43.333799 0 0
-1.336050 1.639500 44.139950 12 1
-1.075700 1.641500 43.537201 0 0
-1.064800 1.400300 43.237099 16 1
-1.262800 1.877900 43.266399 15 1
-1.109200 1.440300 43.080399 16 1
-1.105600 1.640800 43.491199 0 0
-1.093000 1.620600 44.048698 13 1
-1.227800 1.645200 44.082298 12 1
-1.095340 1.570560 43.319859 16 1
-1.062900 1.635400 44.008598 0 0
-1.100375 1.643125 43.502625 0 0
-1.000700 1.587500 44.053799 21 1
-1.122100 1.680400 42.962549 0 0
-1.435500 1.748100 43.790501 19 1
-1.242000 1.699350 43.836900 19 1
-1.318500 1.646700 44.137199 12 1
-1.095000 1.622700 43.540600 18 1
-1.347900 1.956200 43.135502 15 1
-1.086173 1.471233 43.343887 16 1
-1.073500 1.651600 43.743351 0 0
-1.318100 1.942900 43.189800 15 1
-1.282000 1.823900 43.539001 17 1
-1.013700 1.344400 43.511200 18 1
-1.119550 1.684000 43.752201 19 1
-1.101067 1.616933 44.056234 13 1
-1.221767 1.717100 43.049900 14 1
-1.271400 1.864200 43.269001 15 1
-0.979500 1.559700 44.077202 21 1
-1.028800 1.577500 43.857450 20 1
-1.050900 1.561800 43.593700 18 1
-1.069800 1.379400 43.195099 16 1
-1.119900 1.432700 43.094501 16 1
-1.254300 1.645200 44.081402 12 1
-1.277400 1.676100 44.110500 12 1
-1.095400 1.596700 43.312901 16 1
-1.428800 1.930300 43.409599 17 1
-1.127800 1.585600 43.712200 13 1
-1.281600 1.654400 44.115299 12 1
-1.077148 1.441448 43.350252 16 1
-1.094800 1.392600 43.161800 16 1
-1.358700 1.964900 43.090401 15 1
-1.116250 1.582100 43.806275 13 1
-1.363300 1.775800 43.818901 19 1
-0.798100 1.386800 44.219601 21 1
-1.087500 1.642000 43.891701 12 1
-1.118700 1.672600 43.766201 19 1
-1.411300 1.942000 43.418598 17 1
-1.224900 1.696200 43.821499 19 1
-1.342600 1.952100 43.102001 15 1
-1.094830 1.661170 43.715820 19 1
-1.230138 1.828237 43.268776 15 1
-1.137119 1.685338 43.775682 19 1
-1.438800 1.930600 43.400101 17 1
-0.900033 1.462633 44.144765 21 1
-1.123500 1.671700 43.161999 15 1
-0.990200 1.438100 43.962399 20 1
-1.031413 1.486338 43.630912 18 1
-1.084967 1.413333 43.145266 16 1
-1.270900 1.722800 43.852600 19 1
-1.219167 1.754300 43.513766 17 1
-1.079271 1.392300 43.290700 16 1
-1.317950 1.960400 43.161649 15 1
-1.073200 1.643100 43.609798 0 0
-1.136800 1.660800 43.412800 17 1
-1.389000 1.922800 43.459202 17 1
-1.105100 1.559900 43.312801 16 1
-1.365300 1.968400 43.049198 15 1
-1.288700 1.921600 43.218102 15 1
-1.103500 1.647000 43.571201 0 0
-1.067600 1.641300 44.049099 0 0
-1.088900 1.653300 43.547298 0 0
-1.125200 1.640400 43.986599 12 1
-1.090450 1.599800 43.979651 13 1
-1.117900 1.624600 43.282700 16 1
-1.075800 1.642100 43.676899 0 0
-1.037900 1.573900 43.879601 20 1
-1.020950 1.338200 43.527650 18 1
-1.062415 1.525185 43.345069 16 1
-1.433000 1.788600 42.935799 14 1
-1.136733 1.645367 43.989234 12 1
-1.146300 1.738200 43.235399 15 1
-1.076900 1.510000 43.351200 16 1
-1.299650 1.725100 43.041851 14 1
-1.294000 1.915200 43.236099 15 1
-1.071900 1.597900 43.814999 20 1
-1.095700 1.656700 43.308998 0 0
-1.209088 1.765331 43.509382 17 1
-1.115100 1.643500 42.957802 11 1
-1.094400 1.611300 43.943199 13 1
-1.118300 1.631500 43.267399 16 1
-1.121871 1.669100 43.383243 17 1
-1.043100 1.400900 43.272099 16 1
-1.004343 1.406329 43.636729 18 1
-1.058325 1.469000 43.628701 18 1
-1.047800 1.405500 43.636101 18 1
-1.406167 1.898233 43.455532 17 1
-1.066100 1.615800 43.818802 20 1
-1.062200 1.619700 44.025899 0 0
-1.080200 1.632685 43.707204 0 0
-1.072700 1.400800 43.226101 16 1
-1.011900 1.582000 43.892502 20 1
-1.083900 1.642300 43.661800 0 0
-1.338243 1.735414 43.836585 19 1
-1.108900 1.547600 43.325699 16 1
-1.016000 1.522100 43.625099 18 1
-1.191288 1.774441 43.511518 17 1
-1.359300 1.731000 43.835602 19 1
-1.054900 1.632000 43.801800 20 1
-1.083600 1.629400 43.528099 18 1
-1.151200 1.660000 43.987900 12 1
-0.793300 1.387200 44.209099 21 1
-1.155055 1.719309 43.461791 17 1
-1.353500 1.962500 43.104599 15 1
-1.080400 1.619000 44.057999 13 1
-1.032088 1.420471 43.634777 18 1
-1.308900 1.747400 43.025600 14 1
-1.123033 1.657067 43.739867 19 1
-1.109933 1.658000 43.098267 0 0
-0.784000 1.366633 44.220499 21 1
-1.042900 1.383200 43.649101 18 1
-1.173100 1.703800 43.012501 14 1
-1.257900 1.860900 43.271999 15 1
-1.098800 1.650200 43.521301 0 0
-1.110350 1.648508 43.709983 19 1
-1.110231 1.657287 43.392013 0 0
-1.035900 1.337300 43.362499 18 1
-1.319300 1.672600 44.132500 12 1
-1.313600 1.887000 43.520802 17 1
-1.158308 1.738908 43.241261 15 1
-1.055200 1.559400 43.889702 20 1
-1.123500 1.660200 42.961601 0 0
-1.106500 1.595000 44.054401 13 1
-1.036000 1.485800 43.643299 18 1
-1.108800 1.579900 43.310001 16 1
-1.112200 1.659700 43.417900 0 0
-1.120700 1.419600 43.093102 16 1
-1.011440 1.389140 43.630442 18 1
-1.111100 1.620050 44.003100 13 1
-1.109400 1.648300 43.473900 0 0
-1.073450 1.632900 43.805750 0 0
-1.084400 1.404600 43.311600 16 1
-1.121500 1.671100 42.929798 0 0
-1.104024 1.665665 43.722694 19 1
-1.113700 1.591900 43.877234 13 1
-1.107800 1.405700 43.149200 16 1
-1.269700 1.634100 44.093300 12 1
-1.137433 1.710100 43.450167 17 1
-1.025450 1.342750 43.452500 18 1
-1.164100 1.404900 42.939400 11 1
-1.032000 1.597500 44.024200 21 1
-1.113600 1.585367 43.827534 13 1
-1.108200 1.618400 43.897701 12 1
-1.089700 1.406150 43.121750 16 1
-1.155600 1.660967 44.011734 12 1
-1.099400 1.673700 43.333599 0 0
-1.120300 1.645600 43.704899 19 1
-1.086400 1.384700 43.191266 16 1
-1.168700 1.751400 43.260399 15 1
-1.121300 1.676250 42.951401 0 0
-1.397400 1.658600 44.179001 12 1
-1.072100 1.615400 43.793900 20 1
-1.123400 1.673300 43.406502 17 1
-1.127936 1.689293 43.185057 15 1
-1.082600 1.620000 43.555199 18 1
-1.095242 1.639933 43.425234 0 0
-1.054000 1.504900 43.335300 16 1
-1.173400 1.771182 43.262800 15 1
-1.282300 1.915300 43.237598 15 1
-1.409000 1.761500 42.969200 14 1
-1.097750 1.636950 43.893601 12 1
-1.385975 1.888000 43.476162 17 1
-1.113400 1.678100 42.996101 0 0
-1.128700 1.666000 43.285500 0 0
-1.327100 1.936700 43.143700 15 1
-1.088967 1.638967 43.644433 0 0
-0.934800 1.358600 43.970200 20 1
-1.085850 1.615175 43.298225 16 1
-1.084500 1.636200 43.624901 0 0
-1.149419 1.690814 43.790776 19 1
-1.137900 1.684350 42.959899 14 1
-1.302850 1.919000 43.212000 15 1
-1.023500 1.329967 43.482501 18 1
-1.109200 1.678000 43.067501 0 0
-1.404500 1.678500 44.185600 12 1
-1.245273 1.867318 43.268364 15 1
-1.263800 1.856700 43.252102 15 1
-1.092867 1.645333 43.274867 16 1
-0.918236 1.303354 43.943429 20 1
-1.058787 1.594053 43.838820 20 1
-1.113325 1.656292 43.259884 0 0
-1.160620 1.443320 42.975441 11 1
-0.906300 1.316400 43.954899 20 1
-1.270500 1.837000 43.543900 17 1
-0.979500 1.498800 43.944801 20 1
-1.089220 1.654627 43.698004 19 1
-1.114800 1.601100 43.292400 16 1
-1.399500 1.768100 43.812302 19 1
-1.002600 1.446800 43.632801 18 1
-1.131650 1.678658 43.181866 15 1
-1.062900 1.639900 43.959999 0 0
-1.085200 1.453700 43.353001 16 1
-1.260260 1.716580 43.843041 19 1
-1.052892 1.578442 43.859334 20 1
-1.278600 1.856100 43.266300 15 1
-1.044300 1.347000 43.350899 18 1
-1.234600 1.689600 43.838799 19 1
-1.053200 1.405750 43.319876 16 1
-1.104500 1.558500 43.329133 16 1
-1.043500 1.358600 43.633999 18 1
-0.945167 1.519400 44.099767 21 1
-1.101050 1.537350 43.323200 16 1
-1.000800 1.340800 43.569000 18 1
-1.203393 1.699479 43.820229 19 1
-1.061800 1.634100 43.920200 0 0
-1.080569 1.605644 44.085237 13 1
-1.041700 1.495600 43.624401 18 1
-1.110647 1.608276 43.959017 13 1
-0.903623 1.285795 43.934045 20 1
-0.997500 1.350200 43.606299 18 1
-1.088475 1.507742 43.337783 16 1
-1.280200 1.657600 44.102100 12 1
-1.053900 1.375100 43.248798 18 1
-1.009057 1.531500 43.911971 20 1
-1.437700 1.778400 43.792702 19 1
-1.053700 1.331400 43.358700 18 1
-1.005800 1.584200 44.066002 21 1
-0.906179 1.303350 43.941508 20 1
-1.078300 1.622600 43.642300 0 0
-1.119767 1.666333 43.269268 0 0
-1.218300 1.724200 43.832199 19 1
-0.955400 1.525600 44.112301 21 1
-1.023200 1.343233 43.562967 18 1
-1.081200 1.572100 43.573299 18 1
-1.052000 1.638400 43.774601 0 0
-1.037150 1.574000 43.590250 18 1
-1.250500 1.727600 43.058201 14 1
-0.721200 1.351800 44.249001 21 1
-1.323133 1.738750 43.029034 14 1
-1.120900 1.664200 43.752899 19 1
-1.227550 1.813525 43.270950 15 1
-1.256400 1.769900 43.528702 17 1
-1.045000 1.348700 43.625599 18 1
-1.402200 1.788600 43.802601 19 1
-1.101000 1.616900 43.297199 16 1
-0.754500 1.346900 44.235901 21 1
-1.116056 1.659956 43.152094 0 0
-1.144400 1.667100 43.767700 19 1
-1.307800 1.945900 43.178799 15 1
-1.129200 1.567100 43.713100 13 1
-1.316800 1.929867 43.206367 15 1
-1.117900 1.426800 43.074699 16 1
-1.081600 1.639400 43.764599 0 0
-1.005190 1.470340 43.952110 20 1
-1.157300 1.752100 43.493900 17 1
-1.072100 1.336500 43.315701 18 1
-1.087400 1.407300 43.324501 16 1
-1.307800 1.929000 43.216801 15 1
-1.296500 1.700500 43.839750 19 1
-1.117875 1.657950 43.323177 0 0
-1.394300 1.761500 42.976398 14 1
-1.064900 1.580800 43.569000 18 1
-1.079600 1.478600 43.353199 16 1
-0.805900 1.382600 44.197899 21 1
-0.910333 1.501767 44.128167 21 1
-0.978150 1.447100 43.959400 20 1
-1.343900 2.038200 43.472900 8 0
-1.008500 1.341800 43.487301 18 1
-0.990700 1.582800 44.053902 21 1
-1.106300 1.646140 43.374180 0 0
-0.777300 1.415400 44.209900 21 1
-1.024900 1.352900 43.396400 18 1
-1.375600 1.959100 43.034401 15 1
-1.107500 1.636200 43.532001 0 0
-1.037000 1.559000 43.882198 20 1
-1.046000 1.616800 43.993401 21 1
-1.112700 1.659623 43.163993 0 0
-1.035087 1.547338 43.897012 20 1
-1.097650 1.634400 43.920250 12 1
-1.206200 1.710100 43.830898 19 1
-1.119200 1.596480 43.820800 13 1
-1.415100 1.753600 43.799999 19 1
-1.198000 1.668500 44.036999 12 1
-1.050900 1.325400 43.559399 18 1
-1.126000 1.666800 42.907600 0 0
-1.078300 1.379600 43.273300 16 1
-1.133900 1.683700 42.942200 14 1
-1.085800 1.605300 43.304651 16 1
-0.786100 1.396300 44.207399 21 1
-1.118950 1.680750 42.894050 0 0
-1.000600 1.605000 44.044701 21 1
-1.020033 1.351433 43.611097 18 1
-1.111400 1.664800 43.038300 0 0
-1.107200 1.668800 43.146000 0 0
-1.017000 1.554800 43.886501 20 1
-1.102800 1.650200 43.685200 19 1
-1.118500 1.594400 43.903500 13 1
-1.081333 1.388733 43.230333 16 1
-0.977167 1.539433 44.105099 21 1
-1.143667 1.687333 43.199944 15 1
-1.092800 1.409900 43.137699 16 1
-0.932921 1.378358 43.970226 20 1
-1.182127 1.699787 43.031993 14 1
-1.190984 1.696211 43.812505 19 1
-1.102900 1.665000 43.299400 0 0
-1.084000 1.525200 43.614399 18 1
-1.068100 1.636600 43.850101 0 0
-1.390600 1.771500 42.969299 14 1
-1.291400 1.906300 43.245300 15 1
-1.034000 1.347017 43.593832 18 1
-1.328100 1.929500 43.183800 15 1
-1.118800 1.660200 43.047901 0 0
-1.349200 1.976200 43.077702 15 1
-1.098800 1.599200 43.880501 13 1
-0.934200 1.525300 44.111198 21 1
-1.038125 1.344706 43.515025 18 1
-1.125800 1.656200 43.175301 0 0
-0.969100 1.430600 43.965302 20 1
-1.133000 1.685800 43.421600 17 1
-1.071500 1.643600 43.820999 0 0
-1.106700 1.654500 43.144600 0 0
-1.105600 1.594300 43.948502 13 1
-1.071681 1.403394 43.310712 16 1
-1.072600 1.409800 43.152802 16 1
-1.078350 1.596900 44.058352 13 1
-1.267900 1.639600 44.106400 12 1
-1.116900 1.653400 43.726799 19 1
-1.407100 1.732800 43.808300 19 1
-0.945300 1.543400 44.098801 21 1
-1.026648 1.341826 43.515126 18 1
-1.041733 1.572100 43.867899 20 1
-1.071700 1.644000 43.835201 0 0
-1.203500 1.843100 43.270000 15 1
-1.043100 1.347700 43.452900 18 1
-1.087800 1.418500 43.126499 16 1
-1.117800 1.662700 43.368599 17 1
-1.150300 1.666800 43.787800 19 1
-1.095400 1.622900 43.905602 12 1
-1.073400 1.601300 43.307301 16 1
-1.307700 1.741300 43.044601 14 1
-1.068600 1.625600 44.073700 13 1
-1.247400 1.829300 43.264301 15 1
-1.142300 1.727100 43.236099 15 1
-1.272067 1.726160 43.043180 14 1
-1.043300 1.536200 43.907600 20 1
-1.074400 1.631460 43.728140 0 0
-1.116950 1.635300 42.974401 11 1
-1.133706 1.651188 43.743406 19 1
-1.098022 1.644800 43.545111 0 0
-1.089700 1.609600 44.094200 13 1
-1.090300 1.651600 43.930500 12 1
-1.001000 1.452600 43.956299 20 1
-1.077276 1.417035 43.344274 16 1
-1.191000 1.769200 43.043598 14 1
-1.073300 1.639800 43.754499 0 0
-1.025405 1.360226 43.626989 18 1
-0.769300 1.386700 44.229801 21 1
-1.050077 1.339208 43.488169 18 1
-1.345400 1.643900 44.151199 12 1
-1.408800 1.927600 43.440201 17 1
-1.230215 1.759462 43.523539 17 1
-1.375100 1.938200 43.045799 15 1
-1.040696 1.344385 43.602215 18 1
-1.083500 1.626600 43.658401 0 0
-1.035300 1.611400 44.033199 21 1
-1.151989 1.732632 43.479105 17 1
-1.084900 1.603500 43.545898 18 1
-1.286350 1.886050 43.247349 15 1
-1.059350 1.503700 43.622001 18 1
-1.079800 1.376700 43.258301 18 1
-1.125500 1.700800 43.195099 15 1
-1.429700 1.913800 43.427601 17 1
-0.754200 1.394700 44.225601 21 1
-1.103900 1.673400 43.273399 0 0
-0.966900 1.458467 43.958833 20 1
-1.112300 1.668400 43.309700 0 0
-0.986400 1.530600 43.930698 20 1
-1.400900 1.766900 43.800598 19 1
-1.229100 1.821300 43.528000 17 1
-1.097525 1.624950 43.664625 0 0
-1.088100 1.636000 43.749901 0 0
-1.103100 1.658800 43.365799 0 0
-0.972000 1.551000 44.086601 21 1
-1.165400 1.704200 43.457699 17 1
-1.091100 1.600600 44.007702 13 1
-1.083800 1.556800 43.588001 18 1
-0.750200 1.365600 44.236801 21 1
-1.290400 1.681667 43.844100 19 1
-1.099100 1.601100 43.925701 13 1
-1.403500 1.753500 43.805801 19 1
-1.321400 1.858900 43.533901 17 1
-1.183000 1.652900 44.027199 12 1
-1.052600 1.350300 43.463799 18 1
-1.077500 1.542400 43.603699 18 1
-0.900600 1.474400 44.144275 21 1
-1.038136 1.462407 43.632857 18 1
-1.310300 1.636200 44.132301 12 1
-1.316200 1.947200 43.172100 15 1
-0.767200 1.351400 44.237598 21 1
-1.017087 1.338733 43.545147 18 1
-1.326000 1.640400 44.131100 12 1
-1.107000 1.605500 44.052399 13 1
-1.091875 1.606550 44.027750 13 1
-1.107830 1.608820 43.974220 13 1
-1.028000 1.623000 44.007900 21 1
-1.057800 1.352033 43.389200 18 1
-1.289367 1.736133 43.037967 14 1
-1.096460 1.620400 44.082560 13 1
-1.074400 1.511300 43.624599 18 1
-1.087200 1.597900 44.019199 13 1
-1.100800 1.583400 43.866699 13 1
-1.106200 1.619200 43.934200 12 1
-1.305100 1.640000 44.117399 12 1
-1.065300 1.589700 43.582298 18 1
-0.884500 1.243800 43.909302 20 1
-1.075600 1.632850 43.688775 0 0
-1.388333 1.750233 43.817467 19 1
-1.151400 1.645900 43.999500 12 1
-1.195500 1.827200 43.265202 15 1
-0.917050 1.368825 43.965674 20 1
-1.348850 1.969000 43.091949 15 1
-1.327500 1.964100 43.164600 15 1
-1.111200 1.615300 44.059101 13 1
-1.089200 1.532600 43.348400 16 1
-1.107000 1.639200 43.719299 19 1
-1.078245 1.387955 43.281036 16 1
-1.118300 1.651400 43.959499 12 1
-1.021100 1.350600 43.598099 18 1
-1.178200 1.707000 43.044300 14 1
-1.027100 1.571600 43.876400 20 1
-1.119567 1.663050 43.290367 0 0
-0.828800 1.403400 44.195999 21 1
-1.158285 1.411915 42.947930 11 1
-0.868800 1.258100 43.915100 20 1
-1.134600 1.676800 42.991299 14 1
-1.164000 1.747200 43.483398 17 1
-1.336900 1.654300 44.137001 12 1
-0.795500 1.433600 44.196899 21 1
-0.984450 1.431900 43.970600 20 1
-1.195600 1.759800 43.243999 15 1
-0.915607 1.348133 43.961467 20 1
-1.199100 1.728100 43.820099 19 1
-1.113400 1.703100 43.438801 17 1
-1.075500 1.632200 43.784000 0 0
-1.066500 1.569800 43.873901 20 1
-1.186200 1.619800 44.042599 12 1
-1.379600 1.633450 44.172200 12 1
-1.184933 1.710917 43.818100 19 1
-1.281800 1.708140 43.843340 19 1
-1.080513 1.633033 43.635240 0 0
-1.068100 1.549200 43.596699 18 1
-1.153800 1.762600 43.498402 17 1
-0.992300 1.395200 43.630699 18 1
-1.098200 1.600300 43.543598 18 1
-1.327600 1.751300 43.829800 19 1
-1.081400 1.639600 43.874901 12 1
-1.109850 1.618250 44.034800 13 1
-1.286700 1.933050 43.226700 15 1
-1.135700 1.713700 43.222401 15 1
-1.041950 1.334150 43.370550 18 1
-1.148700 1.483200 42.977001 11 1
-1.117700 1.660700 43.716499 19 1
-1.424800 1.779900 43.798698 19 1
-1.023156 1.405761 43.633806 18 1
-1.215530 1.828550 43.272970 15 1
-1.410720 1.913120 43.434800 17 1
-1.047100 1.554250 43.897800 20 1
-1.104600 1.474750 43.340750 16 1
-1.376800 1.914800 43.470200 17 1
-1.082500 1.400200 43.197601 16 1
-1.396900 1.745300 43.805099 19 1
-1.199400 1.669200 43.822601 19 1
-0.766500 1.373500 44.226898 21 1
-1.322100 1.662650 44.136900 12 1
-1.263500 1.785433 43.530785 17 1
-1.078200 1.616600 44.068001 13 1
-1.140609 1.626882 43.994300 12 1
-1.036600 1.618400 44.022400 21 1
-1.043800 1.363250 43.619551 18 1
-1.143020 1.504560 42.988721 11 1
-1.166550 1.690750 43.446300 17 1
-1.203064 1.783391 43.265945 15 1
-1.188600 1.786400 43.264702 15 1
-1.095500 1.639800 43.630798 0 0
-1.207200 1.725800 43.830299 19 1
-1.342100 1.849100 43.523602 17 1
-1.110025 1.665475 43.062500 0 0
-0.986600 1.470900 43.945900 20 1
-1.247986 1.843014 43.266928 15 1
-1.103020 1.675120 42.891160 0 0
-1.042500 1.384600 43.628799 18 1
-1.181400 1.753800 43.261902 15 1
-1.080750 1.594300 44.037300 13 1
-1.185121 1.765293 43.257443 15 1
-1.077500 1.642100 43.585098 0 0
-1.361000 1.770100 42.987499 14 1
-0.812300 1.425200 44.185699 21 1
-1.099900 1.653900 43.440498 0 0
-1.176233 1.759933 43.502056 17 1
-1.175750 1.680200 43.802751 19 1
-1.035700 1.342400 43.616299 18 1
-1.149400 1.692100 42.990501 14 1
-1.057800 1.391100 43.256699 16 1
-1.293500 1.726100 43.843201 19 1
-0.819300 1.413300 44.199299 21 1
-1.269500 1.686100 43.849098 19 1
-1.116500 1.575250 43.791500 13 1
-1.255400 1.679900 44.098801 12 1
-1.263100 1.704850 43.844752 19 1
-1.096800 1.631300 43.273201 16 1
-1.104500 1.672500 43.262652 0 0
-1.077094 1.489175 43.346262 16 1
-0.935700 1.354200 43.954700 20 1
-0.870000 1.250450 43.904850 20 1
-1.129700 1.600500 43.769901 13 1
-1.092700 1.636800 43.685001 19 1
-1.122200 1.645100 42.966275 11 1
-1.178514 1.729586 43.243100 15 1
-1.026450 1.606150 44.018801 21 1
-1.109500 1.445100 43.063202 16 1
-0.835700 1.421200 44.192600 21 1
-1.057500 1.516800 43.341301 16 1
-1.102700 1.395800 43.138599 16 1
-0.975025 1.540742 44.094463 21 1
-1.347800 1.752600 43.835098 19 1
-0.896300 1.331900 43.945801 20 1
-1.106400 1.591300 43.786400 13 1
-1.372500 1.762100 43.829151 19 1
-1.119200 1.665738 43.011075 0 0
-1.058000 1.611100 43.823650 20 1
-1.031100 1.331100 43.423000 18 1
-1.113400 1.663400 43.350700 0 0
-1.088900 1.378000 43.163898 16 1
-0.982167 1.576700 44.068066 21 1
-1.094660 1.603540 43.991560 13 1
-1.062200 1.641400 43.912800 0 0
-1.031150 1.345800 43.425449 18 1
-1.125000 1.650000 43.717499 19 1
-1.183000 1.647900 44.017300 12 1
-1.136850 1.675286 43.413250 17 1
-1.126800 1.578300 42.990200 11 1
-1.142800 1.685600 43.008701 14 1
-1.114800 1.685700 43.042900 0 0
-1.022000 1.587800 43.870800 20 1
-1.101300 1.670100 43.229301 0 0
-1.207600 1.641000 44.057598 12 1
-1.175700 1.440700 42.988701 11 1
-0.842750 1.420375 44.183226 21 1
-0.877850 1.442550 44.160151 21 1
-1.170083 1.750975 43.250117 15 1
-1.106100 1.597000 43.561199 18 1
-1.417600 1.945900 43.407501 17 1
-1.204000 1.824200 43.275299 15 1
-0.910800 1.339000 43.957401 20 1
-1.071400 1.537700 43.612202 18 1
-1.082480 1.615860 43.809271 20 1
-1.017400 1.574500 43.887402 20 1
-1.094800 1.635600 43.939800 12 1
-1.079342 1.650342 43.908250 12 1
-1.308400 1.855000 43.523102 17 1
-1.355400 1.748700 43.824100 19 1
-1.042500 1.578400 43.845798 20 1
-1.050411 1.339789 43.332434 18 1
-1.316700 1.748400 43.832600 19 1
-1.037841 1.591006 44.030500 21 1
-1.117700 1.590525 43.731100 13 1
-1.170100 1.661700 44.004799 12 1
-1.416000 1.766700 43.794899 19 1
-0.998700 1.440500 43.967800 20 1
-1.039400 1.345000 43.386398 18 1
-1.044400 1.356300 43.600300 18 1
-1.123600 1.608700 42.971699 11 1
-1.156060 1.429140 42.969100 11 1
-0.941500 1.518800 44.120899 21 1
-1.044221 1.339548 43.569103 18 1
-1.068000 1.619100 43.966301 21 1
-0.985700 1.488100 43.945599 20 1
-1.343150 1.951300 43.124000 15 1
-1.124000 1.624800 43.981499 12 1
-1.096100 1.653800 43.269901 16 1
-1.204700 1.634500 44.048199 12 1
-1.111200 1.665300 43.205601 0 0
-1.105100 1.620000 43.548901 18 1
-1.023500 1.590800 44.047298 21 1
-1.095100 1.644167 43.394700 0 0
-1.028100 1.446700 43.642899 18 1
-1.136400 1.448800 43.047401 16 1
-1.341000 1.764750 43.835048 19 1
-1.305155 1.662155 44.126818 12 1
-1.040400 1.531000 43.605801 18 1
-1.313000 1.651600 44.121399 12 1
-1.433800 1.917500 43.403900 17 1
-1.042000 1.419050 43.643151 18 1
-1.169400 1.777500 43.255699 15 1
-1.219800 1.634400 44.053398 12 1
-1.209340 1.704980 43.041510 14 1
-1.044303 1.343320 43.526990 18 1
-0.897500 1.461600 44.154701 21 1
-1.237900 1.719500 43.045399 14 1
-0.911800 1.479600 44.128399 21 1
-1.432450 1.934500 43.388950 17 1
-1.185450 1.635950 44.043850 12 1
-1.089700 1.626300 43.644501 0 0
-1.035700 1.336767 43.446033 18 1
-1.088100 1.606900 43.952000 13 1
-1.070400 1.412000 43.183601 16 1
-1.103600 1.420400 43.131100 16 1
-1.111000 1.626400 43.964802 12 1
-1.082071 1.634443 43.721986 0 0
-1.087600 1.646100 43.561699 0 0
-1.097493 1.640487 43.484893 0 0
-1.359533 1.875433 43.499834 17 1
-1.056900 1.340800 43.311501 18 1
-1.123225 1.626800 43.970625 12 1
-1.050240 1.336580 43.548060 18 1
-1.098700 1.596900 43.863499 13 1
-0.910700 1.510500 44.118500 21 1
-1.167900 1.743000 43.243401 15 1
-0.890696 1.258643 43.916487 20 1
-0.954367 1.542333 44.094066 21 1
-1.046959 1.345877 43.431218 18 1
-1.208025 1.690525 43.822150 19 1
-1.077200 1.597450 44.073999 13 1
-1.201400 1.648400 44.043551 12 1
-1.141100 1.704000 43.780300 19 1
-1.025100 1.572100 44.059700 21 1
-1.074100 1.578200 44.083900 13 1
-1.086833 1.640467 43.673632 12 0
-1.258800 1.631500 44.084900 12 1
-0.986891 1.462245 43.958827 20 1
-1.066064 1.633409 43.932182 0 0
-1.419700 1.662000 44.181499 12 1
-1.054700 1.388900 43.228901 16 1
-1.013700 1.454500 43.954300 20 1
-1.154400 1.467300 42.972698 11 1
-1.064250 1.635225 43.782525 20 1
-1.016800 1.381000 43.635799 18 1
-1.122600 1.678200 43.025200 0 0
-1.034400 1.376100 43.632500 18 1
-1.094100 1.638700 43.911301 12 1
-1.127800 1.663350 43.398249 17 1
-1.110100 1.670900 43.322601 0 0
-1.225700 1.782700 43.519299 17 1
-0.787600 1.417800 44.208801 21 1
-1.163225 1.689425 43.792250 19 1
-0.855400 1.475400 44.173000 21 1
-1.105200 1.671400 42.938301 0 0
-1.023800 1.353700 43.484699 18 1
-1.101000 1.653500 43.260950 16 1
-0.985000 1.496100 43.934601 20 1
-1.067300 1.631000 43.996802 0 0
-1.419500 1.782400 43.778500 19 1
-1.400150 1.893100 43.463399 17 1
-1.341600 1.863400 43.512998 17 1
-1.172900 1.691500 44.025799 12 1
-0.926200 1.505300 44.115101 21 1
-1.086140 1.638580 43.578259 0 0
-1.097100 1.633500 43.543098 18 1
-0.996169 1.483794 43.944513 20 1
-1.067500 1.625000 44.033298 0 0
-1.311800 1.729500 43.841099 19 1
-1.224025 1.690367 43.829808 19 1
-1.065300 1.631700 43.943860 0 0
-1.374260 1.741630 43.827171 19 1
-1.107790 1.605280 43.928970 13 1
-1.327600 1.978800 43.108101 15 1
-1.020900 1.350400 43.461399 18 1
-1.159200 1.679700 43.775299 19 1
-1.023217 1.462306 43.635016 18 1
-1.119500 1.639800 43.727775 19 1
-1.115200 1.591300 43.742802 13 1
-0.879100 1.281000 43.928902 20 1
-1.031441 1.347059 43.572300 18 1
-1.063167 1.634144 44.058300 0 0
-1.110864 1.599536 43.844982 13 1
-1.127425 1.700525 43.439025 17 1
-1.245000 1.651050 44.075701 12 1
-1.100600 1.575400 43.575001 18 1
-1.104300 1.607600 43.293701 16 1
-1.161200 1.457250 42.984150 11 1
-1.088350 1.387600 43.155750 16 1
-1.096300 1.421600 43.111698 16 1
-1.134737 1.540737 42.993637 11 1
-1.075800 1.541400 43.342800 16 1
-1.068629 1.633357 43.863064 0 0
-1.059476 1.398676 43.274981 16 1
-1.334767 1.949617 43.143733 15 1
-1.154800 1.716700 43.471600 17 1
-1.056200 1.621600 44.094501 13 1
-1.137800 1.560800 42.991100 11 1
-1.355600 1.767600 43.823002 19 1
-1.086200 1.597400 43.558901 18 1
-0.960047 1.528467 44.103120 21 1
-1.113233 1.684267 43.182467 15 1
-1.293800 1.734800 43.836800 19 1
-1.121400 1.677300 42.987598 0 0
-1.306000 1.909000 43.221298 15 1
-1.342200 1.883600 43.495701 17 1
-1.017200 1.511800 43.934502 20 1
-1.195700 1.723100 43.486401 17 1
-1.036175 1.585825 43.857799 20 1
-1.091600 1.650400 43.621799 0 0
-1.117700 1.606350 43.887949 12 1
-1.089300 1.586700 43.558201 18 1
-0.921400 1.516700 44.123901 21 1
-1.086425 1.599775 43.944349 13 1
-0.778500 1.389100 44.219200 21 1
-1.113400 1.641400 43.417198 0 0
-0.968450 1.413650 43.973249 20 1
-1.265900 1.929000 43.233398 15 1
-1.068200 1.582700 43.315800 16 1
-1.125075 1.600075 42.989288 11 1
-1.098600 1.609900 43.966702 13 1
-1.105800 1.677400 43.745998 19 1
-1.048100 1.621500 44.073900 0 0
-0.936462 1.393215 43.971716 20 1
-1.187000 1.742400 43.484901 17 1
-1.023350 1.339300 43.464050 18 1
-1.049800 1.346950 43.421299 18 1
-1.140700 1.551400 42.987999 11 1
-1.118000 1.664600 43.083000 0 0
-1.112785 1.594169 43.299630 16 1
-1.131300 1.710800 43.206299 15 1
-1.095300 1.649900 43.678299 19 1
-1.165800 1.415900 42.966599 11 1
-1.084500 1.638200 43.515301 18 1
-1.027500 1.577400 44.041401 21 1
-1.094500 1.646900 43.589802 0 0
-1.094550 1.625275 43.530700 18 1
-1.204500 1.708400 43.030899 14 1
-0.891000 1.313800 43.938000 20 1
-1.115900 1.658200 43.132401 0 0
-1.377700 1.655100 44.172199 12 1
-1.077900 1.641900 43.782700 0 0
-1.094700 1.653100 43.606499 0 0
-0.896842 1.275283 43.927225 20 1
-1.119500 1.623800 42.969101 11 1
-1.047300 1.350000 43.328400 18 1
-1.431400 1.778000 42.940899 14 1
-1.055100 1.641600 43.784167 13 0
-1.450900 1.778600 43.764099 19 1
-1.053650 1.410400 43.332201 16 1
-1.097800 1.587400 43.821301 13 1
-1.059295 1.633732 43.791142 20 1
-1.096300 1.613600 44.007799 13 1
-1.089100 1.644100 43.264198 16 1
-1.111800 1.592300 43.916199 13 1
-1.141600 1.633900 44.003700 12 1
-1.335000 1.959400 43.124901 15 1
-1.212600 1.842100 43.265900 15 1
-0.966600 1.566100 44.075001 21 1
-1.074117 1.636083 43.902000 0 0
-0.955500 1.547400 44.083302 21 1
-1.089950 1.620150 44.092049 13 1
-1.379800 1.956300 43.025002 15 1
-1.444300 1.756800 43.783501 19 1
-1.089100 1.609800 43.785400 20 1
-1.269300 1.681800 44.109001 12 1
-1.202900 1.654800 44.051498 12 1
-1.114400 1.677500 43.014500 0 0
-1.091500 1.644500 43.601002 0 0
-1.147400 1.638000 43.994301 12 1
-1.134050 1.653450 43.969051 12 1
-1.146567 1.685433 43.781483 19 1
-1.248800 1.722000 43.850700 19 1
-1.169700 1.627000 44.036301 12 1
-1.051400 1.350600 43.309601 18 1
-1.051600 1.331200 43.539549 18 1
-1.066000 1.643500 43.924198 0 0
-1.086000 1.614000 44.014099 13 1
-1.108500 1.584800 43.301300 16 1
-1.141500 1.665000 44.008801 12 1
-1.077400 1.642200 43.797901 0 0
-1.117600 1.659000 43.301300 0 0
-0.866250 1.474450 44.156950 21 1
-1.120500 1.599500 43.857399 13 1
-0.943800 1.530400 44.120800 21 1
-1.111760 1.590660 43.812200 13 1
-1.095600 1.623000 44.062199 13 1
-1.165150 1.621650 44.019152 12 1
-1.305000 1.835700 43.531502 17 1
-1.085575 1.555225 43.327901 16 1
-1.155400 1.749700 43.248798 15 1
-1.267400 1.806200 43.534801 17 1
-1.113661 1.597648 43.869096 13 1
-1.067000 1.579200 43.843800 20 1
-1.086344 1.519217 43.341261 16 1
-1.079900 1.646000 43.815601 0 0
-1.278550 1.897400 43.242750 15 1
-1.013856 1.336641 43.556981 18 1
-1.059150 1.489457 43.348107 16 1
-1.266560 1.819580 43.534720 17 1
-1.098030 1.642135 43.404015 0 0
-0.998200 1.456800 43.967098 20 1
-1.045300 1.349700 43.582199 18 1
-1.125750 1.569300 43.728300 13 1
-1.421150 1.775050 42.954500 14 1
-1.108900 1.601600 43.892820 13 1
-1.436700 1.794800 43.792599 19 1
-1.047760 1.584400 43.853119 20 1
-0.914150 1.283250 43.934467 20 1
-1.162300 1.723800 43.797600 19 1
-1.035250 1.528000 43.916351 20 1
-0.886250 1.450300 44.154598 21 1
-1.123800 1.425600 43.084400 16 1
-1.053300 1.513300 43.626598 18 1
-1.005119 1.366268 43.623819 18 1
-0.922800 1.486300 44.121700 21 1
-1.098100 1.677400 42.904800 0 0
-1.271900 1.871300 43.245701 15 1
-1.098380 1.579440 43.314120 16 1
-1.044900 1.335000 43.583500 18 1
-1.115400 1.653500 43.382198 0 0
-1.177900 1.698200 43.807598 19 1
-1.280633 1.720833 43.843465 19 1
-0.807550 1.422850 44.200250 21 1
-1.050237 1.339277 43.476030 18 1
-1.029633 1.504200 43.634600 18 1
-1.119450 1.587690 43.796900 13 1
-1.135700 1.564000 43.730598 13 1
-1.102300 1.622600 44.028900 13 1
-1.016900 1.565400 43.877201 20 1
-1.338067 1.950800 43.154884 15 1
-1.131000 1.672550 43.396050 17 1
-1.021600 1.337500 43.499199 18 1
-1.074400 1.406800 43.171250 16 1
-0.981700 1.572200 44.055000 21 1
-1.207400 1.657000 44.067501 12 1
-1.092500 1.625100 43.452999 0 0
-1.148000 1.407600 42.950699 11 1
-1.069000 1.649800 43.602699 0 0
-1.051300 1.569000 43.889702 20 1
-1.154633 1.651267 44.007167 12 1
-1.118450 1.660440 43.278209 0 0
-1.438900 1.784200 43.783001 19 1
-1.065042 1.407739 43.317052 16 1
-1.038000 1.612900 43.840900 20 1
-1.073746 1.633908 43.880877 0 0
-1.084800 1.402500 43.301950 16 1
-1.058200 1.380000 43.266499 16 1
-1.213800 1.809100 43.522499 17 1
-0.852300 1.448900 44.175900 21 1
-1.024900 1.355500 43.430801 18 1
-1.332800 1.950650 43.178601 15 1
-1.394100 1.780300 42.966499 14 1
-1.037869 1.405231 43.640888 18 1
-1.003500 1.347383 43.596100 18 1
-1.221200 1.792650 43.270925 15 1
-1.110975 1.669700 42.987350 0 0
-1.177125 1.717625 43.477875 17 1
-1.068200 1.613000 43.802799 20 1
-1.053150 1.623450 43.806401 20 1
-1.022500 1.349400 43.421700 18 1
-1.425200 1.751400 43.798100 19 1
-1.115500 1.613300 43.280602 16 1
-1.087300 1.590800 43.318100 16 1
-1.406600 1.772300 42.959400 14 1
-1.133573 1.627818 43.983746 12 1
-1.076786 1.387329 43.260114 16 1
-1.025500 1.591500 44.031898 21 1
-1.093400 1.633100 44.095901 13 1
-1.113100 1.581350 43.818399 13 1
-0.818300 1.415800 44.186501 21 1
-0.986200 1.414000 43.973999 20 1
-0.862200 1.438300 44.176701 21 1
-1.222300 1.651100 44.060299 12 1
-0.967900 1.442900 43.963902 20 1
-1.070000 1.635200 43.964901 0 0
-1.120500 1.671850 42.971601 0 0
-1.094250 1.651050 43.568951 0 0
-0.949700 1.429000 43.966099 20 1
-1.310600 1.854800 43.536201 17 1
-1.194700 1.710000 43.041901 14 1
-0.938400 1.498900 44.117699 21 1
-1.079100 1.386450 43.244951 16 1
-1.121100 1.686800 43.430801 17 1
-1.382200 1.922700 43.445801 17 1
-0.810244 1.398311 44.203878 21 1
-1.077285 1.408144 43.329197 16 1
-1.299767 1.658333 44.111200 12 1
-0.933307 1.336533 43.957974 20 1
-1.102500 1.584400 43.848598 13 1
-0.784900 1.367700 44.230202 21 1
-0.802500 1.402900 44.200001 21 1
-1.101100 1.663000 43.319901 0 0
-1.217700 1.727000 43.047501 14 1
-1.098600 1.602900 43.974099 13 1
-1.076995 1.501305 43.344416 16 1
-1.134400 1.677000 42.981400 14 1
-1.113100 1.688900 42.940201 14 1
-1.098600 1.586800 43.891201 13 1
-1.113867 1.666133 42.893817 0 0
-1.013700 1.349700 43.578499 18 1
-1.296500 1.915700 43.219700 15 1
-1.110160 1.669080 43.004301 0 0
-1.025400 1.496900 43.927200 20 1
-1.033400 1.554600 44.039600 21 1
-1.065100 1.614900 43.787102 20 1
-1.400650 1.912750 43.445650 17 1
-1.120800 1.669650 43.202451 0 0
-1.107600 1.414760 43.110240 16 1
-1.284100 1.675300 44.091099 12 1
-1.329300 1.769700 43.836300 19 1
-0.919300 1.486900 44.131401 21 1
-1.010832 1.414495 43.636850 18 1
-1.154950 1.632975 44.010150 12 1
-1.171700 1.659500 44.019699 12 1
-1.371050 1.880225 43.490450 17 1
-1.092100 1.630650 43.477699 0 0
-1.094450 1.634450 43.513250 18 1
-1.290050 1.726437 43.040725 14 1
-1.123600 1.660800 43.968399 12 1
-1.250695 1.636960 44.085175 12 1
-1.004200 1.532200 43.920399 20 1
-1.335000 1.894200 43.504398 17 1
-1.261100 1.691000 43.848400 19 1
-1.077667 1.593700 43.316199 16 1
-1.382200 1.756250 42.991850 14 1
-1.082900 1.606285 44.075800 13 1
-1.111500 1.636900 43.248299 16 1
-1.293150 1.900675 43.233776 15 1
-1.184300 1.633800 44.029900 12 1
-1.133050 1.663625 43.746125 19 1
-1.374400 1.753700 43.819199 19 1
-1.061500 1.390900 43.239899 16 1
-1.079200 1.395300 43.156898 16 1
-1.116000 1.647300 43.950901 12 1
-1.331500 1.880300 43.513302 17 1
-1.074800 1.397320 43.209200 16 1
-0.974700 1.564300 44.084301 21 1
-1.067214 1.628457 43.980314 0 0
-1.146100 1.664400 43.426701 17 1
-0.858380 1.450500 44.166360 21 1
-1.064200 1.557500 43.593498 18 1
-1.030100 1.526000 43.618301 18 1
-0.945100 1.342000 43.967400 20 1
-0.938900 1.514700 44.105499 21 1
-1.287900 1.843500 43.542500 17 1
-1.100800 1.680500 43.313202 0 0
-1.129100 1.645000 43.979000 12 1
-1.062041 1.489147 43.623906 18 1
-1.077308 1.632867 43.749033 0 0
-1.087967 1.486667 43.334334 16 1
-1.230333 1.711367 43.833917 19 1
-1.401500 1.922800 43.450500 17 1
-1.433925 1.918675 43.418825 17 1
-1.167900 1.433900 42.977901 11 1
-1.112900 1.657200 43.118599 0 0
-1.239600 1.769900 43.523102 17 1
-1.103200 1.633000 44.076199 13 1
-1.189600 1.672700 44.043499 12 1
-1.058400 1.341700 43.426201 18 1
-1.271850 1.649200 44.105600 12 1
-1.266700 1.650500 44.089300 12 1
-1.116500 1.679200 43.161800 15 1
-1.018100 1.593300 43.879101 20 1
-1.350900 1.953400 43.106800 15 1
-1.119000 1.642300 43.977699 12 1
-1.042800 1.614700 44.011501 21 1
-1.052860 1.519360 43.614699 18 1
-1.053900 1.344100 43.401550 18 1
-0.832700 1.416600 44.181702 21 1
-1.381200 1.768500 43.819401 19 1
-1.231500 1.646100 44.067101 12 1
-1.110200 1.421800 43.099800 16 1
-1.104200 1.616500 44.066700 13 1
-0.971200 1.559400 44.069599 21 1
-0.843300 1.435100 44.171799 21 1
-1.112500 1.630400 43.978500 12 1
-1.114100 1.671800 43.408600 17 1
-1.100100 1.403700 43.119701 16 1
-1.223100 1.703300 43.828098 19 1
-1.110143 1.621229 43.950014 12 1
-1.102800 1.674300 43.294498 0 0
-1.161100 1.676200 44.015900 12 1
-1.066200 1.396100 43.183300 16 1
-1.088900 1.517200 43.329899 16 1
-1.135600 1.579400 42.985699 11 1
-1.259500 1.738600 43.053398 14 1
-1.425300 1.922500 43.402401 17 1
-1.181800 1.689800 43.798302 19 1
-1.056700 1.617600 44.071999 13 1
-1.105300 1.654000 43.292999 0 0
-1.104250 1.611475 44.019080 13 1
-1.038200 1.360100 43.372601 18 1
-1.047200 1.612450 43.824900 20 1
-1.249500 1.802400 43.537498 17 1
-1.251071 1.717314 43.840272 19 1
-1.076617 1.634217 43.854178 0 0
-1.041500 1.574700 44.030602 21 1
-1.242300 1.879233 43.263434 15 1
-1.119300 1.673400 43.746799 19 1
-1.119050 1.662850 43.341350 0 0
-0.995991 1.567673 44.067827 21 1
-1.116686 1.678629 43.398142 17 1
-1.101700 1.662000 43.425400 0 0
-0.744800 1.372700 44.229500 21 1
-1.221450 1.765470 43.517270 17 1
-1.265983 1.726217 43.843950 19 1
-1.100420 1.414640 43.118559 16 1
-1.047600 1.400400 43.648102 18 1
-1.011400 1.545850 43.908951 20 1
-1.158500 1.699000 43.764198 19 1
-1.059500 1.543300 43.599201 18 1
-1.058200 1.397600 43.284599 16 1
-1.331500 1.847000 43.524399 17 1
-1.107983 1.660667 43.196950 0 0
-0.985900 1.403400 43.977001 20 1
-1.212254 1.717269 43.827393 19 1
-1.136840 1.688120 42.969019 14 1
-1.239114 1.795436 43.526971 17 1
-1.034900 1.332700 43.402599 18 1
-1.101800 1.648400 43.953999 12 1
-1.049500 1.548700 43.608898 18 1
-1.155400 1.706100 43.453800 17 1
-1.163700 1.423400 42.982498 11 1
-1.344100 1.782500 43.832298 19 1
-1.209900 1.772700 43.522999 17 1
-1.104100 1.652900 43.380600 0 0
-1.068100 1.432700 43.352402 16 1
-1.094650 1.641600 43.931549 12 1
-1.290600 1.939500 43.220798 15 1
-1.066400 1.625900 43.870300 0 0
-1.104500 1.663533 43.278600 0 0
-1.071300 1.513600 43.609901 18 1
-1.020100 1.351100 43.558498 18 1
-1.159700 1.413800 42.957199 11 1
-1.327200 1.831900 43.533100 17 1
-1.098400 1.658300 43.350151 0 0
-1.107200 1.430600 43.083302 16 1
-1.117900 1.609100 43.897099 12 1
-0.754200 1.375700 44.233398 21 1
-0.755900 1.387900 44.238499 21 1
-1.110300 1.672550 43.738851 19 1
-1.084300 1.629500 43.290699 16 1
-1.326150 1.954067 43.145817 15 1
-1.225900 1.628100 44.073002 12 1
-0.804325 1.387075 44.207925 21 1
-1.094600 1.631700 43.597599 0 0
-1.096400 1.613600 43.285099 16 1
-1.065024 1.404112 43.302494 16 1
-1.186600 1.681500 44.039799 12 1
-1.103000 1.642233 43.470299 0 0
-1.059600 1.397300 43.218399 16 1
-1.215071 1.810336 43.268664 15 1
-1.176800 1.762200 43.265099 15 1
-1.086767 1.393433 43.170200 16 1
-1.410400 1.744850 43.797600 19 1
-1.331500 1.630800 44.144501 12 1
-1.159900 1.403500 42.920601 11 1
-1.095377 1.537269 43.335631 16 1
-1.081300 1.634650 43.890850 12 1
-1.048000 1.391200 43.270199 16 1
-1.120000 1.615500 42.977299 11 1
-1.171600 1.650500 44.023899 12 1
-1.100900 1.649800 43.491199 0 0
-1.294000 1.804900 43.542801 17 1
-0.970800 1.482600 43.941601 20 1
-1.099700 1.620100 43.984100 13 1
-1.196400 1.635900 44.058300 12 1
-1.023138 1.512687 43.922013 20 1
-1.090300 1.397400 43.179501 16 1
-1.179700 1.616400 44.032299 12 1
-1.313000 1.938000 43.197399 15 1
-1.163913 1.745300 43.493374 17 1
-1.108900 1.684000 42.917301 0 0
-1.173500 1.713800 43.809898 19 1
-1.069200 1.629250 44.083900 13 1
-1.338300 1.958600 43.134201 15 1
-1.116800 1.669900 43.221802 0 0
-1.013500 1.474500 43.950199 20 1
-1.026550 1.486350 43.642700 18 1
-1.005160 1.396255 43.632303 18 1
-1.110000 1.666300 43.334801 0 0
-1.016514 1.570643 44.054964 21 1
-1.013500 1.586933 44.047633 21 1
-1.386200 1.659400 44.162102 12 1
-1.104200 1.665300 43.400200 0 0
-1.086300 1.381400 43.203800 16 1
-1.084500 1.641300 43.711399 0 0
-1.083867 1.654283 43.922850 12 1
-1.074400 1.634800 43.596901 0 0
-1.075900 1.647300 43.662635 0 0
-1.098200 1.558000 43.319000 16 1
-0.891500 1.293100 43.934898 20 1
-1.122600 1.655000 43.951401 12 1
-1.191433 1.700200 43.034068 14 1
-1.030800 1.390000 43.641602 18 1
-1.221800 1.638400 44.079601 12 1
-0.851900 1.424500 44.180099 21 1
-1.188700 1.648750 44.033499 12 1
-1.182025 1.726188 43.482800 17 1
-1.054500 1.475100 43.358898 16 1
-1.211400 1.820600 43.263699 15 1
-0.900530 1.295040 43.937110 20 1
-1.049300 1.615300 43.834999 20 1
-1.116250 1.668925 42.956951 0 0
-1.077608 1.635777 43.833062 0 0
-1.307936 1.744464 43.035171 14 1
-0.942318 1.527941 44.102594 21 1
-1.147200 1.662700 43.756001 19 1
-0.880150 1.467050 44.151100 21 1
-1.333800 1.748100 43.841099 19 1
-1.385900 1.639750 44.175300 12 1
-1.120600 1.642000 43.965302 12 1
-1.073650 1.621400 43.725599 0 0
-1.266400 1.665300 44.098099 12 1
-1.300900 1.895700 43.243801 15 1
-1.072200 1.528400 43.613550 18 1
-1.321600 1.953900 43.154800 15 1
-1.061000 1.386200 43.209000 16 1
-1.157100 1.430300 42.959801 11 1
-1.062300 1.630633 44.048533 0 0
-1.122200 1.689800 42.964802 14 1
-1.100100 1.634700 43.701401 19 1
-1.016600 1.531700 43.621799 18 1
-1.274750 1.883050 43.250351 15 1
-0.999533 1.578989 44.057667 21 1
-1.050150 1.585600 43.584450 18 1
-1.342200 1.965900 43.115898 15 1
-1.015300 1.548100 43.892899 20 1
-1.186000 1.646300 44.042198 12 1
-1.106000 1.651600 43.182899 0 0
-1.091100 1.640700 43.653500 19 1
-1.211400 1.702200 43.834599 19 1
-1.090300 1.610500 43.539600 18 1
-1.314500 1.735840 43.033080 14 1
-1.215200 1.795800 43.247601 15 1
-0.740733 1.350933 44.250600 21 1
-1.055600 1.635100 44.086399 0 0
-1.257112 1.636131 44.093941 12 1
-1.275100 1.837138 43.535563 17 1
-0.904940 1.268280 43.925059 20 1
-1.116169 1.659869 43.172956 0 0
-1.083200 1.535120 43.336241 16 1
-1.228100 1.699000 43.847500 19 1
-1.296800 1.941900 43.202702 15 1
-1.379100 1.771800 42.977299 14 1
-1.144300 1.652500 43.996899 12 1
-1.112500 1.679400 43.023499 0 0
-1.012500 1.482100 43.632401 18 1
-1.369300 1.770000 42.992001 14 1
-1.253500 1.698700 43.844101 19 1
-1.063500 1.475700 43.624100 18 1
-1.065100 1.599200 43.558201 18 1
-1.080200 1.402514 43.181514 16 1
-1.020600 1.541200 43.897400 20 1
-1.346000 1.749300 43.826401 19 1
-1.106500 1.659900 43.232201 0 0
-1.066600 1.585650 43.850599 20 1
-0.950000 1.514300 44.107101 21 1
-1.029500 1.332800 43.461175 18 1
-1.059400 1.649700 43.782200 0 0
-1.055000 1.343533 43.436533 18 1
-1.059245 1.432297 43.347645 16 1
-1.239350 1.681250 43.839350 19 1
-1.140563 1.672732 43.760610 19 1
-1.114400 1.666600 43.099998 0 0
-1.119133 1.663633 43.260267 0 0
-1.325300 1.615400 44.143101 12 1
-1.025800 1.602900 43.864399 20 1
-1.071900 1.585300 43.564701 18 1
-1.075100 1.391000 43.170101 16 1
-1.110100 1.657500 43.702499 19 1
-1.065000 1.369800 43.263500 18 1
-1.124400 1.576000 43.734701 13 1
-1.096200 1.655200 43.580101 0 0
-0.755100 1.384200 44.229500 21 1
-1.230200 1.711250 43.844200 19 1
-1.100000 1.650700 43.533298 0 0
-1.142543 1.698143 43.431784 17 1
-1.167000 1.639600 44.021301 12 1
-1.329082 1.939209 43.181990 15 1
-1.087000 1.665200 43.709400 19 1
-1.051100 1.375600 43.276199 18 1
-1.351800 1.769600 43.002602 14 1
-1.125900 1.437350 43.059349 16 1
-1.128600 1.577400 43.787498 13 1
-0.911879 1.492495 44.132274 21 1
-1.056800 1.360400 43.284199 18 1
-1.077180 1.522347 43.341267 16 1
-1.111300 1.592600 43.776600 13 1
-1.107825 1.650088 43.337913 0 0
-1.422250 1.773450 43.783000 19 1
-1.035900 1.358900 43.388000 18 1
-1.068200 1.646100 43.641499 0 0
-1.113560 1.662940 42.930340 0 0
-0.941100 1.319400 43.953800 20 1
-1.083300 1.372500 43.180801 16 1
-1.206173 1.774482 43.264792 15 1
-1.123300 1.681300 42.937302 14 1
-1.042200 1.561500 43.597000 18 1
-1.371000 1.665200 44.158298 12 1
-1.050800 1.565800 43.585300 18 1
-1.396900 1.674900 44.173401 12 1
-1.123900 1.629200 42.975399 11 1
-1.323287 1.747775 43.026800 14 1
-1.085100 1.594460 44.000860 13 1
-1.085750 1.462293 43.346408 16 1
-1.086900 1.397500 43.143299 16 1
-1.119400 1.667400 43.137600 0 0
-1.050162 1.504412 43.620788 18 1
-1.119450 1.588450 43.842276 13 1
-1.119300 1.639000 43.262001 16 1
-1.071200 1.632300 44.011398 0 0
-1.027200 1.341700 43.623100 18 1
-1.102550 1.644800 43.702252 19 1
-1.091700 1.620900 43.630402 0 0
-1.100300 1.672400 43.245300 0 0
-1.082412 1.633718 43.698170 0 0
-1.133000 1.591600 42.984200 11 1
-1.349800 1.758800 42.993698 14 1
-1.333600 1.973900 43.103001 15 1
-0.927283 1.347300 43.960400 20 1
-1.088900 1.650500 43.452400 0 0
-1.119100 1.673400 43.735401 19 1
-1.258800 1.848400 43.254501 15 1
-1.410900 1.667600 44.191799 12 1
-1.302220 1.732650 43.037140 14 1
-1.233300 1.774100 43.532101 17 1
-1.112900 1.632600 43.275400 16 1
-1.092900 1.401000 43.165199 16 1
-1.141600 1.679500 43.420700 17 1
-1.052250 1.336537 43.506100 18 1
-1.069000 1.386900 43.251400 16 1
-1.064350 1.627700 43.970348 21 1
-1.428700 1.763200 43.785500 19 1
-0.839500 1.464900 44.174999 21 1
-1.099800 1.525600 43.337601 16 1
-1.062421 1.617679 43.997779 7 0
-0.939580 1.405340 43.971359 20 1
-1.085400 1.633100 43.689301 0 0
-1.035700 1.598300 43.842499 20 1
-1.137600 1.534500 42.983200 11 1
-1.317400 1.866100 43.528702 17 1
-1.426600 1.722700 43.800900 19 1
-1.053400 1.401500 43.252201 16 1
-1.119700 1.675600 43.177799 15 1
-1.116500 1.680700 43.442299 17 1
-1.035335 1.607060 44.016455 21 1
-0.999492 1.355367 43.616125 18 1
-0.849667 1.461967 44.168401 21 1
-1.245700 1.789233 43.528817 17 1
-1.095300 1.622600 43.278599 16 1
-1.109700 1.667100 43.088001 0 0
-1.013400 1.344500 43.471298 18 1
-1.032007 1.495373 43.629121 18 1
-1.290900 1.747900 43.039101 14 1
-1.179900 1.757900 43.247799 15 1
-1.160100 1.407700 42.931166 11 1
-1.109500 1.666700 43.370499 0 0
-0.989800 1.534650 43.923149 20 1
-1.073940 1.639500 43.914001 0 0
-1.251200 1.859300 43.257000 15 1
-1.082000 1.642800 43.754934 0 0
-1.194200 1.714050 43.821751 19 1
-1.295644 1.849411 43.532423 17 1
-1.068100 1.648500 43.021198 0 0
-1.008800 1.579200 44.045399 21 1
-1.077800 1.604600 44.031898 13 1
-1.104800 1.616400 43.846500 12 1
-1.116050 1.622050 43.929049 12 1
-1.104050 1.644338 43.427888 0 0
-1.117200 1.591620 43.757960 13 1
-1.018000 1.332100 43.466099 18 1
-1.279700 1.646500 44.109600 12 1
-1.146150 1.516600 42.984550 11 1
-1.097800 1.651400 43.363800 0 0
-1.407500 1.660100 44.170399 12 1
-1.121900 1.662000 43.031200 0 0
-1.095900 1.630700 43.709599 0 0
-1.029200 1.360000 43.355400 18 1
-1.090900 1.653400 43.348099 0 0
-1.093600 1.620300 44.026699 13 1
-0.984800 1.584400 44.063801 21 1
-1.046400 1.340550 43.382450 18 1
-1.310400 1.674900 44.126900 12 1
-1.412717 1.900917 43.448617 17 1
-0.998700 1.505000 43.925301 20 1
-1.046550 1.399000 43.286701 16 1
-1.243300 1.736400 43.045399 14 1
-1.174100 1.653400 44.012901 12 1
-0.984700 1.447100 43.969601 20 1
-1.104200 1.440200 43.072701 16 1
-1.174000 1.670100 44.030602 12 1
-0.849500 1.448400 44.165401 21 1
-1.133900 1.688000 42.983398 14 1
-1.086200 1.644000 43.469700 0 0
-1.194957 1.780686 43.517143 17 1
-1.397667 1.927133 43.439500 17 1
-1.150300 1.474375 42.983775 11 1
-1.076050 1.578600 43.321751 16 1
-1.099300 1.604400 43.304001 16 1
-0.795800 1.412600 44.203999 21 1
-1.166800 1.699100 43.468601 17 1
-1.128900 1.570500 42.985199 11 1
-1.086293 1.609120 44.067057 13 1
-0.902000 1.507700 44.123100 21 1
-1.056709 1.569436 43.877627 20 1
-1.098000 1.642233 43.527266 0 0
-0.769700 1.407200 44.215302 21 1
-1.071200 1.561200 43.584801 18 1
-1.260500 1.720700 43.039501 14 1
-1.110219 1.595042 43.829958 13 1
-1.209075 1.797500 43.524525 17 1
-1.166100 1.687800 43.780998 19 1
-1.217000 1.709900 43.035900 14 1
-1.047700 1.336300 43.353600 18 1
-1.023225 1.396400 43.632461 18 1
-1.249500 1.664300 44.084999 12 1
-1.116700 1.659529 43.215229 0 0
-1.063800 1.576900 43.587601 18 1
-1.028800 1.431500 43.633400 18 1
-1.427100 1.749900 43.787399 19 1
-1.165100 1.720940 43.465820 17 1
-1.195700 1.759100 43.497799 17 1
-1.109900 1.659000 43.431801 0 0
-1.107200 1.685800 42.894001 0 0
-1.133850 1.637000 43.984051 12 1
-1.057800 1.646900 43.793201 0 0
-0.881600 1.260100 43.915298 20 1
-1.112983 1.681717 43.421734 17 1
-1.390600 1.769000 43.810501 19 1
-1.024700 1.351200 43.542000 18 1
-1.022000 1.359400 43.402100 18 1
-1.118200 1.699300 43.188400 15 1
-1.056150 1.402050 43.302125 16 1
-1.078050 1.611350 43.800051 20 1
-1.130400 1.686200 43.768398 19 1
-1.011700 1.335900 43.508598 18 1
-1.113200 1.648600 43.733601 19 1
-0.924400 1.374000 43.964199 20 1
-1.181900 1.773950 43.261049 15 1
-1.054400 1.618000 44.080898 13 1
-1.236300 1.811450 43.541150 17 1
-1.278700 1.660300 44.089500 12 1
-1.030300 1.348900 43.533798 18 1
-1.062345 1.413320 43.335400 16 1
-1.024100 1.607900 44.031399 21 1
-1.005100 1.559600 43.894402 20 1
-0.769800 1.393400 44.221401 21 1
-1.376200 1.656000 44.154999 12 1
-0.809600 1.408000 44.194698 21 1
-1.050100 1.609700 44.000900 21 1
-1.209650 1.789817 43.267817 15 1
-1.051157 1.347186 43.359300 18 1
-1.239625 1.635175 44.083999 12 1
-1.195900 1.813400 43.262199 15 1
-1.028600 1.591600 43.852001 20 1
-1.107640 1.627140 43.941120 12 1
-1.097950 1.653295 43.692360 19 1
-0.915031 1.330384 43.953288 20 1
-1.088725 1.609295 44.049050 13 1
-1.211325 1.634350 44.065050 12 1
-0.912253 1.321488 43.949271 20 1
-1.259567 1.873300 43.259267 15 1
-1.028876 1.540847 43.902459 20 1
-1.031400 1.346987 43.548537 18 1
-1.129000 1.675300 43.764749 19 1
-1.070600 1.394140 43.246000 16 1
-1.149500 1.454500 43.040401 16 1
-1.030000 1.339167 43.503067 18 1
-1.108800 1.587850 43.868550 13 1
-1.071543 1.363114 43.281572 18 1
-1.064900 1.632200 43.802799 20 1
-1.110500 1.653550 43.326101 0 0
-0.957100 1.399467 43.972233 20 1
-1.231100 1.724600 43.054199 14 1
-1.103687 1.607225 43.992225 13 1
-1.068900 1.635900 43.710400 0 0
-0.888050 1.462425 44.152125 21 1
-1.371700 1.946600 43.045502 15 1
-1.089600 1.464600 43.337799 16 1
-1.100800 1.584943 43.877386 13 1
-1.081133 1.627067 43.625500 0 0
-1.123000 1.613800 43.961700 12 1
-1.081100 1.619400 43.531898 18 1
-0.887500 1.480400 44.146999 21 1
-1.083200 1.638400 43.916698 12 1
-1.052300 1.397000 43.312901 16 1
-1.111133 1.600000 43.943433 13 1
-1.116275 1.663408 43.056283 0 0
-1.000900 1.532900 43.907799 20 1
-1.320633 1.732300 43.839532 19 1
-1.123600 1.694800 42.948601 14 1
-1.043500 1.433900 43.631001 18 1
-1.169400 1.694800 43.025035 14 1
-1.051300 1.365400 43.289600 18 1
-1.341400 1.754200 43.010799 14 1
-1.090600 1.638100 43.900902 12 1
-1.155415 1.720600 43.226754 15 1
-1.059700 1.343000 43.340900 18 1
-1.029800 1.352600 43.562199 18 1
-1.124400 1.678175 43.168249 15 1
-1.382300 1.625700 44.175999 12 1
-1.302275 1.908325 43.230349 15 1
-0.975521 1.468407 43.953343 20 1
-1.371850 1.961200 43.043250 15 1
-1.100860 1.613980 44.037481 13 1
-1.445200 1.935800 43.377300 17 1
-1.079400 1.364600 43.275398 18 1
-1.036100 1.626200 44.010300 21 1
-1.055800 1.350633 43.323101 18 1
-1.281190 1.729250 43.044630 14 1
-0.977200 1.486500 43.948200 20 1
-1.098800 1.653900 43.400200 0 0
-1.095011 1.639900 43.464084 0 0
-1.157150 1.692050 43.444102 17 1
-0.936000 1.349700 43.971100 20 1
-0.977800 1.560000 44.100201 21 1
-1.113100 1.665500 43.722601 19 1
-1.047550 1.543550 43.599550 18 1
-1.081700 1.650900 43.598999 0 0
-1.040922 1.344667 43.473018 18 1
-1.161500 1.645200 44.014099 12 1
-1.068100 1.623800 43.808300 20 1
-1.070200 1.635050 43.974149 0 0
-1.125100 1.656800 43.229000 0 0
-1.319936 1.933173 43.187819 15 1
-1.117150 1.582050 43.722400 13 1
-1.142200 1.542500 42.988899 11 1
-1.008000 1.380200 43.619202 18 1
-1.014283 1.497917 43.931817 20 1
-1.053614 1.398029 43.235799 16 1
-1.104233 1.594633 43.302566 16 1
-1.193200 1.830400 43.273300 15 1
-1.076200 1.411750 43.143952 16 1
-1.107100 1.639000 43.523399 0 0
-1.103500 1.638600 43.274101 16 1
-1.113500 1.663500 43.024300 0 0
-1.039500 1.349500 43.368698 18 1
-1.124000 1.450800 43.068001 16 1
-1.208900 1.657600 44.045399 12 1
-1.162600 1.757800 43.488998 17 1
-0.995000 1.382800 43.628899 18 1
-1.425000 1.931400 43.401100 17 1
-1.098700 1.383700 43.177898 16 1
-1.227177 1.801015 43.527816 17 1
-1.120800 1.645200 43.271599 16 1
-1.050400 1.343250 43.446060 18 1
-1.105400 1.584400 43.831100 13 1
-1.093133 1.638456 43.583911 0 0
-1.319800 1.846667 43.527167 17 1
-1.139700 1.658300 43.761501 19 1
-0.927048 1.330624 43.955373 20 1
-1.137900 1.696800 42.978802 14 1
-1.122200 1.420900 43.103199 16 1
-1.115300 1.660700 43.746799 19 1
-1.087900 1.410100 43.129700 16 1
-0.896757 1.498014 44.135201 21 1
-1.121143 1.660529 43.380243 17 1
-1.111900 1.653500 42.951599 11 1
-1.023147 1.471421 43.634868 18 1
-1.004000 1.343900 43.579149 18 1
-1.400200 1.782500 43.810902 19 1
-1.085000 1.621000 44.074699 13 1
-1.016700 1.564500 43.892101 20 1
-1.193983 1.765517 43.260708 15 1
-0.891800 1.460600 44.141800 21 1
-1.421200 1.760500 43.800400 19 1
-0.950775 1.366680 43.967615 20 1
-1.254000 1.884650 43.263351 15 1
-0.969600 1.489900 43.952702 20 1
-1.032000 1.335900 43.391701 18 1
-1.017000 1.606200 43.877102 20 1
-1.105600 1.667600 42.887001 0 0
-1.272200 1.705500 43.844999 19 1
-1.038528 1.341900 43.431048 18 1
-1.021400 1.337700 43.489799 18 1
-1.122000 1.669550 43.118725 0 0
-1.054800 1.445000 43.355900 16 1
-0.870600 1.461600 44.164600 21 1
-0.842600 1.425750 44.176051 21 1
-1.071967 1.397500 43.289901 16 1
-1.115100 1.635600 43.721199 19 1
-1.096200 1.655600 43.417900 0 0
-1.039047 1.343507 43.587087 18 1
-1.122250 1.573500 43.757999 13 1
-1.355500 1.958600 43.084900 15 1
-1.389600 1.749300 43.808399 19 1
-1.129000 1.686600 42.909000 14 1
-1.111400 1.660600 43.246899 0 0
-1.113950 1.616200 43.967150 12 1
-1.119164 1.661064 43.107018 0 0
-1.082900 1.608400 43.999500 13 1
-0.987000 1.513250 43.929400 20 1
-1.109000 1.600300 43.911999 13 1
-1.329500 1.968800 43.109100 15 1
-1.155667 1.718300 43.791934 19 1
-1.392500 1.911500 43.455799 17 1
-1.025100 1.382800 43.638599 18 1
-1.032250 1.411544 43.635261 18 1
-1.127800 1.675500 42.924500 14 1
-1.121300 1.664600 43.146149 0 0
-1.392120 1.893920 43.467239 17 1
-1.266800 1.660200 44.088001 12 1
-1.062900 1.635220 44.018999 0 0
-1.119060 1.672260 42.908980 0 0
-1.090000 1.618600 43.994301 13 1
-1.029200 1.364700 43.347801 18 1
-1.035950 1.341950 43.412651 18 1
-1.085733 1.374733 43.224567 16 1
-1.070500 1.624300 43.796700 20 1
-1.359100 1.946100 43.072201 15 1
-1.156700 1.485400 42.986500 11 1
-1.023867 1.492167 43.634450 18 1
-1.161171 1.726107 43.233500 15 1
-1.196900 1.754600 43.263901 15 1
-1.073350 1.379000 43.265900 16 1
-1.100700 1.572967 43.871300 13 1
-1.158484 1.641721 44.003932 12 1
-1.089029 1.564229 43.322457 16 1
-1.263000 1.828380 43.535460 17 1
-1.014500 1.349000 43.490299 18 1
-1.129300 1.610500 42.979698 11 1
-1.021300 1.350300 43.505501 18 1
-1.058200 1.391800 43.299301 16 1
-1.119000 1.581200 43.785350 13 1
-1.119867 1.663400 43.232832 0 0
-1.031900 1.386900 43.633099 18 1
-1.072400 1.449550 43.348800 16 1
-1.339700 1.936300 43.130001 15 1
-1.311075 1.915617 43.218167 15 1
-0.968300 1.404750 43.972649 20 1
-1.179182 1.660700 44.034100 12 1
-1.055600 1.421700 43.636902 18 1
-1.341200 1.939300 43.143200 15 1
-1.014150 1.330250 43.563401 18 1
-1.244800 1.735200 43.844200 19 1
-0.828800 1.434600 44.184725 21 1
-1.131100 1.575800 43.761299 13 1
-1.088400 1.604500 43.794300 20 1
-1.082800 1.405500 43.137699 16 1
-1.022400 1.359200 43.410999 18 1
-1.050500 1.393350 43.249899 16 1
-1.130100 1.643000 43.738300 19 1
-1.374800 1.651100 44.164700 12 1
-1.437833 1.768900 43.788833 19 1
-1.409433 1.935800 43.424699 17 1
-1.054900 1.583600 43.840599 20 1
-1.165350 1.677950 43.785101 19 1
-1.443400 1.754400 43.793201 19 1
-1.069300 1.542900 43.330601 16 1
-1.069200 1.494900 43.338100 16 1
-1.075900 1.615567 44.085966 13 1
-1.146128 1.702724 43.439936 17 1
-1.299525 1.819325 43.538400 17 1
-1.112750 1.665800 42.902875 0 0
-0.971450 1.546050 44.103500 21 1
-1.110567 1.636433 43.940700 12 1
-1.290400 1.666980 44.118781 12 1
-0.884125 1.254175 43.909175 20 1
-1.197400 1.673200 44.048199 12 1
-1.105600 1.601200 43.956200 13 1
-0.981200 1.438300 43.963501 20 1
-1.116275 1.660875 43.092026 0 0
-1.076050 1.604167 43.823900 20 1
-1.022300 1.614550 44.024175 21 1
-1.038100 1.512900 43.620300 18 1
-1.289917 1.657500 44.115184 12 1
-1.074350 1.571400 43.578900 18 1
-1.349350 1.958050 43.097700 15 1
-1.105800 1.648700 43.509501 0 0
-1.002700 1.339700 43.560299 18 1
-1.137157 1.714457 43.458105 17 1
-1.062383 1.401875 43.190834 16 1
-1.100000 1.650400 43.662300 19 1
-1.078200 1.633325 43.656088 0 0
-1.066600 1.641000 44.088299 0 0
-1.041100 1.500800 43.632702 18 1
-1.103000 1.542500 43.335602 16 1
-1.108700 1.678700 42.910198 0 0
-1.048700 1.341075 43.497575 18 1
-1.158800 1.413000 42.918400 11 1
-1.101400 1.623200 44.047600 13 1
-0.945186 1.513245 44.114628 21 1
-1.339900 1.947700 43.109200 15 1
-1.131200 1.675400 42.966702 14 1
-0.796400 1.430200 44.206200 21 1
-1.066900 1.465800 43.355801 16 1
-1.224000 1.801500 43.259998 15 1
-1.171225 1.669325 43.801825 19 1
-1.237700 1.863700 43.271198 15 1
-1.071800 1.628200 43.762402 0 0
-1.059400 1.378800 43.256401 16 1
-1.097100 1.653500 43.323601 0 0
-1.214667 1.710400 43.833434 19 1
-1.047100 1.539800 43.614201 18 1
-1.118400 1.689400 43.440601 17 1
-1.350350 1.733000 43.837200 19 1
-1.146450 1.498050 42.983799 11 1
-1.059000 1.378900 43.224400 16 1
-1.220167 1.637300 44.068067 12 1
-0.989800 1.452100 43.955101 20 1
-0.774900 1.369500 44.226749 21 1
-1.048000 1.630200 43.820202 20 1
-1.098300 1.420500 43.090599 16 1
-1.104850 1.591350 43.836500 13 1
-1.268500 1.642500 44.095699 12 1
-1.326150 1.961250 43.131300 15 1
-1.107287 1.594929 43.863158 13 1
-1.014450 1.525000 43.916450 20 1
-1.095350 1.413250 43.103849 16 1
-1.185657 1.703114 43.814072 19 1
-1.095600 1.648900 43.924000 12 1
-1.322900 1.648433 44.129233 12 1
-1.134200 1.573800 43.717300 13 1
-1.053000 1.462500 43.355739 16 1
-1.109900 1.666200 43.390701 0 0
-1.202150 1.758950 43.504051 17 1
-0.854600 1.433100 44.172501 21 1
-0.945260 1.393210 43.971680 20 1
-1.050300 1.398700 43.277600 16 1
-1.033200 1.532900 43.613602 18 1
-0.846800 1.418000 44.174400 21 1
-1.211840 1.678580 43.823719 19 1
-1.100200 1.405400 43.136200 16 1
-1.331500 1.967500 43.143600 15 1
-1.108600 1.678000 42.944901 0 0
-1.060500 1.364300 43.274502 18 1
-1.070642 1.395608 43.272084 16 1
-1.329100 1.948800 43.170399 15 1
-1.248000 1.717600 43.038300 14 1
-1.050400 1.594200 43.843899 20 1
-1.292700 1.637300 44.109402 12 1
-1.100100 1.640800 43.416698 0 0
-1.201100 1.769500 43.515400 17 1
-1.059667 1.400033 43.200056 16 1
-1.051700 1.500900 43.348301 16 1
-1.284200 1.689400 44.113400 12 1
-1.178800 1.643000 44.023251 12 1
-1.427800 1.740800 43.790798 19 1
-1.230200 1.703400 43.822102 19 1
-0.923891 1.498291 44.127055 21 1
-1.059750 1.531100 43.608099 18 1
-1.328300 1.860100 43.521900 17 1
-1.165100 1.705300 43.447102 17 1
-1.058500 1.402150 43.326351 16 1
-1.068100 1.648700 43.771000 0 0
-1.067000 1.624050 44.042000 13 1
-1.256720 1.855220 43.264200 15 1
-1.119200 1.675800 43.050800 0 0
-1.039400 1.625400 43.835098 20 1
-0.930150 1.321188 43.953177 20 1
-1.148200 1.682400 43.761799 19 1
-1.088600 1.630900 43.541801 18 1
-1.241700 1.833700 43.256302 15 1
-1.120500 1.679500 43.425999 17 1
-1.080136 1.510009 43.343064 16 1
-1.202340 1.707940 43.822220 19 1
-1.206213 1.744719 43.502288 17 1
-1.423800 1.944900 43.401402 17 1
-1.100867 1.675033 43.725634 19 1
-1.080600 1.642000 43.567101 0 0
-1.166200 1.709700 43.230099 15 1
-1.111700 1.589700 43.850700 13 1
-1.092000 1.627600 43.935551 12 1
-1.132150 1.684350 42.950750 14 1
-1.349550 1.886000 43.499800 17 1
-1.122700 1.656450 43.978849 12 1
-1.109000 1.645500 43.929001 12 1
-1.276150 1.691000 43.845951 19 1
-1.179067 1.738581 43.485005 17 1
-0.995800 1.369300 43.613866 18 1
-1.108200 1.659800 43.056099 0 0
-1.020439 1.353348 43.620132 18 1
-0.902400 1.468600 44.150700 21 1
-0.963100 1.563800 44.084099 21 1
-1.167500 1.687000 43.803699 19 1
-1.052200 1.594500 44.017700 21 1
-1.116700 1.599160 43.896000 13 1
-1.077100 1.606700 43.559101 18 1
-1.200400 1.624000 44.057899 12 1
-1.073643 1.401114 43.196386 16 1
-1.120567 1.665767 43.307599 0 0
-1.422300 1.792500 43.792900 19 1
-0.734900 1.360500 44.240898 21 1
-1.073000 1.661500 43.654301 19 1
-1.040804 1.375363 43.639974 18 1
-0.932570 1.353780 43.963271 20 1
-1.102900 1.569700 43.568802 18 1
-1.255700 1.843900 43.538601 17 1
-1.234200 1.831100 43.276501 15 1
-1.017188 1.603347 44.034171 21 1
-1.304675 1.653875 44.124100 12 1
-1.311500 1.948600 43.189499 15 1
-1.093400 1.632000 43.409302 0 0
-1.115700 1.677800 43.108700 0 0
-1.094867 1.402933 43.128600 16 1
-1.104833 1.650467 43.392699 0 0
-1.019500 1.619800 43.863201 20 1
-1.146367 1.722300 43.464967 17 1
-1.062022 1.600322 43.830006 20 1
-1.152105 1.714057 43.455172 17 1
-1.160375 1.403275 42.900475 11 1
-1.067400 1.620650 43.891350 0 0
-1.104300 1.655200 43.281399 0 0
-1.410100 1.773100 43.795300 19 1
-1.332100 1.733100 43.028999 14 1
-1.098015 1.602681 43.944189 13 1
-1.296186 1.831729 43.532985 17 1
-1.017363 1.579100 44.048825 21 1
-1.034400 1.570500 43.886902 20 1
-1.085367 1.384433 43.223933 16 1
-1.340200 1.755000 43.829498 19 1
-0.993078 1.477100 43.949133 20 1
-1.038224 1.555032 43.889868 20 1
-1.051200 1.521300 43.623901 18 1
-1.328100 1.677000 44.134499 12 1
-1.087700 1.567800 43.578899 18 1
-0.900388 1.308912 43.944843 20 1
-1.331600 1.944600 43.130701 15 1
-1.062300 1.647100 44.016800 0 0
-1.083100 1.600211 44.045667 13 1
-1.402800 1.662900 44.185299 12 1
-1.115500 1.658400 43.398998 0 0
-1.173106 1.698759 43.032100 14 1
-1.123300 1.604000 42.979000 11 1
-1.243500 1.650400 44.092701 12 1
-1.096700 1.478100 43.339401 16 1
-1.121400 1.708200 43.447899 17 1
-1.139000 1.636400 43.992802 12 1
-0.732300 1.368100 44.253201 21 1
-1.168100 1.647800 44.009102 12 1
-1.397925 1.753525 43.812449 19 1
-1.114500 1.647950 43.262650 16 1
-1.076375 1.634050 43.815500 0 0
-1.111500 1.626200 44.009201 12 1
-1.295100 1.651400 44.122898 12 1
-1.117800 1.447500 43.058800 16 1
-1.358400 1.970000 43.076801 15 1
-1.150700 1.744800 43.231899 15 1
-1.153200 1.701950 43.794900 19 1
-1.131233 1.714238 43.214991 15 1
-1.089933 1.611333 44.037132 13 1
-1.066800 1.604700 43.813301 20 1
-1.317211 1.927644 43.197256 15 1
-1.278375 1.908700 43.241750 15 1
-1.152736 1.699827 43.445590 17 1
-0.906600 1.287500 43.942001 20 1
-1.081500 1.633600 44.082500 13 1
-1.107400 1.655700 43.411900 0 0
-1.223100 1.663300 44.072102 12 1
-1.436250 1.747500 43.781250 19 1
-0.833800 1.405750 44.189152 21 1
-1.127000 1.678300 42.975399 14 1
-1.120700 1.660000 43.242401 0 0
-1.067300 1.647500 43.787800 0 0
-1.075900 1.615900 43.297901 16 1
-1.023100 1.532317 43.909233 20 1
-1.023700 1.350900 43.450199 18 1
-1.108000 1.618600 43.982201 13 1
-1.073400 1.371800 43.197102 16 1
-1.106894 1.648482 43.350124 0 0
-1.091200 1.646900 43.611401 0 0
-1.227183 1.843517 43.270666 15 1
-1.299200 1.861550 43.530701 17 1
-1.103800 1.619500 43.469601 0 0
-1.250400 1.731200 43.043999 14 1
-1.113108 1.668875 42.975000 0 0
-1.127300 1.652100 43.959499 12 1
-1.260400 1.888400 43.256700 15 1
-1.066900 1.520500 43.613701 18 1
-1.296358 1.638963 44.117832 12 1
-1.082700 1.642300 43.279499 16 1
-1.193800 1.779800 43.270699 15 1
-1.212000 1.626600 44.074699 12 1
-1.275250 1.716900 43.046251 14 1
-1.121200 1.587000 43.823799 13 1
-1.382533 1.747433 43.823200 19 1
-1.096900 1.643533 43.565666 0 0
-1.074800 1.649300 43.888901 12 1
-1.108600 1.432000 43.063202 16 1
-0.807600 1.431500 44.194099 21 1
-1.059900 1.635400 43.772701 0 0
-1.133400 1.666100 43.167801 15 1
-1.193850 1.655050 44.039400 12 1
-1.121500 1.681000 42.920700 14 1
-1.391600 1.782900 43.817402 19 1
-1.131700 1.575500 43.770199 13 1
-1.057800 1.353633 43.376867 18 1
-1.324900 1.941600 43.194901 15 1
-0.962380 1.387570 43.971660 20 1
-1.274600 1.860650 43.260199 15 1
-1.046700 1.570400 43.857300 20 1
-1.026200 1.557600 43.899502 20 1
-0.927279 1.363046 43.965908 20 1
-1.152240 1.687540 43.433840 17 1
-1.356700 1.761500 43.006051 14 1
-1.125040 1.694227 43.427647 17 1
-0.873825 1.456800 44.158249 21 1
-0.782900 1.375493 44.220028 21 1
-1.080900 1.592100 44.018551 13 1
-1.005000 1.552300 43.910198 20 1
-1.118657 1.661086 43.206158 0 0
-1.155414 1.672071 43.776357 19 1
-1.083800 1.579400 43.568199 18 1
-1.138367 1.525767 42.992100 11 1
-1.049200 1.423600 43.645199 18 1
-0.798300 1.405290 44.207730 21 1
-1.092700 1.630400 43.281999 16 1
-1.191150 1.749908 43.251558 15 1
-1.118950 1.676000 42.942450 0 0
-1.162300 1.752500 43.254801 15 1
-1.203119 1.711875 43.043562 14 1
-1.238860 1.719880 43.837401 19 1
-1.001300 1.514000 43.921101 20 1
-1.289050 1.735100 43.844601 19 1
-1.388900 1.749900 42.992298 14 1
-1.072700 1.627000 43.955101 0 0
-1.084800 1.618000 43.539799 18 1
-1.444600 1.795700 43.788399 19 1
-1.097550 1.595050 43.931699 13 1
-1.031891 1.347266 43.581085 18 1
-1.261000 1.685900 44.096401 12 1
-1.038550 1.600300 44.030800 21 1
-1.090200 1.642300 43.923302 12 1
-1.124800 1.571800 43.742599 13 1
-1.021700 1.455100 43.639500 18 1
-0.933017 1.509417 44.120000 21 1
-1.365900 1.756300 43.816002 19 1
-0.933279 1.369413 43.967979 20 1
-1.096800 1.645000 43.916401 12 1
-1.116140 1.650960 42.962700 11 1
-1.341600 1.966100 43.146400 15 1
-1.111800 1.446000 43.086201 16 1
-1.119850 1.666700 43.190500 0 0
-1.257250 1.654950 44.097901 12 1
-1.234700 1.637700 44.077499 12 1
-1.025850 1.561450 44.045700 21 1
-1.077300 1.631400 44.070499 13 1
-1.181700 1.776350 43.503999 17 1
-1.022800 1.327100 43.502701 18 1
-1.068500 1.593700 43.821602 20 1
-1.092300 1.620500 43.523998 18 1
-1.041029 1.426607 43.638657 18 1
-0.780600 1.405800 44.212601 21 1
-1.052700 1.333600 43.515359 18 1
-1.407300 1.922300 43.430401 17 1
-1.071350 1.408883 43.161184 16 1
-1.130700 1.706600 42.946499 14 1
-1.123600 1.669100 43.247200 0 0
-1.131800 1.692200 43.416100 17 1
-1.239500 1.659900 44.078899 12 1
-1.384050 1.760050 42.984449 14 1
-1.328150 1.609200 44.137998 12 1
-1.223500 1.719100 43.057999 14 1
-1.071067 1.558511 43.334677 16 1
-1.316200 1.939900 43.166100 15 1
-1.286400 1.663200 44.104401 12 1
-1.117400 1.653300 43.370399 0 0
-1.180000 1.747200 43.496498 17 1
-1.081300 1.585500 43.315201 16 1
-1.083200 1.642200 43.554199 0 0
-1.050160 1.487100 43.626920 18 1
-0.912450 1.519550 44.124050 21 1
-1.053800 1.622700 43.984001 21 1
-1.272200 1.918250 43.241200 15 1
-1.130610 1.675420 42.947850 14 1
-1.251633 1.894600 43.256433 15 1
-1.091700 1.600200 43.998798 13 1
-1.050700 1.376000 43.261799 18 1
-1.073700 1.624750 43.733449 0 0
-1.071100 1.656200 43.916698 12 1
-0.935500 1.507000 44.108799 21 1
-1.064650 1.627283 43.952400 0 0
-0.785400 1.426200 44.210499 21 1
-1.332000 1.612300 44.147299 12 1
-1.440400 1.788400 42.925900 14 1
-1.102800 1.565400 43.323700 16 1
-1.093000 1.589450 43.306200 16 1
-1.418900 1.922400 43.423401 17 1
-1.041400 1.510100 43.627602 18 1
-1.143800 1.697271 43.205186 15 1
-1.121800 1.651100 43.258499 16 1
-1.109500 1.615850 43.287649 16 1
-0.899050 1.257975 43.917824 20 1
-1.299200 1.958900 43.203201 15 1
-1.241300 1.678300 44.088600 12 1
-0.991100 1.550500 44.080399 21 1
-1.091959 1.639650 43.548064 0 0
-1.112500 1.664600 43.254299 0 0
-1.212700 1.783200 43.257500 15 1
-1.229600 1.768400 43.517799 17 1
-1.014221 1.369436 43.625894 18 1
-1.060800 1.600700 43.819500 20 1
-1.103537 1.643162 43.454913 0 0
-1.112700 1.637200 43.257000 16 1
-1.056200 1.354300 43.300400 18 1
-1.005043 1.483571 43.943429 20 1
-1.155800 1.399000 42.936401 11 1
-1.150400 1.627350 44.005751 12 1
-1.063200 1.376300 43.214699 16 1
-0.962300 1.429700 43.970798 20 1
-1.021400 1.335780 43.517880 18 1
-1.226650 1.754200 43.517725 17 1
-1.094000 1.615500 43.952099 13 1
-1.236183 1.834150 43.268367 15 1
-1.315100 1.762900 43.843899 19 1
-1.384900 1.940800 43.025902 15 1
-1.120100 1.601300 43.768398 13 1
-1.145400 1.664800 43.748001 19 1
-1.012400 1.344200 43.613800 18 1
-0.980833 1.545367 44.090401 21 1
-1.007867 1.505633 43.930434 20 1
-1.191200 1.687250 43.811299 19 1
-1.258300 1.661500 44.080002 12 1
-1.111600 1.647800 43.233700 16 1
-1.144900 1.524900 42.985600 11 1
-1.145300 1.648600 44.004700 12 1
-1.160900 1.696200 43.434898 17 1
-0.800900 1.427100 44.197102 21 1
-1.357300 1.758900 43.821201 19 1
-1.068478 1.503789 43.345688 16 1
-1.123450 1.692925 43.197375 15 1
-1.071300 1.638200 43.994598 0 0
-1.157400 1.449800 43.049900 16 1
-1.161100 1.667800 44.016800 12 1
-1.108925 1.651050 43.364600 0 0
-1.088650 1.537450 43.329500 16 1
-1.115487 1.428875 43.083575 16 1
-1.399400 1.785000 43.820499 19 1
-1.065200 1.640500 43.659000 0 0
-1.107300 1.654300 43.170700 0 0
-1.184921 1.693336 43.806921 19 1
-1.283963 1.843463 43.535037 17 1
-0.977500 1.528000 44.099300 21 1
-1.186500 1.743000 43.242699 15 1
-1.061400 1.553800 43.873402 20 1
-0.962400 1.536000 44.106098 21 1
-1.060400 1.451900 43.355400 16 1
-1.124600 1.715900 43.445202 17 1
-1.298100 1.669200 44.115799 12 1
-1.233054 1.777538 43.523654 17 1
-1.109400 1.600100 43.801601 13 1
-1.117500 1.669400 43.029400 0 0
-1.015800 1.491500 43.940899 20 1
-1.118900 1.624900 43.952202 12 1
-1.105100 1.406900 43.128502 16 1
-1.107300 1.681100 43.736198 19 1
-0.881680 1.248980 43.919840 20 1
-1.394400 1.645850 44.177200 12 1
