-0.306683 -4.296750 4.234817 16 1
-0.752600 -4.089300 3.365300 0 0
-0.595800 -3.883400 5.091700 12 1
-0.876200 -3.745800 4.292700 17 1
-0.484300 -4.417400 4.943800 20 1
-0.705544 -4.102644 3.911189 0 0
-0.673900 -4.112100 4.583300 0 0
-0.549900 -4.582800 4.539450 18 1
-0.288700 -4.021800 3.996050 14 1
-0.680760 -4.088080 4.247280 0 0
-0.693000 -3.838500 4.774600 19 1
-0.698675 -4.175375 4.996950 13 1
-0.853000 -3.828500 3.956700 11 1
-0.737860 -4.106120 3.638600 0 0
-0.636667 -4.349667 4.518600 18 1
-0.587200 -4.206700 4.786500 20 1
-0.514500 -4.064367 4.040833 14 1
-0.814400 -3.976300 4.991300 12 1
-0.513500 -4.227900 4.285400 16 1
-0.782700 -4.022200 4.082650 15 1
-0.782600 -3.916500 4.251800 17 1
-0.651600 -4.182600 4.409000 18 1
-0.699250 -4.065225 4.841900 12 1
-0.708567 -3.957067 4.649900 19 1
-0.671900 -4.147100 4.091200 16 1
-0.561900 -4.270880 4.937340 21 1
-0.787100 -3.962000 3.884200 11 1
-0.732050 -4.041950 3.772850 11 1
-0.566100 -4.146350 4.184400 16 1
-0.678300 -3.997450 4.961500 12 1
-0.725775 -4.105325 3.500425 0 0
-0.675900 -4.112900 4.718500 0 0
-0.386267 -4.055200 4.081533 14 1
-0.649100 -3.743350 4.856100 19 1
-0.689525 -4.067675 4.460350 19 1
-0.644200 -4.245200 5.091700 13 1
-0.598200 -4.464800 4.562700 18 1
-0.393150 -4.250150 4.313550 16 1
-0.606433 -4.053133 3.962133 14 1
-0.238500 -4.338700 4.149300 16 1
-0.744700 -4.008600 4.192500 17 1
-0.728333 -4.019600 3.983833 15 1
-0.601200 -4.254000 4.475750 18 1
-0.682100 -4.091900 4.354800 0 0
-0.639700 -3.902600 4.709100 19 1
-0.805600 -3.816500 4.266900 17 1
-0.716875 -4.023000 4.556275 19 1
-0.715000 -4.114600 4.007400 16 1
-0.690900 -4.119000 3.815300 0 0
-0.684250 -4.129600 4.912600 0 0
-0.617100 -4.234100 4.871900 21 1
-0.793100 -3.896800 3.948800 11 1
-0.693933 -4.089017 4.157200 0 0
-0.527300 -4.345500 4.976250 21 1
-0.668867 -4.187833 4.763167 21 1
-0.649900 -4.011300 4.604100 19 1
-0.726500 -4.102300 3.718950 0 0
-0.780933 -4.069900 4.018567 15 1
-0.633500 -4.182900 5.043300 13 1
-0.782800 -4.017600 3.830500 11 1
-0.358900 -4.314700 4.288500 16 1
-0.627900 -4.174000 4.148800 16 1
-0.675900 -4.257600 4.490700 18 1
-0.510233 -4.318767 4.907200 20 1
-0.566960 -4.202900 4.235140 16 1
-0.580300 -4.390100 4.548100 18 1
-0.671200 -4.054600 4.913475 12 1
-0.674900 -4.117700 4.793100 12 1
-0.745300 -4.008600 4.992200 12 1
-0.456040 -4.031580 4.073840 14 1
-0.698600 -4.125700 4.650500 21 1
-0.659800 -4.089500 4.049500 16 1
-0.569500 -4.096000 4.006600 14 1
-0.549500 -4.257800 4.866700 20 1
-0.614100 -4.150200 4.736600 20 1
-0.658000 -4.038800 4.517600 19 1
-0.329800 -4.020500 4.055000 14 1
-0.631900 -4.109400 3.926600 14 1
-0.649150 -3.802500 4.817800 19 1
-0.677300 -4.161100 4.342800 18 1
-0.729500 -4.104500 3.429800 0 0
-0.728200 -4.094500 3.569500 0 0
-0.672750 -4.109300 4.514450 0 0
-0.644200 -4.422300 4.538700 18 1
-0.449100 -4.215100 4.303100 16 1
-0.561500 -4.523050 4.566100 18 1
-0.704000 -3.909300 4.696600 19 1
-0.841050 -3.871600 4.272600 17 1
-0.666400 -4.174300 4.699550 20 1
-0.615700 -4.120050 4.115600 16 1
-0.643250 -4.206200 4.818850 21 1
-0.622400 -4.194200 4.463600 18 1
-0.744100 -4.052780 4.148420 17 1
-0.596200 -4.303300 4.512600 18 1
-0.783000 -3.970000 4.221500 17 1
-0.732722 -4.076222 3.959222 15 1
-0.817333 -3.761933 4.293033 17 1
-0.699700 -4.089400 4.097000 0 0
-0.282800 -4.332400 4.192400 16 1
-0.510700 -4.183400 4.244700 16 1
-0.682100 -4.121600 4.853400 0 0
-0.655200 -4.091300 4.300800 18 1
-0.768900 -4.006100 4.024900 15 1
-0.653700 -3.945800 4.666800 19 1
-0.861000 -3.801600 4.277900 17 1
-0.681600 -4.100200 4.412500 0 0
-0.674600 -4.222100 4.445100 18 1
-0.731700 -4.106050 3.776350 0 0
-0.711167 -3.995800 4.607367 19 1
-0.710650 -4.084550 3.856950 0 0
-0.637800 -4.126200 4.365100 18 1
-0.819100 -3.942650 3.929400 11 1
-0.645900 -4.118400 4.671700 20 1
-0.677200 -4.215850 5.053950 13 1
-0.593660 -4.196000 4.186820 16 1
-0.681150 -3.872200 4.731150 19 1
-0.672400 -4.136900 4.966300 13 1
-0.333100 -4.265950 4.290100 16 1
-0.846400 -3.883200 3.955400 11 1
-0.696800 -4.050100 3.925200 15 1
-0.711660 -4.052740 4.508460 19 1
-0.575300 -4.216300 4.841000 21 1
-0.493500 -4.361900 4.935600 20 1
-0.660150 -4.090567 3.884367 14 1
-0.573567 -4.296867 4.892867 20 1
-0.612900 -4.249300 4.821600 20 1
-0.699225 -4.121275 4.316025 18 1
-0.600400 -4.108300 3.967300 14 1
-0.657325 -4.079075 4.868325 12 1
-0.697000 -3.793400 4.798500 19 1
-0.433500 -4.279900 4.303600 16 1
-0.730600 -4.070200 3.679500 11 1
-0.761200 -4.074300 3.746800 11 1
-0.694450 -4.162150 4.391300 18 1
-0.624000 -4.172900 4.780250 21 1
-0.697200 -4.125050 4.054300 16 1
-0.559500 -4.319300 4.947200 21 1
-0.633725 -4.221000 4.772850 20 1
-0.646700 -4.062500 3.924800 14 1
-0.649650 -4.153650 5.006450 13 1
-0.691750 -4.102250 3.965050 0 0
-0.669700 -3.991800 4.644300 19 1
-0.545500 -4.052900 4.005100 14 1
-0.645100 -4.291467 4.506700 18 1
-0.473875 -4.076050 4.063825 14 1
-0.549000 -4.159200 4.227800 16 1
-0.667900 -4.026500 4.562700 19 1
-0.683700 -4.078100 4.005300 16 1
-0.782000 -4.036300 4.182100 17 1
-0.677200 -4.044900 4.960800 12 1
-0.476700 -4.253640 4.300720 16 1
-0.581750 -4.247400 4.900250 21 1
-0.593733 -4.343133 4.537567 18 1
-0.681388 -4.097350 4.201875 0 0
-0.770600 -4.049800 3.797200 11 1
-0.591733 -4.145100 4.145133 16 1
-0.677700 -3.769867 4.832700 19 1
-0.648600 -3.840200 4.784000 19 1
-0.651350 -4.106650 4.090750 16 1
-0.669900 -4.099200 4.627600 21 1
-0.783300 -3.924100 3.909000 11 1
-0.478800 -4.202900 4.269800 16 1
-0.746600 -4.012400 3.804000 11 1
-0.328100 -4.331400 4.216700 16 1
-0.536300 -4.351900 4.927600 20 1
-0.815100 -3.853700 3.966800 11 1
-0.310400 -4.047400 4.025100 14 1
-0.796100 -4.003800 3.873100 11 1
-0.641767 -4.232233 4.474967 18 1
-0.393567 -4.297783 4.309483 16 1
-0.704633 -4.024100 4.988367 12 1
-0.592200 -4.270300 4.863700 20 1
-0.673000 -4.106900 4.468900 0 0
-0.625600 -4.208200 5.079000 13 1
-0.744300 -4.058325 3.998675 15 1
-0.660800 -4.095300 4.826800 12 1
-0.754200 -3.939250 4.227350 17 1
-0.617400 -4.388100 4.527400 18 1
-0.675617 -4.013200 4.922167 12 1
-0.657150 -4.148400 4.132000 16 1
-0.657550 -4.155025 4.736025 21 1
-0.691800 -4.044400 4.877600 12 1
-0.770400 -3.975600 4.985600 12 1
-0.822750 -3.907725 4.262300 17 1
-0.603583 -4.424450 4.550417 18 1
-0.329800 -4.321400 4.259800 16 1
-0.725700 -4.060700 3.730500 11 1
-0.671600 -4.183700 5.027450 13 1
-0.660800 -4.121100 4.330950 18 1
-0.531586 -4.286829 4.892429 20 1
-0.345600 -4.056800 4.065700 14 1
-0.690567 -4.104267 4.757667 0 0
-0.698200 -4.093500 4.285900 18 1
-0.414850 -4.025900 4.079650 14 1
-0.710500 -4.136600 4.981300 0 0
-0.680400 -4.139300 4.684450 21 1
-0.491600 -4.033550 4.054350 14 1
-0.702000 -4.092400 4.809400 12 1
-0.639025 -4.131100 4.709300 21 1
-0.759200 -4.091800 3.404850 0 0
-0.628900 -4.152700 4.394900 18 1
-0.685400 -4.174100 4.428700 18 1
-0.685050 -4.094100 4.549200 0 0
-0.660900 -4.067400 4.487900 19 1
-0.729500 -4.072000 3.920000 15 1
-0.540700 -4.208275 4.265150 16 1
-0.424200 -4.064000 4.079500 14 1
-0.724400 -4.098000 3.813700 0 0
-0.604800 -4.200700 4.821100 21 1
-0.625600 -4.168200 4.434000 18 1
-0.701100 -4.089400 4.039500 0 0
-0.580100 -4.061050 3.989250 14 1
-0.744800 -4.107500 3.466900 0 0
-0.681000 -4.109100 3.857200 14 1
-0.734000 -4.101600 3.885500 15 1
-0.665800 -4.118600 3.911250 14 1
-0.668000 -3.922400 4.693300 19 1
-0.717175 -3.988725 4.976525 12 1
-0.715900 -4.103900 3.670600 0 0
-0.708160 -4.040840 3.959860 15 1
-0.513250 -4.394000 4.948475 20 1
-0.654150 -3.865350 4.756750 19 1
-0.840525 -3.832925 4.277300 17 1
-0.705500 -4.096600 4.442967 19 1
-0.660650 -4.157600 4.376100 18 1
-0.536400 -4.294000 4.961500 21 1
-0.722300 -4.093200 3.607500 0 0
-0.687033 -4.103433 4.678133 0 0
-0.549700 -4.318400 4.910300 20 1
-0.690700 -4.038000 4.535800 19 1
-0.690500 -4.110700 4.128100 0 0
-0.372000 -4.022100 4.077900 14 1
-0.642233 -4.207233 4.436333 18 1
-0.279720 -4.301260 4.211300 16 1
-0.569867 -4.556833 4.556700 18 1
-0.366450 -4.278250 4.296250 16 1
-0.539900 -4.084067 4.024833 14 1
-0.681800 -4.003100 4.588100 19 1
-0.833300 -3.916000 3.949400 11 1
-0.567400 -4.177383 4.202200 16 1
-0.567200 -4.227500 4.873500 21 1
-0.672900 -4.070475 4.277275 18 1
-0.753067 -4.089933 3.698067 11 1
-0.664700 -4.131800 4.643900 20 1
-0.632975 -4.267338 4.484338 18 1
-0.693750 -3.934650 4.672400 19 1
-0.636333 -4.180150 4.748417 20 1
-0.616900 -4.084700 3.947700 14 1
-0.699700 -4.125100 4.948200 0 0
-0.591300 -4.280500 4.917900 21 1
-0.546950 -4.259750 4.907850 21 1
-0.672500 -3.819800 4.798950 19 1
-0.255900 -4.319740 4.174940 16 1
-0.597900 -4.163900 4.175000 16 1
-0.324255 -4.286018 4.262373 16 1
-0.828600 -3.793940 4.286540 17 1
-0.754100 -3.977900 4.204500 17 1
-0.726400 -4.103500 3.534600 0 0
-0.805600 -3.878300 4.265200 17 1
-0.768850 -4.000700 4.058500 15 1
-0.844000 -3.739750 4.284300 17 1
-0.730100 -4.103500 3.392300 0 0
-0.641525 -4.138075 4.103425 16 1
-0.422900 -4.234000 4.312600 16 1
-0.658200 -4.214900 5.082900 13 1
-0.682700 -4.011800 4.620800 19 1
-0.693075 -3.974125 4.625175 19 1
-0.628550 -4.227300 4.841400 21 1
-0.618100 -4.322700 4.528000 18 1
-0.714150 -4.097700 3.749250 0 0
-0.507100 -4.215133 4.255967 16 1
-0.679600 -3.885200 4.701200 19 1
-0.614550 -4.223250 4.799150 20 1
-0.574300 -4.225900 4.809500 20 1
-0.753600 -4.027800 4.005400 15 1
-0.666180 -4.118340 4.064280 16 1
-0.679600 -4.111350 4.028950 16 1
-0.601350 -4.184900 4.760300 20 1
-0.702150 -4.085450 3.938500 0 0
-0.855500 -3.771500 4.288700 17 1
-0.647867 -4.195933 4.787700 21 1
-0.588500 -4.246200 4.842800 20 1
-0.637300 -3.921100 4.683000 19 1
-0.624525 -4.145450 4.133075 16 1
-0.537800 -4.191233 4.228733 16 1
-0.693233 -4.118567 4.883183 0 0
-0.772800 -3.995300 3.851000 11 1
-0.658600 -4.248500 4.452600 18 1
-0.675600 -3.956050 4.646350 19 1
-0.466700 -4.229900 4.281000 16 1
-0.798500 -3.847300 4.268200 17 1
-0.747250 -4.099000 3.667950 11 1
-0.298700 -4.326000 4.226400 16 1
-0.689100 -3.967300 4.672400 19 1
-0.695767 -4.073900 4.490500 19 1
-0.713400 -4.056200 4.154100 17 1
-0.693350 -4.074300 3.905350 15 1
-0.682700 -4.171200 4.727200 21 1
-0.661300 -3.896250 4.730550 19 1
-0.682500 -4.090800 4.315500 18 1
-0.788100 -3.943600 4.237800 17 1
-0.737400 -4.101850 3.917350 15 1
-0.751500 -4.036000 4.173400 17 1
-0.648650 -3.779000 4.838250 19 1
-0.676200 -4.087400 4.384900 0 0
-0.632700 -4.160700 4.714300 20 1
-0.692400 -4.105000 4.606700 21 1
-0.780500 -4.007100 4.191200 17 1
-0.709400 -4.017400 4.585900 19 1
-0.592700 -4.280900 4.492400 18 1
-0.673167 -4.133967 4.355767 18 1
-0.447900 -4.256100 4.291600 16 1
-0.700450 -4.102550 3.881375 0 0
-0.673200 -4.159800 4.988500 13 1
-0.651000 -4.145400 4.684000 20 1
-0.680950 -4.056925 4.510275 19 1
-0.722400 -4.081700 3.651700 11 1
-0.614500 -4.226900 4.464000 18 1
-0.705450 -4.092050 3.989525 0 0
-0.558400 -4.240800 4.842150 20 1
-0.798767 -3.950167 3.908700 11 1
-0.687800 -4.112414 4.825814 0 0
-0.693525 -4.100525 4.070375 0 0
-0.698000 -3.854700 4.750500 19 1
-0.707200 -4.107300 4.784600 12 1
-0.656900 -4.195700 5.060600 13 1
-0.666100 -4.145467 4.709267 21 1
-0.758400 -4.058400 3.771100 11 1
-0.675250 -4.085450 4.442150 19 1
-0.666500 -4.078100 4.896900 12 1
-0.532300 -4.328000 4.953600 21 1
-0.669100 -4.119400 3.882400 14 1
-0.816375 -3.880700 3.955325 11 1
-0.649038 -4.091012 3.911175 14 1
-0.602000 -4.218300 4.852100 21 1
-0.585050 -4.089100 3.982650 14 1
-0.662700 -4.099850 4.657350 21 1
-0.566000 -4.298000 4.928400 21 1
-0.672850 -4.114200 4.301750 18 1
-0.804000 -3.918400 3.933400 11 1
-0.669800 -3.986000 4.613700 19 1
-0.656200 -4.181700 4.726000 20 1
-0.681200 -4.076325 4.820250 12 1
-0.451900 -4.060600 4.074100 14 1
-0.615100 -4.199700 4.783200 20 1
-0.604467 -4.186933 4.158167 16 1
-0.669550 -4.198100 4.430900 18 1
-0.695360 -4.154460 4.364040 18 1
-0.696900 -4.099300 3.835900 14 1
-0.365200 -4.254400 4.311800 16 1
-0.726050 -4.054350 3.977400 15 1
-0.773500 -4.025400 4.045500 15 1
-0.670100 -4.161500 4.405700 18 1
-0.347660 -4.289120 4.277820 16 1
-0.856800 -3.856100 3.953500 11 1
-0.677400 -4.059200 4.858700 12 1
-0.683500 -4.030550 4.900450 12 1
-0.601200 -4.370100 4.541300 18 1
-0.675550 -3.793875 4.817225 19 1
-0.607200 -4.109400 3.939300 14 1
-0.723000 -4.076100 3.893350 15 1
-0.748200 -4.072900 3.719400 11 1
-0.718350 -4.089350 3.695850 0 0
-0.708200 -4.087000 4.468800 19 1
-0.521200 -4.047200 4.020300 14 1
-0.584533 -4.198300 4.214400 16 1
-0.511400 -4.340600 4.924300 20 1
-0.618460 -4.282480 4.502120 18 1
-0.666825 -4.022250 4.949375 12 1
-0.327650 -4.048600 4.046300 14 1
-0.641350 -4.322600 4.513750 18 1
-0.556200 -4.277600 4.884800 20 1
-0.487350 -4.388100 4.942850 20 1
-0.687260 -4.100050 4.493460 0 0
-0.602900 -4.258820 4.885800 21 1
-0.493600 -4.080600 4.046000 14 1
-0.736300 -4.081950 3.985300 15 1
-0.597700 -4.227200 4.823700 20 1
-0.756900 -3.924400 4.252600 17 1
-0.720440 -4.054600 3.938400 15 1
-0.742800 -3.983300 4.983500 12 1
-0.692400 -4.084867 4.222967 0 0
-0.646900 -4.023800 4.579100 19 1
-0.681643 -4.138886 4.328486 18 1
-0.671500 -3.854450 4.774350 19 1
-0.676700 -4.099750 4.271350 18 1
-0.643100 -4.371100 4.533100 18 1
-0.684188 -4.121638 4.628300 20 1
-0.754400 -4.096500 3.433500 0 0
-0.408567 -4.274100 4.310100 16 1
-0.491250 -4.229000 4.271650 16 1
-0.688600 -4.104600 4.005100 16 1
-0.524900 -4.373400 4.936800 20 1
-0.780400 -4.063867 4.043867 15 1
-0.684550 -4.021900 4.972000 12 1
-0.622300 -4.062600 3.933700 14 1
-0.591500 -4.236100 4.879000 21 1
-0.652700 -4.213300 4.459300 18 1
-0.826700 -3.830900 3.962400 11 1
-0.694900 -4.031400 4.567200 19 1
-0.473833 -4.049733 4.064067 14 1
-0.613600 -4.158600 4.761300 21 1
-0.555560 -4.240400 4.893040 21 1
-0.541300 -4.283600 4.928300 21 1
-0.603180 -4.409600 4.529040 18 1
-0.695500 -4.147800 4.962700 13 1
-0.547300 -4.544525 4.558825 18 1
-0.315200 -4.022700 4.030500 14 1
-0.823050 -3.853400 4.274900 17 1
-0.669300 -4.067800 3.911600 14 1
-0.749100 -4.037000 3.791450 11 1
-0.645700 -4.201800 4.758400 20 1
-0.768250 -4.028350 3.812400 11 1
-0.740100 -4.094200 3.941600 15 1
-0.761767 -4.078233 4.003933 15 1
-0.672300 -3.752600 4.851000 19 1
-0.624750 -4.192425 4.805625 21 1
-0.349500 -4.030900 4.070000 14 1
-0.722825 -4.099300 3.839025 0 0
-0.647500 -4.182400 4.435400 18 1
-0.663580 -4.077740 4.463280 19 1
-0.673900 -4.094500 4.803000 12 1
-0.649275 -4.108675 4.349650 18 1
-0.762800 -4.002700 3.827900 11 1
-0.655900 -4.261700 4.475900 18 1
-0.672550 -4.086950 4.025925 16 1
-0.680800 -4.140400 4.065400 16 1
-0.611800 -4.155350 4.155950 16 1
-0.724050 -4.069950 4.136200 17 1
-0.655000 -3.970000 4.647300 19 1
-0.676200 -4.080900 4.844200 12 1
-0.639500 -4.166800 5.025300 13 1
-0.582800 -4.535700 4.563800 18 1
-0.687089 -4.103711 4.652044 0 0
-0.796100 -3.984500 3.889600 11 1
-0.689900 -4.085350 4.181400 0 0
-0.671600 -4.056500 4.885400 12 1
-0.672800 -4.057300 4.939800 12 1
-0.713800 -4.030000 4.531900 19 1
-0.621500 -4.306100 4.508800 18 1
-0.652000 -4.098500 4.326800 18 1
-0.791900 -3.986800 4.989800 12 1
-0.786950 -3.894050 4.262150 17 1
-0.561000 -4.072950 4.007700 14 1
-0.600000 -4.079067 3.965900 14 1
-0.733300 -4.044700 3.747500 11 1
-0.659475 -4.036575 4.542000 19 1
-0.733800 -4.061200 3.703500 11 1
-0.550700 -4.293500 4.906100 20 1
-0.768025 -4.000475 4.988425 12 1
-0.636283 -4.154600 4.748000 21 1
-0.654400 -4.129925 4.082225 16 1
-0.529100 -4.304100 4.911800 20 1
-0.684900 -4.088500 4.516650 0 0
-0.698200 -4.088200 4.123800 0 0
-0.669200 -4.023200 4.592600 19 1
-0.434200 -4.042600 4.074500 14 1
-0.528250 -4.207900 4.243350 16 1
-0.574067 -4.259333 4.920000 21 1
-0.780400 -3.981500 3.871600 11 1
-0.644833 -4.169567 4.768733 21 1
-0.681480 -4.139340 4.660460 20 1
-0.573750 -4.255600 4.859200 20 1
-0.489467 -4.193017 4.250233 16 1
-0.630300 -4.171700 4.410000 18 1
-0.668200 -4.233500 5.071700 13 1
-0.760400 -3.962600 4.223100 17 1
-0.688000 -4.100700 4.702000 0 0
-0.666500 -4.034200 4.928800 12 1
-0.606367 -4.448383 4.547550 18 1
-0.656525 -4.091875 4.072925 16 1
-0.822800 -3.817700 4.283150 17 1
-0.697300 -3.883200 4.716800 19 1
-0.660650 -4.174600 5.006650 13 1
-0.687150 -4.163000 4.700700 21 1
-0.581800 -4.146500 4.166550 16 1
-0.683100 -4.088900 3.889800 14 1
-0.786100 -3.939300 3.890550 11 1
-0.715050 -4.099350 3.791650 0 0
-0.557800 -4.152500 4.207000 16 1
-0.678600 -3.868480 4.754240 19 1
-0.681000 -4.204400 5.033500 13 1
-0.730900 -4.095400 3.452300 0 0
-0.314200 -4.318300 4.242500 16 1
-0.663100 -3.901100 4.706300 19 1
-0.697050 -4.001600 4.975000 12 1
-0.616400 -4.354600 4.529300 18 1
-0.492700 -4.058150 4.052650 14 1
-0.806750 -3.919800 4.250200 17 1
-0.493000 -4.238133 4.294467 16 1
-0.297600 -4.041800 4.004100 14 1
-0.673200 -4.111900 4.560000 0 0
-0.792300 -4.010700 3.851200 11 1
-0.531825 -4.331600 4.916825 20 1
-0.384333 -4.271200 4.309817 16 1
-0.718600 -4.088900 3.629900 0 0
-0.270767 -4.312733 4.193256 16 1
-0.633500 -4.223450 4.451400 18 1
-0.625600 -4.191500 4.438800 18 1
-0.639500 -4.148500 4.374900 18 1
-0.834167 -3.862833 3.957967 11 1
-0.624550 -4.206050 4.832000 21 1
-0.669200 -4.140200 4.114400 16 1
-0.689800 -4.187600 5.014000 13 1
-0.624900 -4.249550 4.472650 18 1
-0.816360 -3.901840 3.943880 11 1
-0.689975 -4.103775 4.733875 0 0
-0.633000 -4.139560 4.729540 21 1
-0.637020 -4.115780 4.105860 16 1
-0.366000 -4.046300 4.071100 14 1
-0.726800 -4.085800 3.734800 0 0
-0.688100 -4.092200 4.459900 0 0
-0.636100 -4.081900 3.929133 14 1
-0.557600 -4.192150 4.217700 16 1
-0.766700 -4.028500 4.024100 15 1
-0.667450 -4.120725 4.664300 21 1
-0.506900 -4.040900 4.036500 14 1
-0.603700 -4.187000 4.799800 21 1
-0.646100 -4.167000 4.392600 18 1
-0.701950 -4.090363 4.016237 0 0
-0.667800 -4.173700 4.745800 21 1
-0.602300 -4.393800 4.546000 18 1
-0.393650 -4.033150 4.079375 14 1
-0.661700 -4.004000 4.627300 19 1
-0.736000 -4.092600 3.481100 0 0
-0.683700 -4.100450 4.778600 0 0
-0.724600 -4.105500 3.589000 0 0
-0.710900 -4.092400 3.959300 0 0
-0.723343 -4.010114 4.988686 12 1
-0.824950 -3.887300 4.271525 17 1
-0.345400 -4.310364 4.271500 16 1
-0.811600 -3.793700 4.272400 17 1
-0.651800 -4.136200 4.350600 18 1
-0.684900 -3.910800 4.685100 19 1
-0.653000 -4.193400 5.039000 13 1
-0.294850 -4.319200 4.205250 16 1
-0.691725 -4.108625 4.106225 0 0
-0.649800 -3.883100 4.743900 19 1
-0.579400 -4.283100 4.876750 20 1
-0.689300 -4.113900 4.149800 0 0
-0.580200 -4.166429 4.187743 16 1
-0.750800 -4.056100 3.740300 11 1
-0.705050 -4.073900 4.820800 12 1
-0.440350 -4.234600 4.298150 16 1
-0.671200 -3.969500 4.629600 19 1
-0.689800 -3.990800 4.606200 19 1
-0.588100 -4.269600 4.899200 21 1
-0.266200 -4.337300 4.167000 16 1
-0.605950 -4.133650 4.129650 16 1
-0.594475 -4.216662 4.804863 20 1
-0.763800 -4.022600 4.185400 17 1
-0.671600 -3.937450 4.676000 19 1
-0.375220 -4.301240 4.298270 16 1
-0.684875 -4.097450 4.571325 0 0
-0.702183 -4.159400 4.979850 13 1
-0.629600 -4.190400 4.767500 20 1
-0.414100 -4.253200 4.307650 16 1
-0.681000 -4.112900 4.539300 0 0
-0.635300 -4.196400 5.061000 13 1
-0.762580 -3.998600 4.199780 17 1
-0.708000 -4.082500 3.878750 0 0
-0.738750 -4.094450 3.413100 0 0
-0.596400 -4.325800 4.525100 18 1
-0.680700 -3.896600 4.721300 19 1
-0.652100 -3.821500 4.805400 19 1
-0.674800 -4.117250 4.607450 0 0
-0.672700 -4.159100 4.681600 20 1
-0.650800 -4.274000 4.494200 18 1
-0.694000 -4.107700 4.428700 0 0
-0.519325 -4.084175 4.034275 14 1
-0.848550 -3.850900 4.268900 17 1
-0.678300 -4.102300 4.048300 16 1
-0.408133 -4.048900 4.079500 14 1
-0.674533 -4.094567 4.292233 18 1
-0.307700 -4.281000 4.249800 16 1
-0.630133 -4.214300 4.471333 18 1
-0.533500 -4.063867 4.027533 14 1
-0.684700 -4.131200 4.934300 0 0
-0.701400 -4.099800 3.815100 14 1
-0.654100 -4.137400 4.661450 20 1
-0.738000 -4.103500 3.617400 0 0
-0.582863 -4.223300 4.859788 21 1
-0.690500 -3.822100 4.788000 19 1
-0.843200 -3.812125 4.282775 17 1
-0.553075 -4.285475 4.949825 21 1
-0.699300 -4.110300 4.036450 0 0
-0.674800 -4.115050 4.694050 0 0
-0.674300 -4.170200 4.386000 18 1
-0.639300 -4.218200 4.802100 21 1
-0.691000 -4.099450 3.925950 0 0
-0.548300 -4.323300 4.966300 21 1
-0.672400 -3.836700 4.785450 19 1
-0.688133 -4.054400 4.490067 19 1
-0.678633 -4.114733 4.322000 18 1
-0.717550 -4.101075 3.869425 0 0
-0.639000 -4.120200 4.691475 21 1
-0.654000 -4.229700 4.444900 18 1
-0.461600 -4.206300 4.289000 16 1
-0.678000 -4.165900 4.364300 18 1
-0.720589 -4.102356 3.650189 0 0
-0.611300 -4.268700 4.488300 18 1
-0.678300 -4.092000 3.868700 14 1
-0.709000 -4.065400 3.918200 15 1
-0.836900 -3.760900 4.286200 17 1
-0.786000 -3.910200 3.927200 11 1
-0.549300 -4.203050 4.247050 16 1
-0.660475 -4.232600 4.466125 18 1
-0.571700 -4.284200 4.912400 21 1
-0.751000 -4.093700 3.385967 0 0
-0.659860 -4.126800 4.684720 21 1
-0.547900 -4.307400 4.931300 21 1
-0.574150 -4.233850 4.828500 20 1
-0.660650 -4.052800 4.502800 19 1
-0.657500 -4.136680 4.370320 18 1
-0.552300 -4.564750 4.549650 18 1
-0.681420 -4.152020 4.379180 18 1
-0.678086 -4.072286 4.477957 19 1
-0.351467 -4.265283 4.301150 16 1
-0.652400 -4.165500 4.712000 20 1
-0.689700 -4.108040 4.804880 0 0
-0.606700 -4.257500 4.839200 20 1
-0.694050 -4.105000 4.302200 18 1
-0.798300 -3.934350 3.922100 11 1
-0.638900 -4.156350 4.142350 16 1
-0.743233 -4.063233 3.971367 15 1
-0.697200 -4.057100 4.862800 12 1
-0.707200 -3.949700 4.671600 19 1
-0.626333 -4.370333 4.521467 18 1
-0.654600 -3.761200 4.846500 19 1
-0.768511 -3.938844 4.241556 17 1
-0.632625 -4.129900 4.120425 16 1
-0.711000 -3.967300 4.631300 19 1
-0.813700 -3.835850 4.278050 17 1
-0.707300 -4.039100 4.548900 19 1
-0.620600 -4.168100 4.744900 20 1
-0.700200 -4.101700 3.858100 0 0
-0.714900 -4.097267 3.769767 0 0
-0.522625 -4.217413 4.268475 16 1
-0.691300 -3.951600 4.658500 19 1
-0.734650 -4.070400 3.939300 15 1
-0.684625 -4.013425 4.571175 19 1
-0.633500 -4.223867 4.820400 21 1
-0.646600 -4.211800 5.066900 13 1
-0.684443 -4.094957 4.138814 0 0
-0.501800 -4.410400 4.950400 20 1
-0.721900 -4.058600 3.957900 15 1
-0.598000 -4.203200 4.770100 20 1
-0.698000 -4.051500 4.523100 19 1
-0.642500 -3.891200 4.726500 19 1
-0.668000 -4.003100 4.603500 19 1
-0.303660 -4.025200 4.013160 14 1
-0.670100 -4.178200 4.416400 18 1
-0.321918 -4.300645 4.247200 16 1
-0.666067 -4.103500 3.898433 14 1
-0.722100 -4.035100 3.972700 15 1
-0.679400 -4.102500 4.372500 0 0
-0.680700 -4.172500 5.004700 13 1
-0.695700 -4.145100 4.673350 21 1
-0.657600 -4.087600 4.850500 12 1
-0.585500 -4.207100 4.826800 21 1
-0.651333 -4.109367 3.921033 14 1
-0.596800 -4.051550 3.979300 14 1
-0.773500 -4.020200 4.065300 15 1
-0.693750 -4.091650 4.265600 9 0
-0.674100 -4.046900 4.525800 19 1
-0.678867 -4.097689 4.229356 0 0
-0.564350 -4.053150 3.998050 14 1
-0.650350 -4.142700 4.720700 21 1
-0.642950 -4.167800 4.733000 20 1
-0.697700 -4.080600 3.841700 14 1
-0.675700 -4.010200 4.639500 19 1
-0.738900 -4.087600 3.682900 11 1
-0.671300 -4.003300 4.944200 12 1
-0.667200 -3.882100 4.716000 19 1
-0.723400 -4.105200 3.553800 0 0
-0.297700 -4.306267 4.219567 16 1
-0.685450 -4.025800 4.551100 19 1
-0.698850 -4.103550 3.946950 0 0
-0.663900 -4.019700 4.616000 19 1
-0.654700 -3.925400 4.675400 19 1
-0.705500 -3.923267 4.682900 19 1
-0.804800 -3.901500 4.258200 17 1
-0.513667 -4.358200 4.932200 20 1
-0.799450 -3.967050 3.899150 11 1
-0.840650 -3.844550 3.958200 11 1
-0.799500 -3.883600 3.964400 11 1
-0.620050 -4.239850 4.853450 21 1
-0.684700 -4.085900 4.425167 0 0
-0.712650 -4.093775 3.893675 0 0
-0.505350 -4.375550 4.942250 20 1
-0.252833 -4.327367 4.157333 16 1
-0.587600 -4.358900 4.549000 18 1
-0.772500 -3.981000 4.209050 17 1
-0.651633 -3.911867 4.695300 19 1
-0.684517 -3.904417 4.703183 19 1
-0.666100 -3.785100 4.831600 19 1
-0.638133 -4.198767 4.453633 18 1
-0.644900 -4.148100 4.702700 20 1
-0.731733 -4.090900 3.901800 15 1
-0.680000 -3.994200 4.627800 19 1
-0.699850 -4.111750 4.637500 21 1
-0.666500 -4.112900 4.640400 21 1
-0.813700 -3.778960 4.285300 17 1
-0.746000 -4.066000 4.162000 17 1
-0.679700 -4.095200 4.168700 0 0
-0.831900 -3.895800 3.953050 11 1
-0.690680 -4.166820 4.409340 18 1
-0.820900 -3.927000 3.940000 11 1
-0.687300 -3.891100 4.684900 19 1
-0.686480 -4.145680 4.349080 18 1
-0.692500 -4.110500 4.864700 0 0
-0.643900 -4.226000 5.088500 13 1
-0.649100 -4.164000 4.411500 18 1
-0.653100 -4.181900 5.023900 13 1
-0.846575 -3.787950 4.286100 17 1
-0.666100 -4.204875 4.448175 18 1
-0.619700 -4.211100 4.455100 18 1
-0.670300 -4.195700 5.047400 13 1
-0.686300 -3.808000 4.803800 19 1
-0.592350 -4.409000 4.550800 18 1
-0.663500 -4.150100 4.358700 18 1
-0.689800 -4.101400 3.985200 0 0
-0.474450 -4.032100 4.070450 14 1
-0.641850 -4.250225 4.480500 18 1
-0.666350 -4.267100 4.503650 18 1
-0.573325 -4.078475 3.994825 14 1
-0.569525 -4.303600 4.946350 21 1
-0.641700 -4.147600 4.121600 16 1
-0.703150 -4.085950 3.919900 0 0
-0.693433 -3.961633 4.640067 19 1
-0.565200 -4.273300 4.869100 20 1
-0.690860 -4.089140 4.055020 0 0
-0.668925 -4.159400 4.721250 21 1
-0.265000 -4.332100 4.187100 16 1
-0.700000 -4.045100 3.942800 15 1
-0.582925 -4.187150 4.199125 16 1
-0.674400 -4.100900 4.429600 0 0
-0.653200 -4.187100 4.745350 20 1
-0.633400 -4.185500 4.421900 18 1
-0.627150 -4.230900 4.787000 20 1
-0.612750 -4.066875 3.950200 14 1
-0.564640 -4.250240 4.906600 21 1
-0.697200 -4.006700 4.597600 19 1
-0.602500 -4.093800 3.955100 14 1
-0.553500 -4.272800 4.919700 21 1
-0.596400 -4.439200 4.560000 18 1
-0.685200 -4.135700 4.952200 13 1
-0.712200 -4.092600 3.725200 0 0
-0.712000 -3.980300 4.617200 19 1
-0.768267 -3.911467 4.262100 17 1
-0.660950 -4.157100 4.695550 20 1
-0.725200 -4.088200 3.669000 0 0
-0.618100 -4.239800 4.806100 20 1
-0.663617 -4.102717 4.313317 18 1
-0.866600 -3.785450 4.284350 17 1
-0.774700 -3.954000 4.230500 17 1
-0.727200 -4.106300 3.472850 0 0
-0.667225 -3.877825 4.742850 19 1
-0.827700 -3.746100 4.291567 17 1
-0.726675 -4.087275 3.929500 15 1
-0.338650 -4.037950 4.056150 14 1
-0.537680 -4.171900 4.234280 16 1
-0.859300 -3.751000 4.288400 17 1
-0.612500 -4.139933 4.145500 16 1
-0.659400 -3.836900 4.798200 19 1
-0.723600 -4.104600 3.687000 0 0
-0.672757 -4.132786 4.079729 16 1
-0.743800 -4.073500 3.694750 11 1
-0.541500 -4.268100 4.879250 20 1
-0.573750 -4.238950 4.886400 21 1
-0.328500 -4.282600 4.279600 16 1
-0.362683 -4.294917 4.286917 16 1
-0.667700 -3.809600 4.813100 19 1
-0.670900 -3.942200 4.658600 19 1
-0.855000 -3.820500 4.272000 17 1
-0.664200 -4.080300 3.899650 14 1
-0.660625 -4.133925 4.099850 16 1
-0.679200 -4.122600 4.052600 16 1
-0.685150 -4.097950 4.589300 0 0
-0.748500 -3.955400 4.211700 17 1
-0.766400 -4.045300 4.177200 17 1
-0.552150 -4.175150 4.219725 16 1
-0.667400 -4.209900 5.068300 13 1
-0.745550 -4.042900 3.989550 15 1
-0.617400 -4.176400 4.760500 20 1
-0.681360 -4.121980 4.646020 21 1
-0.662400 -4.188150 4.780650 21 1
-0.684700 -4.151900 4.976400 13 1
-0.667400 -4.043200 4.900200 12 1
-0.405167 -4.235600 4.314400 16 1
-0.667400 -4.145800 4.669900 20 1
-0.724200 -4.111100 3.801500 0 0
-0.590200 -4.071700 3.979100 14 1
-0.694800 -4.140900 4.988600 0 0
-0.658700 -4.065900 4.907300 12 1
-0.663150 -4.138200 4.337000 18 1
-0.601075 -4.181425 4.175175 16 1
-0.745100 -3.991200 4.196800 17 1
-0.607000 -4.241500 4.886075 21 1
-0.651687 -4.162500 4.752037 21 1
-0.684475 -3.850550 4.762900 19 1
-0.582500 -4.291150 4.929000 21 1
-0.611900 -4.252100 4.872100 21 1
-0.685567 -4.087800 4.790833 12 1
-0.622600 -4.099700 3.938100 14 1
-0.710850 -4.067100 4.496750 19 1
-0.337800 -4.299400 4.259900 16 1
-0.687800 -4.102700 4.445700 0 0
-0.618475 -4.213250 4.848225 21 1
-0.439200 -4.223800 4.314850 16 1
-0.652100 -3.851500 4.770900 19 1
-0.439600 -4.026000 4.077100 14 1
-0.633271 -4.186429 4.790529 21 1
-0.682000 -4.078750 4.263000 18 1
-0.771000 -4.008000 4.042300 15 1
-0.679700 -4.093700 4.478400 0 0
-0.689400 -4.075400 4.439467 19 1
-0.744600 -4.105233 3.447400 0 0
-0.676300 -4.097900 4.611300 21 1
-0.732950 -4.090450 3.592450 0 0
-0.455933 -4.240600 4.289833 16 1
-0.693460 -4.111980 4.844130 0 0
-0.654456 -4.132989 4.700200 21 1
-0.665550 -4.079550 4.291450 18 1
-0.685575 -4.093925 3.848125 14 1
-0.698500 -3.893700 4.702300 19 1
-0.694433 -4.085933 4.199633 0 0
-0.687714 -4.100229 4.529329 0 0
-0.699800 -4.086400 3.974000 0 0
-0.702150 -4.110100 4.018300 16 1
-0.688000 -4.096450 4.024750 16 1
-0.738700 -4.082450 3.659600 11 1
-0.505900 -4.197800 4.254700 16 1
-0.674200 -4.103200 4.819000 12 1
-0.670433 -4.039033 4.945900 12 1
-0.658700 -4.235000 5.087300 13 1
-0.554600 -4.297200 4.889600 20 1
-0.708012 -4.099963 3.929188 0 0
-0.663780 -4.017060 4.577340 19 1
-0.602900 -4.240600 4.835000 20 1
-0.546787 -4.066838 4.016862 14 1
-0.603971 -4.291971 4.502100 18 1
-0.666025 -4.100725 4.061075 16 1
-0.630000 -4.209500 4.785200 20 1
-0.548800 -4.333800 4.918800 20 1
-0.792900 -3.927500 4.241600 17 1
-0.554700 -4.087850 4.016900 14 1
-0.676175 -4.126525 4.340550 18 1
-0.665525 -4.247450 4.475375 18 1
-0.683500 -4.124200 4.896200 0 0
-0.629200 -4.235700 4.462900 18 1
-0.563300 -4.310800 4.903200 20 1
-0.724600 -4.086400 3.713000 0 0
-0.581467 -4.101000 3.995500 14 1
-0.607100 -4.316600 4.515500 18 1
-0.759200 -4.013450 4.012950 15 1
-0.633800 -4.282000 4.494700 18 1
-0.669329 -4.067400 4.871486 12 1
-0.603700 -4.208720 4.838120 21 1
-0.662800 -4.148900 4.996400 13 1
-0.660750 -4.121183 4.348667 18 1
-0.651950 -4.151300 4.389900 18 1
-0.629200 -4.157700 4.732900 20 1
-0.475200 -4.243467 4.286600 16 1
-0.754033 -4.051533 4.165700 17 1
-0.779600 -4.040700 3.810000 11 1
-0.563500 -4.539600 4.563100 18 1
-0.693300 -4.078183 4.832150 12 1
-0.674225 -4.102625 3.881150 14 1
-0.671350 -4.097050 4.843850 12 1
-0.649067 -4.193967 4.423233 18 1
-0.349700 -4.278700 4.290900 16 1
-0.461000 -4.264200 4.298400 16 1
-0.677500 -4.027500 4.578600 19 1
-0.324950 -4.031350 4.043100 14 1
-0.675400 -4.065100 4.496083 19 1
-0.493000 -4.211450 4.264300 16 1
-0.689700 -4.153500 4.687100 21 1
-0.606800 -4.338800 4.527200 18 1
-0.630300 -4.163250 4.763275 21 1
-0.612525 -4.171963 4.158038 16 1
-0.756100 -4.015500 3.817450 11 1
-0.735550 -3.998325 4.982200 12 1
-0.530100 -4.057100 4.010100 14 1
-0.693250 -4.078450 4.472550 19 1
-0.696120 -4.060400 4.504260 19 1
-0.785500 -3.997800 3.861700 11 1
-0.628100 -4.179300 4.449900 18 1
-0.656850 -4.165850 5.021400 13 1
-0.654300 -4.074850 3.913350 14 1
-0.638650 -4.201000 4.802450 21 1
-0.870600 -3.764700 4.290200 17 1
-0.690000 -4.089100 4.083500 0 0
-0.425400 -4.265400 4.304200 16 1
-0.661650 -4.058000 4.927500 12 1
-0.590300 -4.259000 4.911800 21 1
-0.732675 -4.034450 3.787650 11 1
-0.607200 -4.180350 4.785000 21 1
-0.830600 -3.777500 4.287400 17 1
-0.673400 -4.107000 4.487600 0 0
-0.575367 -4.274100 4.927400 21 1
-0.712567 -4.094467 3.826967 0 0
-0.525200 -4.189600 4.239700 16 1
-0.506825 -4.222800 4.271150 16 1
-0.754500 -4.081750 3.733650 11 1
-0.609600 -4.207300 4.796800 20 1
-0.709150 -4.078150 3.902600 15 1
-0.701300 -4.099700 4.135200 0 0
-0.574300 -4.238500 4.846100 20 1
-0.687850 -4.061200 3.913700 15 1
-0.683400 -4.124300 4.869600 0 0
-0.674700 -4.099650 4.397550 0 0
-0.699467 -4.081433 4.001933 0 0
-0.705600 -4.037800 4.518150 19 1
-0.673567 -4.032000 4.914133 12 1
-0.773300 -4.008900 3.841800 11 1
-0.633600 -4.309350 4.519600 18 1
-0.705700 -4.100400 4.003800 8 0
-0.746350 -4.102750 3.401150 0 0
-0.728950 -4.101300 3.702150 0 0
-0.771300 -4.007400 4.075300 15 1
-0.538200 -4.338300 4.964900 21 1
-0.604700 -4.479800 4.563800 18 1
-0.687387 -4.094037 4.112287 0 0
-0.661220 -4.109360 4.077040 16 1
-0.620600 -4.254600 4.487600 18 1
-0.600633 -4.228033 4.865167 21 1
-0.809100 -3.868900 3.967200 11 1
-0.753000 -4.029300 3.806600 11 1
-0.668200 -4.122400 4.625000 20 1
-0.543667 -4.315567 4.948733 21 1
-0.626700 -4.337150 4.521900 18 1
-0.731300 -4.090100 3.640100 11 1
-0.730500 -4.071300 3.715900 11 1
-0.593900 -4.258550 4.852500 20 1
-0.727700 -4.084600 3.946100 15 1
-0.675480 -4.038100 4.544620 19 1
-0.695200 -3.864400 4.733800 19 1
-0.588900 -4.093600 3.967500 14 1
-0.597833 -4.146867 4.160100 16 1
-0.675900 -4.105600 4.664900 0 0
-0.378150 -4.038000 4.079000 14 1
-0.381800 -4.286250 4.304325 16 1
-0.660200 -3.988000 4.629200 19 1
-0.738280 -4.097420 3.653580 11 1
-0.687900 -4.084367 4.807967 12 1
-0.683900 -4.059100 4.875300 12 1
-0.692400 -4.097900 3.899400 0 0
-0.689300 -4.164400 4.988100 13 1
-0.721800 -4.102600 3.622100 0 0
-0.746867 -4.075600 3.995633 15 1
-0.638300 -4.203300 4.772900 20 1
-0.676500 -4.177200 4.400300 18 1
-0.672883 -4.013183 4.961167 12 1
-0.570225 -4.160225 4.198675 16 1
-0.641400 -3.932300 4.669700 19 1
-0.615200 -4.373100 4.534100 18 1
-0.770450 -4.056850 3.781550 11 1
-0.681488 -4.043163 4.889800 12 1
-0.644700 -4.233700 4.457300 18 1
-0.672800 -4.142600 4.981700 13 1
-0.655050 -4.257250 4.491250 18 1
-0.649333 -3.787667 4.823800 19 1
-0.696550 -4.133400 4.326100 18 1
-0.458800 -4.047100 4.068800 14 1
-0.673250 -4.141450 4.370417 18 1
-0.558382 -4.249982 4.855982 20 1
-0.624363 -4.225725 4.859413 21 1
-0.550200 -4.201150 4.229950 16 1
-0.787500 -3.956400 3.899100 11 1
-0.659567 -4.174917 4.763317 21 1
-0.651325 -4.195400 4.445450 18 1
-0.695000 -4.081900 3.857300 14 1
-0.681700 -4.063850 4.844150 12 1
-0.690567 -4.061833 4.475067 19 1
-0.737100 -4.068900 4.149200 17 1
-0.663133 -3.956000 4.658100 19 1
-0.597200 -4.250800 4.899900 21 1
-0.721800 -4.082900 3.911500 15 1
-0.696550 -4.099475 4.793300 12 1
-0.750100 -4.043100 3.776900 11 1
-0.417850 -4.286850 4.309050 16 1
-0.752650 -4.087700 3.716100 11 1
-0.650900 -3.903600 4.720200 19 1
-0.657300 -4.075500 4.883700 12 1
-0.642850 -4.182050 4.778775 21 1
-0.613100 -4.404600 4.540200 18 1
-0.675712 -4.147900 4.697050 21 1
-0.610500 -4.168700 4.772950 21 1
-0.620500 -4.202700 4.817200 21 1
-0.706400 -4.021200 4.570400 19 1
-0.689233 -4.103933 4.718200 0 0
-0.708457 -4.009729 4.983371 12 1
-0.642600 -4.172900 4.423500 18 1
-0.681900 -3.926400 4.680200 19 1
-0.586700 -4.375800 4.548700 18 1
-0.672100 -4.095600 4.642700 21 1
-0.282800 -4.300300 4.226600 16 1
-0.660160 -4.172300 4.400320 18 1
-0.605600 -4.239900 4.470700 18 1
-0.648275 -4.122100 4.094250 16 1
-0.690800 -3.884700 4.730900 19 1
-0.462220 -4.072380 4.073520 14 1
-0.687340 -4.040500 4.520200 19 1
-0.756150 -3.991300 4.982600 12 1
-0.723625 -4.101050 3.734225 0 0
-0.653300 -4.117800 4.658000 20 1
-0.811400 -3.950600 3.917800 11 1
-0.655633 -3.985533 4.647033 19 1
-0.754100 -4.099700 3.418300 0 0
-0.701675 -4.136050 4.662250 21 1
-0.788200 -3.938800 3.909000 11 1
-0.668900 -4.156500 4.390800 18 1
-0.677400 -4.015400 4.606700 19 1
-0.678500 -4.077400 4.455500 19 1
-0.672600 -4.085900 4.278500 18 1
-0.666325 -4.076100 4.856100 12 1
-0.696400 -4.125200 4.921100 0 0
-0.284500 -4.330900 4.207700 16 1
-0.679300 -4.096033 4.184967 0 0
-0.568600 -4.221750 4.854050 21 1
-0.619500 -4.307100 4.525500 18 1
-0.737300 -4.105500 3.489500 0 0
-0.580300 -4.213600 4.799600 20 1
-0.640500 -4.096700 3.925000 14 1
-0.658000 -4.208100 4.435500 18 1
-0.734200 -4.103900 3.602500 0 0
-0.655900 -3.882000 4.728500 19 1
-0.677250 -4.097900 4.505200 0 0
-0.677500 -4.110800 4.739400 0 0
-0.486620 -4.403000 4.948560 20 1
-0.623600 -4.157200 4.142900 16 1
-0.710340 -4.091060 3.842380 0 0
-0.719900 -4.100300 3.854300 0 0
-0.668000 -4.161300 5.004700 13 1
-0.630667 -4.295300 4.503000 18 1
-0.590850 -4.177350 4.186600 16 1
-0.710200 -4.112300 3.814800 14 1
-0.608900 -4.422600 4.534700 18 1
-0.641933 -4.135200 4.691367 20 1
-0.610100 -4.298300 4.516500 18 1
-0.691800 -3.990300 4.966200 12 1
-0.595300 -4.266600 4.482000 18 1
-0.660250 -4.183600 4.427150 18 1
-0.679050 -4.195900 5.020900 13 1
-0.671750 -4.084950 4.828900 12 1
-0.676400 -4.108500 4.835200 12 1
-0.396167 -4.282833 4.311167 16 1
-0.653700 -4.144800 4.112700 16 1
-0.523300 -4.319067 4.915767 20 1
-0.636200 -4.144700 4.715550 20 1
-0.587300 -4.154400 4.180300 16 1
-0.684000 -4.110300 4.618200 21 1
-0.607700 -4.223100 4.812700 20 1
-0.693412 -4.103350 4.049212 0 0
-0.600883 -4.064100 3.971467 14 1
-0.560100 -4.285800 4.935200 21 1
-0.675100 -4.115100 4.678900 0 0
-0.315167 -4.043400 4.039467 14 1
-0.665500 -4.223250 5.060100 13 1
-0.671775 -4.163150 4.735625 21 1
-0.579200 -4.266200 4.870200 20 1
-0.591763 -4.102437 3.980400 14 1
-0.831233 -3.878533 3.954000 11 1
-0.621650 -4.384500 4.541550 18 1
-0.638500 -4.213050 4.831400 21 1
-0.782200 -4.028700 3.818700 11 1
-0.629400 -4.210200 4.443600 18 1
-0.621225 -4.151400 4.750525 21 1
-0.728900 -4.104700 3.662800 0 0
-0.672500 -3.914700 4.705400 19 1
-0.526500 -4.300300 4.897500 20 1
-0.763500 -4.034500 3.797200 11 1
-0.646800 -4.187500 5.053100 13 1
-0.717650 -4.069350 3.938300 15 1
-0.307190 -4.312870 4.229140 16 1
-0.706500 -4.043600 4.532600 19 1
-0.486975 -4.072200 4.057625 14 1
-0.609580 -4.189520 4.771940 20 1
-0.667700 -4.121600 4.313700 18 1
-0.693200 -4.103100 4.092400 0 0
-0.574800 -4.268500 4.908200 21 1
-0.733300 -4.106200 3.899700 15 1
-0.739300 -4.023400 3.797000 11 1
-0.831600 -3.900600 4.272800 17 1
-0.692400 -4.015000 4.583800 19 1
-0.626100 -4.075300 3.940500 14 1
-0.708100 -4.098700 3.972500 0 0
-0.652400 -4.246900 4.466033 18 1
-0.588400 -4.234583 4.832700 20 1
-0.666357 -4.235200 4.451086 18 1
-0.695850 -4.122900 4.904350 0 0
-0.670700 -4.019800 4.935250 12 1
-0.674733 -4.028067 4.962733 12 1
-0.420000 -4.040100 4.078000 14 1
-0.702262 -4.087850 4.454500 19 1
-0.660529 -4.180757 5.036871 13 1
-0.765733 -4.065467 4.010333 15 1
-0.558867 -4.258500 4.917467 21 1
-0.654729 -4.015900 4.589014 19 1
-0.680920 -4.103200 4.793280 9 0
-0.656100 -4.028300 4.530200 19 1
-0.657700 -4.032900 4.571300 19 1
-0.675967 -4.131200 4.672900 21 1
-0.692200 -4.091550 4.236150 0 0
-0.715467 -4.097600 3.709900 0 0
-0.702486 -4.025814 4.553229 19 1
-0.670700 -3.973900 4.643700 19 1
-0.591850 -4.220533 4.790850 20 1
-0.622300 -4.264400 4.498500 18 1
-0.540400 -4.303150 4.901800 20 1
-0.806700 -3.892000 3.951900 11 1
-0.573183 -4.187583 4.211133 16 1
-0.819900 -3.866450 3.957400 11 1
-0.560625 -4.166375 4.211050 16 1
-0.680500 -4.108600 4.638900 21 1
-0.618440 -4.183500 4.793960 21 1
-0.785000 -4.019600 4.184900 17 1
-0.567350 -4.283450 4.892375 20 1
-0.731567 -4.091500 3.622900 0 0
-0.722500 -4.044000 3.956450 15 1
-0.547900 -4.330300 4.953400 21 1
-0.802900 -3.907900 3.943600 11 1
-0.501275 -4.046150 4.049000 14 1
-0.671750 -4.147850 4.345783 18 1
-0.777500 -3.989467 4.990567 12 1
-0.652233 -4.088667 3.897067 14 1
-0.525000 -4.336800 4.928700 20 1
-0.686700 -4.116500 4.041600 16 1
-0.621600 -4.175500 4.421150 18 1
-0.659400 -4.163300 4.991800 13 1
-0.814500 -3.806300 4.279200 17 1
-0.730500 -4.092500 3.555100 0 0
-0.570843 -4.195929 4.222886 16 1
-0.741600 -4.062700 3.727500 11 1
-0.671825 -3.886175 4.729625 19 1
-0.672750 -4.092000 4.039600 16 1
-0.589000 -4.215400 4.846200 21 1
-0.506922 -4.079000 4.039889 14 1
-0.681357 -4.088171 4.403543 0 0
-0.664450 -3.770450 4.838700 19 1
-0.603100 -4.111200 3.953300 14 1
-0.675575 -4.165100 4.709250 21 1
-0.767500 -4.013500 4.196100 17 1
-0.557500 -4.263100 4.877600 20 1
-0.282392 -4.312492 4.201950 16 1
-0.666400 -3.905733 4.720833 19 1
-0.627400 -4.232100 4.476900 18 1
-0.722900 -4.107650 3.572500 0 0
-0.662633 -3.847333 4.783300 19 1
-0.686500 -4.036000 4.974600 12 1
-0.826750 -3.848000 3.960400 11 1
-0.518350 -4.051150 4.036450 14 1
-0.713800 -4.006300 4.597800 19 1
-0.645450 -4.178100 5.035550 13 1
-0.649200 -4.103500 4.313500 18 1
-0.729367 -4.073133 3.694667 11 1
-0.686000 -4.095700 4.215900 0 0
-0.682533 -4.109800 4.597333 0 0
-0.638700 -4.214200 5.079200 13 1
-0.836800 -3.846800 4.276200 17 1
-0.771100 -3.925700 4.250550 17 1
-0.618300 -4.217700 4.783400 20 1
-0.681250 -4.091100 4.340450 0 0
-0.642600 -4.148386 4.736657 21 1
-0.538100 -4.318800 4.918800 20 1
-0.734750 -4.086300 3.917650 15 1
-0.679700 -4.102500 4.306500 18 1
-0.680400 -4.086400 4.371200 0 0
-0.727000 -4.098500 3.755600 0 0
-0.657500 -4.023300 4.553350 19 1
-0.687450 -4.125850 4.659500 21 1
-0.674400 -4.114500 3.868700 14 1
-0.600000 -4.194600 4.169700 16 1
-0.642300 -4.220500 4.465980 18 1
-0.647000 -4.209250 4.792850 21 1
-0.680480 -4.019460 4.910260 12 1
-0.515500 -4.331233 4.914300 20 1
-0.607600 -4.236800 4.816800 20 1
-0.849050 -3.869150 3.955650 11 1
-0.409600 -4.062900 4.082000 14 1
-0.731600 -4.098600 3.676800 0 0
-0.754900 -3.934600 4.242400 17 1
-0.622500 -4.164300 4.400600 18 1
-0.718900 -4.091800 3.681300 0 0
-0.791500 -3.905900 4.255450 17 1
-0.677680 -3.998320 4.612800 19 1
-0.736600 -4.051900 3.735300 11 1
-0.688800 -4.067300 4.856100 12 1
-0.655600 -4.092500 4.087100 16 1
-0.699250 -3.988650 4.616600 19 1
-0.768900 -4.018900 3.823000 11 1
-0.684300 -3.981300 4.616600 19 1
-0.679333 -3.842167 4.773367 19 1
-0.502100 -4.352500 4.926267 20 1
-0.681550 -3.784200 4.825700 19 1
-0.812450 -3.890600 4.263450 17 1
-0.686500 -4.107700 3.844200 14 1
-0.666650 -4.118150 3.896300 14 1
-0.731050 -4.081850 3.972150 15 1
-0.648600 -4.122800 4.356600 18 1
-0.784800 -3.974650 4.988450 12 1
-0.703100 -4.093700 4.060400 0 0
-0.647600 -4.133800 4.676700 20 1
-0.741200 -4.096300 3.428500 0 0
-0.636200 -4.158100 4.405700 18 1
-0.673800 -4.058450 4.899200 12 1
-0.379150 -4.251150 4.314900 16 1
-0.654500 -4.106100 4.666960 21 1
-0.668900 -4.133400 4.658200 20 1
-0.681650 -4.161650 4.397150 18 1
-0.857500 -3.841700 3.958600 11 1
-0.708300 -4.056200 3.930500 15 1
-0.591033 -4.240000 4.892733 21 1
-0.681200 -4.171133 4.742467 21 1
-0.601800 -4.203600 4.785400 20 1
-0.679800 -3.982100 4.634900 19 1
-0.522400 -4.215850 4.254550 16 1
-0.398400 -4.264550 4.311450 16 1
-0.697033 -4.085800 4.821000 12 1
-0.637700 -3.910700 4.696100 19 1
-0.666529 -3.863086 4.762886 19 1
-0.664000 -4.220250 4.454050 18 1
-0.556050 -4.310675 4.957650 21 1
-0.789950 -3.922900 3.922900 11 1
-0.588500 -4.226800 4.813200 20 1
-0.672900 -4.184050 4.433050 18 1
-0.354083 -4.301733 4.278283 16 1
-0.748300 -4.015700 4.000900 15 1
-0.680600 -4.150300 4.669400 20 1
-0.502200 -4.068100 4.047200 14 1
-0.486600 -4.046550 4.059450 14 1
-0.666483 -4.138567 4.688200 21 1
-0.689500 -4.008500 4.609100 19 1
-0.629100 -4.155800 4.380600 18 1
-0.499160 -4.232540 4.283300 16 1
-0.730150 -4.103700 3.407250 0 0
-0.701667 -4.135433 4.961067 13 1
-0.742900 -4.066700 3.985700 15 1
-0.654400 -4.003000 4.615500 19 1
-0.617600 -4.197500 4.451000 18 1
-0.598500 -4.193800 4.810700 21 1
-0.682200 -4.127700 4.318700 18 1
-0.690300 -4.104300 3.913000 0 0
-0.712800 -4.099500 3.805300 0 0
-0.804100 -3.830600 4.269600 17 1
-0.798900 -3.997200 3.884900 11 1
-0.598800 -4.356700 4.539000 18 1
-0.309367 -4.033500 4.022600 14 1
-0.682100 -3.938800 4.665900 19 1
-0.686743 -4.102086 4.514286 0 0
-0.478300 -4.225133 4.274367 16 1
-0.682300 -4.096125 4.155175 0 0
-0.758700 -4.046400 3.788400 11 1
-0.729567 -4.106700 3.443400 0 0
-0.682400 -4.152600 4.327600 18 1
-0.638700 -4.246200 4.467100 18 1
-0.686660 -4.006640 4.967380 12 1
-0.438433 -4.060800 4.076733 14 1
-0.668933 -4.009433 4.591367 19 1
-0.715900 -4.102000 3.883000 0 0
-0.663700 -3.797300 4.823200 19 1
-0.648100 -4.109800 4.333500 18 1
-0.602650 -4.240300 4.872250 21 1
-0.741000 -4.102500 3.382800 0 0
-0.519800 -4.070500 4.029800 14 1
-0.787000 -3.975600 3.882700 11 1
-0.678157 -4.097843 4.256500 0 0
-0.500700 -4.391400 4.943700 20 1
-0.619033 -4.130333 4.127500 16 1
-0.369600 -4.267978 4.304689 16 1
-0.700600 -4.110800 3.824400 14 1
-0.668875 -4.035300 4.532175 19 1
-0.679300 -4.113800 4.811600 0 0
-0.336000 -4.054100 4.055600 14 1
-0.516300 -4.201950 4.246200 16 1
-0.662100 -3.933600 4.685000 19 1
-0.660175 -4.106175 3.911100 14 1
-0.545600 -4.286600 4.895500 20 1
-0.776850 -4.061100 4.028150 15 1
-0.687625 -3.863325 4.745425 19 1
-0.696157 -4.016157 4.976243 12 1
-0.665100 -3.909100 4.693800 19 1
-0.678467 -4.167033 4.415367 18 1
-0.697000 -4.090300 4.434400 19 1
-0.631900 -4.128500 4.721700 21 1
-0.707100 -3.934600 4.675000 19 1
-0.668200 -4.250000 4.462100 18 1
-0.608700 -4.167900 4.752700 20 1
-0.665767 -4.110133 4.324667 18 1
-0.707500 -4.091950 3.869025 0 0
-0.660300 -4.166200 4.386800 18 1
-0.638400 -4.188500 4.443400 18 1
-0.557400 -4.302250 4.939500 21 1
-0.688900 -4.089200 4.445400 19 1
-0.677500 -4.105100 4.283767 18 1
-0.761250 -3.974550 4.215500 17 1
-0.695750 -4.157800 4.377150 18 1
-0.698850 -4.145250 4.976450 13 1
-0.633200 -4.198150 4.814500 21 1
-0.707800 -3.980400 4.630300 19 1
-0.666433 -4.049000 4.514400 19 1
-0.816660 -3.914260 3.938540 11 1
-0.677967 -4.127400 4.067700 16 1
-0.558000 -4.234200 4.881300 21 1
-0.723600 -4.104025 3.635400 0 0
-0.687600 -4.115500 4.307700 18 1
-0.827500 -3.829500 4.278600 17 1
-0.612367 -4.194000 4.810733 21 1
-0.605500 -4.436033 4.542200 18 1
-0.675083 -4.175433 4.757000 21 1
-0.612100 -4.220675 4.861625 21 1
-0.687200 -4.084850 4.016383 16 1
-0.685357 -4.103229 4.559200 0 0
-0.465600 -4.060600 4.068033 14 1
-0.636400 -4.194600 4.431300 18 1
-0.314800 -4.325500 4.231200 16 1
-0.682150 -4.025167 4.565200 19 1
-0.752000 -4.068600 3.733600 11 1
-0.320100 -4.018900 4.043600 14 1
-0.726050 -4.106317 3.788617 0 0
-0.362650 -4.030950 4.074300 14 1
-0.639500 -4.190033 4.757233 20 1
-0.650400 -4.217200 4.441900 18 1
-0.590950 -4.252600 4.888250 21 1
-0.675533 -4.087967 4.816467 12 1
-0.517300 -4.309300 4.901000 20 1
-0.321100 -4.275700 4.270200 16 1
-0.482200 -4.202200 4.256600 16 1
-0.672800 -4.211100 5.042300 13 1
-0.678050 -4.180025 5.015375 13 1
-0.702600 -3.989500 4.975400 12 1
-0.624600 -4.202100 5.066500 13 1
-0.638300 -4.337000 4.514850 18 1
-0.336030 -4.289500 4.268610 16 1
-0.699900 -4.089600 4.110300 0 0
-0.739300 -4.095400 3.466400 0 0
-0.750850 -4.093433 3.683033 11 1
-0.712220 -4.091520 3.908240 0 0
-0.702420 -4.031400 4.538620 19 1
-0.687850 -4.095300 4.277050 18 1
-0.740500 -4.079000 3.672900 11 1
-0.850300 -3.836400 4.269000 17 1
-0.465650 -4.252850 4.293300 16 1
-0.351550 -4.046175 4.071000 14 1
-0.738225 -4.088250 3.953325 15 1
-0.687920 -4.099340 3.863240 14 1
-0.655450 -4.159150 4.400900 18 1
-0.654480 -3.923240 4.689080 19 1
-0.682700 -4.147250 4.361700 18 1
-0.685000 -4.115000 4.784933 12 1
-0.528900 -4.360350 4.934650 20 1
-0.669500 -4.111300 4.052467 16 1
-0.657000 -4.286100 4.504400 18 1
-0.297000 -4.036100 4.016700 14 1
-0.612800 -4.099100 3.947000 14 1
-0.747350 -4.043250 4.157025 17 1
-0.665200 -4.147500 4.104100 16 1
-0.769500 -4.019300 4.033200 15 1
-0.776700 -4.013400 4.054400 15 1
-0.622700 -4.276800 4.489700 18 1
-0.630450 -4.165225 4.422050 18 1
-0.480414 -4.060943 4.061600 14 1
-0.657900 -3.892700 4.717700 19 1
-0.686100 -4.107600 4.017700 16 1
-0.622150 -4.138800 4.737000 21 1
-0.666200 -3.968600 4.654900 19 1
-0.664000 -4.064600 4.892900 12 1
-0.838500 -3.827900 3.957400 11 1
-0.704800 -3.969500 4.642700 19 1
-0.834467 -3.859833 4.273700 17 1
-0.678000 -4.134700 4.646200 20 1
-0.699933 -4.090933 3.950467 0 0
-0.611500 -4.076500 3.959050 14 1
-0.675950 -4.073300 4.833500 12 1
-0.654875 -4.174350 4.419125 18 1
-0.672500 -4.114333 4.651967 21 1
-0.727267 -4.106267 3.458667 0 0
-0.664700 -4.122700 4.077500 16 1
-0.546200 -4.271700 4.930700 21 1
-0.582900 -4.229000 4.871567 21 1
-0.688467 -4.046400 4.508333 19 1
-0.657400 -4.177350 4.709650 20 1
-0.762150 -3.950400 4.229875 17 1
-0.670100 -4.197200 5.033100 13 1
-0.630750 -4.211100 4.819917 21 1
-0.745200 -4.068900 3.706900 11 1
-0.831375 -3.806600 4.283325 17 1
-0.681367 -4.106200 4.766733 0 0
-0.739850 -4.092650 3.928650 15 1
-0.576525 -4.153775 4.187625 16 1
-0.608000 -4.279800 4.494300 18 1
-0.668967 -4.045300 4.922433 12 1
-0.452500 -4.225200 4.295600 16 1
-0.272950 -4.322150 4.184350 16 1
-0.681250 -3.965400 4.637400 19 1
-0.683925 -4.098075 4.810950 12 1
-0.303100 -4.321300 4.215100 16 1
-0.729433 -3.986500 4.980233 12 1
-0.621000 -4.180800 4.433000 18 1
-0.707700 -4.100633 4.799867 12 1
-0.692100 -4.093700 4.417900 0 0
-0.633625 -4.067250 3.929400 14 1
-0.636000 -4.175900 4.434800 18 1
-0.642000 -4.136000 4.372550 18 1
-0.677500 -4.103000 4.457400 0 0
-0.639950 -4.207333 4.463167 18 1
-0.739550 -4.064250 3.959000 15 1
-0.668700 -4.153900 4.976900 13 1
-0.594500 -4.452000 4.560200 18 1
-0.607600 -4.315900 4.531300 18 1
-0.633267 -4.253400 4.489933 18 1
-0.662000 -4.015700 4.602900 19 1
-0.620200 -4.291900 4.510800 18 1
-0.720000 -4.093800 3.592000 0 0
-0.581200 -4.258300 4.849000 20 1
-0.274500 -4.333700 4.178500 16 1
-0.687100 -3.889500 4.712000 19 1
-0.759775 -3.988775 4.208525 17 1
-0.686200 -4.114000 4.688100 0 0
-0.600775 -4.159000 4.163350 16 1
-0.603200 -4.306200 4.524000 18 1
-0.660600 -4.129875 4.358162 18 1
-0.757600 -3.978700 4.984800 12 1
-0.678350 -4.108050 4.706300 0 0
-0.699700 -4.025300 4.581300 19 1
-0.654400 -3.910400 4.708100 19 1
-0.537933 -4.201167 4.238233 16 1
-0.695250 -4.093450 4.000200 16 1
-0.537800 -4.206300 4.251800 16 1
-0.681250 -4.100250 4.385000 0 0
-0.727300 -4.074300 3.667800 11 1
-0.688175 -4.106525 4.580250 0 0
-0.791400 -3.989500 3.877900 11 1
-0.665333 -4.175333 5.018567 13 1
-0.351700 -4.319000 4.278800 16 1
-0.645580 -4.265060 4.483880 18 1
-0.327600 -4.310000 4.253867 16 1
-0.662000 -4.088500 4.838500 12 1
-0.661800 -3.745300 4.851700 19 1
-0.667000 -4.099900 4.301100 18 1
-0.534100 -4.306000 4.957700 21 1
-0.627500 -4.357700 4.523767 18 1
-0.609350 -4.381100 4.542250 18 1
-0.447367 -4.042733 4.072467 14 1
-0.674300 -4.146000 4.078700 16 1
-0.675900 -4.013300 4.580500 19 1
-0.521740 -4.349300 4.927900 20 1
-0.658400 -4.119500 4.674000 21 1
-0.667050 -4.208150 5.054500 13 1
-0.648233 -4.157600 4.379000 18 1
-0.630700 -4.134600 4.700300 20 1
-0.693800 -3.919633 4.687367 19 1
-0.543500 -4.281100 4.884200 20 1
-0.669600 -4.028186 4.550186 19 1
-0.662350 -4.028900 4.583500 19 1
-0.817300 -3.876800 4.270000 17 1
-0.669450 -3.923500 4.680700 19 1
-0.710367 -4.098133 3.947000 0 0
-0.648100 -4.140200 4.362200 18 1
-0.486425 -4.237175 4.280125 16 1
-0.294233 -4.295600 4.229622 16 1
-0.680800 -3.997400 4.600100 19 1
-0.789540 -3.904860 3.938180 11 1
-0.369425 -4.312400 4.295225 16 1
-0.681000 -4.085500 4.232200 0 0
-0.609000 -4.468100 4.556900 18 1
-0.591400 -4.290800 4.500800 18 1
-0.618500 -4.111700 3.934000 14 1
-0.661400 -4.000350 4.639950 19 1
-0.261167 -4.313500 4.185000 16 1
-0.570525 -4.147050 4.172300 16 1
-0.625100 -4.113900 4.109700 16 1
-0.695800 -4.028233 4.980033 12 1
-0.577200 -4.177450 4.193350 16 1
-0.602875 -4.171875 4.166225 16 1
-0.574600 -4.546000 4.561200 18 1
-0.735400 -4.057900 3.715600 11 1
-0.668300 -4.148550 4.381000 18 1
-0.570117 -4.066750 3.998250 14 1
-0.714433 -4.047850 3.947217 15 1
-0.639133 -4.150233 4.387933 18 1
-0.684900 -4.100340 4.469000 0 0
-0.642825 -4.172350 4.403550 18 1
-0.678778 -4.109867 4.571133 0 0
-0.849517 -3.799933 4.283517 17 1
-0.723000 -3.999200 4.981400 12 1
-0.686950 -4.126550 4.330550 18 1
-0.602567 -4.412167 4.544133 18 1
-0.643500 -4.102000 3.913900 14 1
-0.654400 -4.249300 4.481020 18 1
-0.591800 -4.386400 4.544200 18 1
-0.703300 -4.100600 4.122800 0 0
-0.735725 -4.045075 3.761225 11 1
-0.842900 -3.775300 4.285900 17 1
-0.645400 -4.161000 4.722700 20 1
-0.689400 -4.146800 4.336300 18 1
-0.655700 -4.185700 4.770300 21 1
-0.674900 -3.762400 4.842400 19 1
-0.676000 -4.224200 5.068500 13 1
-0.737500 -4.103700 3.504600 0 0
-0.546350 -4.187200 4.220500 16 1
-0.683100 -3.831100 4.782100 19 1
-0.687600 -4.092500 4.098000 0 0
-0.683400 -4.098600 4.036200 16 1
-0.812300 -3.932150 3.929950 11 1
-0.325075 -4.322375 4.247175 16 1
-0.643633 -4.082067 3.918067 14 1
-0.628800 -4.144500 4.121350 16 1
-0.812650 -3.823300 4.275100 17 1
-0.663100 -4.150400 4.685200 20 1
-0.696100 -4.089600 4.171400 0 0
-0.625433 -4.220367 4.793700 20 1
-0.567033 -4.245067 4.895467 21 1
-0.781250 -3.931700 4.243350 17 1
-0.633100 -4.168000 4.744900 20 1
-0.757700 -4.060800 3.749600 11 1
-0.633425 -4.174362 4.772175 21 1
-0.665900 -3.870400 4.752800 19 1
-0.574020 -4.090900 3.995540 14 1
-0.695350 -3.874250 4.725250 19 1
-0.678300 -3.953300 4.658200 19 1
-0.657300 -4.118000 4.086700 16 1
-0.634100 -4.154300 4.702700 20 1
-0.702700 -4.079300 4.480600 19 1
-0.626600 -4.196700 4.777800 20 1
-0.676600 -3.895600 4.709300 19 1
-0.564900 -4.084600 4.004700 14 1
-0.699800 -4.062200 4.491750 19 1
-0.768125 -4.033450 4.180550 17 1
-0.339738 -4.277475 4.283588 16 1
-0.679450 -4.144350 4.959300 13 1
-0.653400 -4.148400 4.370300 18 1
-0.687700 -4.099600 4.293000 18 1
-0.590600 -4.279100 4.873200 20 1
-0.561733 -4.259133 4.865100 20 1
-0.643500 -4.279800 4.502800 18 1
-0.669300 -4.128000 4.324200 18 1
-0.681300 -4.103750 4.748850 0 0
-0.631300 -4.297500 4.516833 18 1
-0.660000 -4.192520 4.436460 18 1
-0.650900 -4.199500 4.801600 21 1
-0.739500 -4.095500 3.393100 0 0
-0.756000 -4.086200 3.377500 0 0
-0.686650 -4.093450 3.877700 14 1
-0.301800 -4.287100 4.240800 16 1
-0.250600 -4.333000 4.168100 16 1
-0.613600 -4.243300 4.863600 21 1
-0.632000 -4.242100 4.482500 18 1
-0.396233 -4.045600 4.079367 14 1
-0.575717 -4.297900 4.936800 21 1
-0.721400 -4.088340 3.886880 15 1
-0.690700 -4.092633 4.253000 0 0
-0.676850 -4.103100 4.547200 0 0
-0.558900 -4.551250 4.557350 18 1
-0.643700 -3.753600 4.851900 19 1
-0.685200 -4.095900 4.124267 0 0
-0.648400 -4.180000 4.736500 20 1
-0.666250 -4.223250 5.078750 13 1
-0.531300 -4.075850 4.029350 14 1
-0.558244 -4.181400 4.211044 16 1
-0.714400 -4.017200 4.993300 12 1
-0.692400 -4.035400 4.547800 19 1
-0.717533 -4.072700 3.923200 15 1
-0.289800 -4.032200 4.002500 14 1
-0.680500 -4.068900 4.866600 12 1
-0.705700 -4.104800 3.899100 0 0
-0.675300 -4.082500 4.014500 16 1
-0.677400 -4.100500 4.522700 0 0
-0.627767 -4.183400 4.757600 20 1
-0.383700 -4.026000 4.079100 14 1
-0.537200 -4.337900 4.928350 20 1
-0.825400 -3.841500 4.277300 17 1
-0.427150 -4.052150 4.078600 14 1
-0.714200 -4.027300 4.543833 19 1
-0.625900 -4.088000 3.936700 14 1
-0.680667 -3.877433 4.742200 19 1
-0.669467 -4.046067 4.934633 12 1
-0.699233 -3.944100 4.664200 19 1
-0.660450 -4.121100 4.648650 20 1
-0.317150 -4.290050 4.251000 16 1
-0.615967 -4.225700 4.850533 21 1
-0.560700 -4.282400 4.922000 21 1
-0.795633 -3.914600 4.247933 17 1
-0.726683 -4.093700 3.656283 0 0
-0.612413 -4.205075 4.829587 21 1
-0.585800 -4.050100 3.984400 14 1
-0.370800 -4.289900 4.297300 16 1
-0.640133 -4.167667 4.757567 21 1
-0.626000 -4.218000 4.833900 21 1
-0.816400 -3.790725 4.283625 17 1
-0.736700 -4.092600 3.667500 11 1
-0.668200 -4.001600 4.956100 12 1
-0.312929 -4.306771 4.237986 16 1
-0.661100 -4.150067 4.721433 21 1
-0.561450 -4.203875 4.246925 16 1
-0.579300 -4.251300 4.912500 21 1
-0.778400 -3.902700 4.262000 17 1
-0.311900 -4.278800 4.261000 16 1
-0.696067 -4.091033 4.145400 0 0
-0.675925 -4.112725 4.628150 21 1
-0.675300 -4.127000 4.634600 20 1
-0.515300 -4.382200 4.946500 20 1
-0.789100 -3.950100 3.885500 11 1
-0.682100 -4.118050 4.841800 0 0
-0.674500 -4.170900 4.994400 13 1
-0.786100 -3.959700 4.227100 17 1
-0.640700 -4.106800 4.098600 16 1
-0.690475 -4.181125 5.003775 13 1
-0.552000 -4.305700 4.904200 20 1
-0.567160 -4.264200 4.928680 21 1
-0.583300 -4.267900 4.916800 21 1
-0.558350 -4.061150 4.008050 14 1
-0.658350 -4.034300 4.559300 19 1
-0.690567 -4.093133 4.190633 0 0
-0.276567 -4.322733 4.196700 16 1
-0.669200 -4.165880 4.691380 20 1
-0.803000 -3.982100 4.989400 12 1
-0.684100 -4.089300 4.489000 0 0
-0.728600 -4.094600 3.582000 0 0
-0.827867 -3.905233 3.945033 11 1
-0.292000 -4.327500 4.216500 16 1
-0.578200 -4.244800 4.855600 20 1
-0.646500 -4.201500 5.058800 13 1
-0.543525 -4.306350 4.912975 20 1
-0.499000 -4.187500 4.245400 16 1
-0.582767 -4.147167 4.154583 16 1
-0.695300 -3.845350 4.763150 19 1
-0.717400 -4.066500 3.950050 15 1
-0.669900 -4.087700 3.892100 14 1
-0.721000 -4.088100 3.747000 0 0
-0.262500 -4.325900 4.164300 16 1
-0.562700 -4.237400 4.829100 20 1
-0.662700 -3.977200 4.633800 19 1
-0.636600 -4.127300 4.109200 16 1
-0.683433 -4.098167 4.601167 21 1
-0.702600 -4.083400 3.959400 0 0
-0.683300 -4.084700 4.212000 0 0
-0.710100 -3.950500 4.659800 19 1
-0.734200 -4.092200 3.608400 0 0
-0.685300 -4.096000 4.436100 0 0
-0.703900 -4.091400 4.028000 0 0
-0.553400 -4.211000 4.255000 16 1
-0.373067 -4.051000 4.079533 14 1
-0.305900 -4.044900 4.014300 14 1
-0.592200 -4.083600 3.974800 14 1
-0.689600 -4.132700 4.062900 16 1
-0.560633 -4.148867 4.195967 16 1
-0.816600 -3.915300 4.255400 17 1
-0.675025 -4.073575 4.466275 19 1
-0.683333 -4.066633 4.487283 19 1
-0.679700 -4.104100 4.727800 0 0
-0.678300 -4.110900 4.504000 0 0
-0.707500 -4.079800 3.890900 0 0
-0.582350 -4.077250 3.986150 14 1
-0.699775 -3.995975 4.602275 19 1
-0.681000 -4.021100 4.588000 19 1
-0.691250 -4.075250 4.451350 19 1
-0.522800 -4.058100 4.027900 14 1
-0.632050 -4.258550 4.476400 18 1
-0.339900 -4.028400 4.063100 14 1
-0.544800 -4.555800 4.551800 18 1
-0.340900 -4.045500 4.065800 14 1
-0.340433 -4.318567 4.264533 16 1
-0.681640 -4.090380 4.265260 18 1
-0.770400 -3.969200 4.220800 17 1
-0.504300 -4.333900 4.917100 20 1
-0.755767 -4.002000 4.987667 12 1
-0.675000 -4.159500 4.354800 18 1
-0.610600 -4.303200 4.505200 18 1
-0.666325 -4.257250 4.483750 18 1
-0.493700 -4.375800 4.940200 20 1
-0.673500 -3.981600 4.624900 19 1
-0.636500 -4.202600 5.071000 13 1
-0.659400 -3.936200 4.670700 19 1
-0.736400 -4.083100 3.938233 15 1
-0.606300 -4.264700 4.478100 18 1
-0.639520 -4.147560 4.133220 16 1
-0.696133 -4.128200 4.934400 0 0
-0.426513 -4.027775 4.079600 14 1
-0.683900 -3.797500 4.808650 19 1
-0.584500 -4.258533 4.897200 21 1
-0.642533 -4.136967 4.115133 16 1
-0.687550 -4.103800 4.664333 0 0
-0.432700 -4.230033 4.307233 16 1
-0.602667 -4.140100 4.139000 16 1
-0.677400 -4.105900 4.685900 0 0
-0.690520 -4.135700 4.667080 21 1
-0.699600 -4.050100 4.509400 19 1
-0.594575 -4.151300 4.171575 16 1
-0.658067 -4.189633 5.048933 13 1
-0.586500 -4.167800 4.177900 16 1
-0.248900 -4.333800 4.146800 16 1
-0.555667 -4.252700 4.899400 21 1
-0.755980 -3.964460 4.211100 17 1
-0.653900 -4.206200 4.450000 18 1
-0.670300 -4.164300 4.376600 18 1
-0.693317 -4.106617 4.781367 12 1
-0.666467 -3.998033 4.616300 19 1
-0.695833 -4.098200 4.033767 0 0
-0.668200 -4.157400 4.367100 18 1
-0.628633 -4.230033 4.829133 21 1
-0.718075 -4.102850 3.698000 0 0
-0.675250 -4.141483 4.103300 16 1
-0.672360 -4.055200 4.502460 19 1
-0.680433 -4.098267 4.622500 21 1
-0.660633 -4.164900 4.742800 21 1
-0.405250 -4.037533 4.078967 14 1
-0.653250 -4.099150 3.902250 14 1
-0.693350 -4.113075 4.627825 21 1
-0.661400 -3.918800 4.702300 19 1
-0.672400 -4.108500 4.617800 20 1
-0.769450 -3.986850 4.982450 12 1
-0.657267 -4.022367 4.565367 19 1
-0.637800 -4.304500 4.509800 18 1
-0.725100 -4.104900 3.611100 0 0
-0.664333 -4.128833 4.088333 16 1
-0.704100 -3.911500 4.685100 19 1
-0.819675 -3.839875 3.965050 11 1
-0.678583 -4.097983 4.241050 0 0
-0.696150 -4.108100 4.142300 0 0
-0.772600 -4.075200 4.012300 15 1
-0.651300 -4.143400 4.381300 18 1
-0.823100 -3.896100 4.263500 17 1
-0.845900 -3.857933 3.957300 11 1
-0.698700 -4.105650 4.439200 0 0
-0.801300 -3.888500 4.260700 17 1
-0.678133 -4.070867 4.852767 12 1
-0.483700 -4.034300 4.062900 14 1
-0.673300 -4.097933 4.829367 12 1
-0.681000 -3.879200 4.711100 19 1
-0.716700 -4.018650 4.576900 19 1
-0.619600 -4.207900 4.790200 20 1
-0.726633 -4.098967 3.767233 0 0
-0.603140 -4.229760 4.877180 21 1
-0.658100 -4.141100 4.675100 20 1
-0.597800 -4.192100 4.773600 20 1
-0.612500 -4.254800 4.473100 18 1
-0.726600 -4.050600 3.965100 15 1
-0.506900 -4.055750 4.045650 14 1
-0.762100 -4.027850 4.013450 15 1
-0.711150 -4.029800 4.564200 19 1
-0.672850 -4.025225 4.925050 12 1
-0.675900 -4.092800 4.419400 0 0
-0.708050 -3.998450 4.980650 12 1
-0.704000 -4.088300 3.899150 0 0
-0.581933 -4.227156 4.823089 20 1
-0.648250 -4.159450 4.741350 21 1
-0.533500 -4.292800 4.902900 20 1
-0.684700 -4.167700 4.715900 21 1
-0.664800 -4.075600 4.474600 19 1
-0.597167 -4.246000 4.880967 21 1
-0.654700 -4.163900 5.008300 13 1
-0.824600 -3.888900 3.947300 11 1
-0.657900 -4.090817 4.061483 16 1
-0.726000 -4.072850 3.907600 15 1
-0.612700 -4.153300 4.144600 16 1
-0.753840 -3.949620 4.220180 17 1
-0.784500 -4.011700 3.842500 11 1
-0.495420 -4.199680 4.259200 16 1
-0.702500 -4.089100 4.272700 18 1
-0.648343 -4.133643 4.094500 16 1
-0.726540 -4.106120 3.485360 0 0
-0.289000 -4.309517 4.210933 16 1
-0.681200 -4.045275 4.534750 19 1
-0.702200 -4.101600 3.960200 0 0
-0.835650 -3.820850 4.282650 17 1
-0.593600 -4.264200 4.890000 21 1
-0.675414 -4.114671 4.040071 16 1
-0.342611 -4.270356 4.294911 16 1
-0.664500 -4.129225 4.672900 21 1
-0.738250 -4.105300 3.476125 0 0
-0.651533 -4.142033 4.123867 16 1
-0.683560 -4.136720 4.339640 18 1
-0.726940 -4.093540 3.689420 0 0
-0.635967 -4.154467 4.723700 20 1
-0.559050 -4.288800 4.883100 20 1
-0.648320 -4.123480 4.685560 21 1
-0.482600 -4.213500 4.272200 16 1
-0.651100 -3.899400 4.707300 19 1
-0.702443 -4.102700 3.869343 0 0
-0.611750 -4.328150 4.520100 18 1
-0.554950 -4.300500 4.925400 21 1
-0.565800 -4.281900 4.876700 20 1
-0.587933 -4.199067 4.196300 16 1
-0.606500 -4.216100 4.803500 20 1
-0.738483 -4.073350 3.974250 15 1
-0.618100 -4.181120 4.153920 16 1
-0.675500 -4.108650 4.783900 12 1
-0.697550 -4.097550 3.976850 0 0
-0.643200 -4.156700 4.712000 20 1
-0.845000 -3.750800 4.287200 17 1
-0.609200 -4.056000 3.949500 14 1
-0.651750 -4.237800 4.475800 18 1
-0.684300 -4.089100 4.503150 0 0
-0.674650 -4.201900 4.441150 18 1
-0.378240 -4.261500 4.309520 16 1
-0.662700 -4.170300 4.411800 18 1
-0.676700 -3.910600 4.693100 19 1
-0.754500 -4.002400 4.192600 17 1
-0.685800 -4.100900 4.424200 0 0
-0.701900 -4.164300 4.990200 13 1
-0.738488 -4.103363 3.458212 0 0
-0.621000 -4.183700 4.771000 20 1
-0.728700 -4.099300 3.545000 0 0
-0.676650 -4.103000 4.535550 0 0
-0.692900 -4.098900 4.014700 0 0
-0.672300 -4.114300 4.594900 0 0
-0.483320 -4.246040 4.295320 16 1
-0.630000 -4.097000 3.929500 14 1
-0.399700 -4.057250 4.081200 14 1
-0.651500 -4.171700 4.723100 20 1
-0.658300 -4.166600 4.702300 20 1
-0.534300 -4.312500 4.906100 20 1
-0.642300 -4.190867 4.798700 21 1
-0.654050 -4.156350 4.705400 20 1
-0.737475 -4.099950 3.629025 0 0
-0.628900 -4.147200 4.740700 21 1
-0.538350 -4.057400 4.017950 14 1
-0.643800 -4.158200 5.015100 13 1
-0.550400 -4.157700 4.216600 16 1
-0.616900 -4.241100 4.471400 18 1
-0.699800 -4.060200 4.852100 12 1
-0.666300 -3.876300 4.728400 19 1
-0.672957 -4.154129 4.706543 21 1
-0.831050 -3.877950 4.273700 17 1
-0.621400 -4.234830 4.795990 20 1
-0.653000 -3.810500 4.810700 19 1
-0.297625 -4.022825 4.003825 14 1
-0.585189 -4.223522 4.802200 20 1
-0.701050 -4.099450 4.295150 18 1
-0.245700 -4.337300 4.158800 16 1
-0.327475 -4.295125 4.256400 16 1
-0.620800 -4.162100 4.154400 16 1
-0.585300 -4.259850 4.859800 20 1
-0.592700 -4.199800 4.818400 21 1
-0.692775 -4.107025 4.817150 0 0
-0.562500 -4.300500 4.898500 20 1
-0.678600 -3.825200 4.791050 19 1
-0.607600 -4.218600 4.842100 21 1
-0.693300 -3.905600 4.696000 19 1
-0.727200 -4.095400 3.878900 15 1
-0.663750 -3.823250 4.805250 19 1
-0.733000 -4.061400 3.987100 15 1
-0.701000 -4.118900 4.045600 16 1
-0.318300 -4.033500 4.031800 14 1
-0.627017 -4.160467 4.412383 18 1
-0.720000 -4.098350 3.779800 0 0
-0.691050 -4.103575 4.118375 0 0
-0.504780 -4.367180 4.934680 20 1
-0.702110 -4.096970 3.938340 0 0
-0.679433 -4.093733 3.857600 14 1
-0.444392 -4.226023 4.304277 16 1
-0.627550 -4.203150 4.468150 18 1
-0.624600 -4.147800 4.730050 20 1
-0.687350 -3.955550 4.648700 19 1
-0.611400 -4.232500 4.861200 21 1
-0.624000 -4.222200 4.457350 18 1
-0.725100 -4.082500 3.679800 11 1
-0.676000 -4.130800 4.956500 13 1
-0.663550 -4.111788 4.658638 21 1
-0.537650 -4.328100 4.969650 21 1
-0.534300 -4.275500 4.887500 20 1
-0.671900 -4.008300 4.931600 12 1
-0.690657 -4.109357 4.028214 16 1
-0.579300 -4.288800 4.887500 20 1
-0.661500 -4.141750 4.349250 18 1
-0.730900 -4.061300 4.143700 17 1
-0.345533 -4.297778 4.270967 16 1
-0.655800 -4.141000 4.709900 21 1
-0.629400 -4.220550 4.850350 21 1
-0.265080 -4.327760 4.175080 16 1
-0.600800 -4.213900 4.792300 20 1
-0.642850 -4.021200 4.589250 19 1
-0.422800 -4.277100 4.306500 16 1
-0.668980 -3.830120 4.796320 19 1
-0.686433 -4.102467 4.541000 0 0
-0.404100 -4.248000 4.312500 16 1
-0.783000 -4.004450 3.851150 11 1
-0.666300 -4.089050 4.297450 18 1
-0.853017 -3.809433 4.277450 17 1
-0.544063 -4.178263 4.226838 16 1
-0.384200 -4.303925 4.304375 16 1
-0.627800 -4.318833 4.520733 18 1
-0.764900 -4.016200 4.022300 15 1
-0.572600 -4.291500 4.920800 21 1
-0.678325 -4.105225 4.295775 18 1
-0.784060 -3.932620 3.899240 11 1
-0.621333 -4.166767 4.771167 21 1
-0.797500 -4.008300 3.863000 11 1
-0.720700 -4.094900 3.641100 0 0
-0.657900 -4.114400 4.340300 18 1
-0.681900 -4.049433 4.880600 12 1
-0.598200 -4.251000 4.836100 20 1
-0.668500 -3.995900 4.630800 19 1
-0.552540 -4.535280 4.562160 18 1
-0.672725 -4.058350 4.928625 12 1
-0.689800 -4.078700 4.461900 19 1
-0.414633 -4.241433 4.311967 16 1
-0.722375 -4.099725 3.827325 0 0
-0.754500 -4.034000 3.996200 15 1
-0.690400 -4.072600 4.841325 12 1
-0.690900 -4.117633 4.640500 21 1
-0.631067 -4.190183 4.453883 18 1
-0.736633 -4.070667 3.950233 15 1
-0.687600 -4.035200 4.882200 12 1
-0.689200 -4.130400 4.646900 21 1
-0.409050 -4.263050 4.308700 16 1
-0.654000 -4.208067 5.075233 13 1
-0.705175 -4.055725 4.499875 19 1
-0.654450 -4.238400 4.454550 18 1
-0.726886 -4.091171 3.722743 0 0
-0.690600 -3.979600 4.634900 19 1
-0.697700 -3.959000 4.650900 19 1
-0.699150 -4.067800 3.913725 15 1
-0.516400 -4.220867 4.276967 16 1
-0.670700 -3.962200 4.638500 19 1
-0.683700 -4.124100 4.884300 0 0
-0.672400 -3.901450 4.700300 19 1
-0.567250 -4.245900 4.850350 20 1
-0.675500 -4.097200 4.363600 0 0
-0.603733 -4.349167 4.532567 18 1
-0.677433 -4.147433 4.336300 18 1
-0.740862 -4.040063 3.782175 11 1
-0.709400 -4.095600 3.857400 0 0
-0.616900 -4.294200 4.500500 18 1
-0.678967 -3.883900 4.720900 19 1
-0.679275 -4.105125 4.478425 0 0
-0.776300 -4.008300 4.064200 15 1
-0.843100 -3.893700 3.956400 11 1
-0.573075 -4.222900 4.865350 21 1
-0.776600 -4.026400 4.182600 17 1
-0.636225 -4.160500 4.390800 18 1
-0.623050 -4.364500 4.531250 18 1
-0.625400 -4.137100 4.719300 20 1
-0.660000 -4.116200 3.920700 14 1
-0.589067 -4.396900 4.546233 18 1
-0.639700 -4.235200 5.092950 13 1
-0.597550 -4.206650 4.829200 21 1
-0.604450 -4.458700 4.553350 18 1
-0.731350 -4.091300 3.890600 15 1
-0.737900 -4.102944 3.437233 0 0
-0.744600 -4.076950 3.729000 11 1
-0.629700 -4.189700 5.051100 13 1
-0.734700 -4.008700 4.989200 12 1
-0.530900 -4.087900 4.029900 14 1
-0.690667 -4.088167 4.042767 0 0
-0.677200 -4.091900 4.631400 21 1
-0.684160 -4.088200 4.469360 0 0
-0.651500 -4.199700 4.432300 18 1
-0.686525 -4.094600 4.799425 12 1
-0.653550 -4.100350 4.079250 16 1
-0.693300 -4.020000 4.569700 19 1
-0.648300 -4.153600 4.137400 16 1
-0.568075 -4.274500 4.916025 21 1
-0.651280 -4.134080 4.106440 16 1
-0.591900 -4.206400 4.796400 20 1
-0.611750 -4.393800 4.538900 18 1
-0.827850 -3.766300 4.289200 17 1
-0.689750 -4.168350 4.420450 18 1
-0.696525 -4.069725 4.480400 19 1
-0.675456 -4.037122 4.904456 12 1
-0.604000 -4.143767 4.151600 16 1
-0.531256 -4.213144 4.262511 16 1
-0.672875 -4.064825 4.484600 19 1
-0.682050 -3.971650 4.628450 19 1
-0.513550 -4.220925 4.262725 16 1
-0.652900 -4.224800 5.082400 13 1
-0.805200 -3.959000 3.909100 11 1
-0.582767 -4.277067 4.910867 21 1
-0.608925 -4.249425 4.831775 20 1
-0.666200 -4.260700 4.494800 18 1
-0.530000 -4.178600 4.238200 16 1
-0.645433 -4.207767 4.808267 21 1
-0.685800 -4.070700 4.470400 19 1
-0.686700 -4.089000 4.819600 12 1
-0.654567 -4.127367 4.667500 20 1
-0.620500 -4.214400 4.801400 20 1
-0.660875 -4.141788 4.700000 21 1
-0.657050 -4.197950 4.782200 21 1
-0.726100 -4.054300 3.947700 15 1
-0.675300 -4.120800 4.331333 18 1
-0.652100 -4.225800 4.464700 18 1
-0.607375 -4.063775 3.960075 14 1
-0.590700 -4.061200 3.981900 14 1
-0.375357 -4.277157 4.303800 16 1
-0.600000 -4.089900 3.965000 14 1
-0.586325 -4.208550 4.838200 21 1
-0.658800 -4.129200 4.655700 20 1
-0.664100 -4.067000 4.881000 12 1
-0.664200 -3.961000 4.647400 19 1
-0.610100 -4.126900 4.121900 16 1
-0.573275 -4.274050 4.877375 20 1
-0.706400 -4.093875 3.884050 0 0
-0.618400 -4.160100 4.737700 20 1
-0.677633 -3.859533 4.760300 19 1
-0.740950 -4.103250 3.419050 0 0
-0.672350 -4.109150 4.313400 18 1
-0.639550 -4.273983 4.490200 18 1
-0.327200 -4.272000 4.281467 16 1
-0.676100 -4.065129 4.880629 12 1
-0.650100 -4.191000 4.755200 20 1
-0.574033 -4.052100 3.989967 14 1
-0.686980 -3.856980 4.754180 19 1
-0.554000 -4.321900 4.957200 21 1
-0.688125 -4.172350 4.996825 13 1
-0.675650 -3.811950 4.806150 19 1
-0.748800 -4.092300 3.397600 0 0
-0.546100 -4.292700 4.956900 21 1
-0.686600 -3.993700 4.616800 19 1
-0.684833 -4.030733 4.541500 19 1
-0.571400 -4.230800 4.838500 20 1
-0.701400 -4.035400 4.558100 19 1
-0.838500 -3.799000 4.286200 17 1
-0.723400 -4.103329 3.599514 0 0
-0.599200 -4.226200 4.806700 20 1
-0.358400 -4.285100 4.288300 16 1
-0.690029 -4.051357 4.868471 12 1
-0.568500 -4.233800 4.819300 20 1
-0.665867 -4.139833 4.361133 18 1
-0.684050 -3.895550 4.697050 19 1
-0.700360 -4.093460 4.463520 19 1
-0.687400 -4.051600 4.525100 19 1
-0.777600 -3.990500 3.862500 11 1
-0.651580 -4.130100 4.364160 18 1
-0.645233 -3.929033 4.679233 19 1
-0.633133 -4.165433 4.143000 16 1
-0.560800 -4.200600 4.226600 16 1
-0.656300 -4.026300 4.542700 19 1
-0.665600 -4.079300 4.845300 12 1
-0.683700 -4.094400 4.394800 0 0
-0.693657 -4.132871 4.943786 13 1
-0.669371 -4.093600 3.877829 14 1
-0.554400 -4.277000 4.874200 20 1
-0.651800 -4.151280 4.727040 21 1
-0.766500 -4.000800 3.839800 11 1
-0.650600 -4.150800 4.693300 20 1
-0.455400 -4.214100 4.294433 16 1
-0.639050 -4.217000 4.814250 21 1
-0.603200 -4.262300 4.848600 20 1
-0.693522 -4.090789 4.133133 0 0
-0.665400 -4.030400 4.938800 12 1
-0.596500 -4.102400 3.959200 14 1
-0.720900 -4.026300 3.979900 15 1
-0.678200 -4.108550 4.802200 12 1
-0.608500 -4.360000 4.534200 18 1
-0.664150 -4.142050 4.123700 16 1
-0.659400 -3.887700 4.736900 19 1
-0.548875 -4.078850 4.016300 14 1
-0.591400 -4.199350 4.779900 20 1
-0.774967 -4.015767 4.188133 17 1
-0.676500 -4.145400 4.971400 13 1
-0.668000 -4.081800 4.454400 19 1
-0.641000 -4.181600 4.410200 18 1
-0.657500 -4.173300 5.029800 13 1
-0.681933 -3.815267 4.796667 19 1
-0.748700 -4.093600 3.374300 0 0
-0.613450 -4.062000 3.939700 14 1
-0.673000 -3.991700 4.604700 19 1
-0.701500 -4.070700 4.833000 12 1
-0.721800 -4.090400 3.618700 0 0
-0.664600 -4.061800 4.498600 19 1
-0.673400 -4.186650 4.422050 18 1
-0.675575 -4.019100 4.571175 19 1
-0.668750 -4.095400 4.048900 16 1
-0.642100 -4.128133 4.699367 21 1
-0.304900 -4.324300 4.235000 16 1
-0.696300 -4.040250 4.527000 19 1
-0.680400 -4.104000 3.869200 14 1
-0.573250 -4.253750 4.901350 21 1
-0.672100 -3.945300 4.668800 19 1
-0.669150 -4.136525 4.094000 16 1
-0.642367 -4.154633 4.397233 18 1
-0.677600 -4.083300 3.898000 14 1
-0.732075 -4.082175 3.647275 11 1
-0.685567 -4.085233 4.436100 19 1
-0.504180 -4.400180 4.948600 20 1
-0.514500 -4.045100 4.028600 14 1
-0.710725 -4.090075 3.932000 0 0
-0.692700 -4.113800 4.854600 0 0
-0.329967 -4.030900 4.052833 14 1
-0.615700 -4.136000 4.136167 16 1
-0.683900 -4.085700 4.198300 0 0
-0.814800 -3.845900 4.274800 17 1
-0.564800 -4.560900 4.548300 18 1
-0.802600 -3.943700 3.916200 11 1
-0.867200 -3.774700 4.289200 17 1
-0.516443 -4.366914 4.937571 20 1
-0.834800 -3.906000 3.953200 11 1
-0.690500 -4.133100 4.925000 0 0
-0.650400 -3.831300 4.798000 19 1
-0.593600 -4.220900 4.861700 21 1
-0.654750 -4.082050 3.905590 14 1
-0.752900 -4.060733 4.004367 15 1
-0.667080 -4.129340 4.346320 18 1
-0.660300 -4.061300 4.916700 12 1
-0.678600 -4.009800 4.597800 19 1
-0.658267 -4.102800 4.067967 16 1
-0.632500 -4.201300 4.438500 18 1
-0.729900 -4.103350 3.419300 0 0
-0.639300 -4.216967 4.445400 18 1
-0.729100 -4.101000 3.643900 0 0
-0.670200 -4.108700 3.888800 14 1
-0.819700 -3.751700 4.295600 17 1
-0.583000 -4.216100 4.809500 20 1
-0.674400 -4.124900 4.655200 21 1
-0.639325 -4.166387 4.414700 18 1
-0.688700 -4.136800 4.962100 13 1
-0.642500 -4.135950 4.718637 21 1
-0.365200 -4.306200 4.287800 16 1
-0.615300 -4.229900 4.810000 20 1
-0.690200 -4.119300 4.321100 18 1
-0.846325 -3.824100 4.276775 17 1
-0.465300 -4.037320 4.070350 14 1
-0.757700 -4.030500 4.179900 17 1
-0.601500 -4.241500 4.824600 20 1
-0.663325 -4.169200 4.754200 21 1
-0.582700 -4.245000 4.888700 21 1
-0.683600 -4.082200 4.832600 12 1
-0.569500 -4.282200 4.930600 21 1
-0.567733 -4.259500 4.910467 21 1
-0.544100 -4.342900 4.921100 20 1
-0.792400 -3.967700 3.891400 11 1
-0.714950 -4.064150 3.928850 15 1
-0.658400 -4.207250 5.063600 13 1
-0.612340 -4.403640 4.529780 18 1
-0.680100 -4.047600 4.515000 19 1
-0.497200 -4.220700 4.266900 16 1
-0.663800 -4.192300 5.039900 13 1
-0.639000 -3.896800 4.717800 19 1
-0.710200 -4.081900 3.867800 0 0
-0.667283 -4.097583 3.887467 14 1
-0.664200 -4.036200 4.916200 12 1
-0.660900 -3.857600 4.769800 19 1
-0.719700 -4.091300 3.757700 0 0
-0.692500 -4.057700 4.513700 19 1
-0.703700 -4.004500 4.606900 19 1
-0.703900 -4.085100 3.909500 0 0
-0.748800 -4.053600 3.990500 15 1
-0.777800 -3.944550 4.236250 17 1
-0.845900 -3.860650 4.271600 17 1
-0.706200 -4.073700 4.488700 19 1
-0.719250 -4.098050 3.662200 0 0
-0.744950 -3.994650 4.984900 12 1
-0.633667 -4.216650 4.840867 21 1
-0.655400 -4.111800 4.326300 18 1
-0.401600 -4.291900 4.312633 16 1
-0.717000 -4.093600 3.737333 0 0
-0.579333 -4.220867 4.850267 21 1
-0.723563 -4.084837 3.899500 15 1
-0.659650 -4.183250 4.415600 18 1
-0.595150 -4.209050 4.779200 20 1
-0.672133 -4.047800 4.892133 12 1
-0.829300 -3.925200 3.945900 11 1
-0.690225 -4.142775 4.684450 21 1
-0.633060 -4.178660 4.781660 21 1
-0.669100 -4.010800 4.951300 12 1
-0.687200 -4.027200 4.574100 19 1
-0.703400 -4.101900 3.992200 0 0
-0.714900 -4.101200 3.816500 0 0
-0.692300 -4.117533 4.872367 0 0
-0.683967 -4.111750 4.670000 0 0
-0.678580 -4.036660 4.967140 12 1
-0.682900 -4.155500 4.694700 21 1
-0.666000 -3.761100 4.847600 19 1
-0.555675 -4.205650 4.238475 16 1
-0.282100 -4.029400 3.993500 14 1
-0.657900 -4.186700 4.736100 20 1
-0.689800 -4.097800 4.504500 0 0
-0.677400 -4.120100 4.620600 20 1
-0.594980 -4.187400 4.181080 16 1
-0.862400 -3.741100 4.288100 17 1
-0.587900 -4.187120 4.190020 16 1
-0.687133 -4.055533 4.502067 19 1
-0.705700 -4.009500 4.591500 19 1
-0.730180 -4.076980 3.932640 15 1
-0.660300 -4.222000 4.442000 18 1
-0.623100 -4.236900 4.844000 21 1
-0.740500 -4.076300 3.682900 11 1
-0.657200 -4.067325 3.919850 14 1
-0.599300 -4.276000 4.486100 18 1
-0.705200 -4.119000 4.642600 21 1
-0.630700 -4.164550 4.723700 20 1
-0.690467 -4.063700 4.495967 19 1
-0.666100 -4.182175 4.771375 21 1
-0.789500 -3.944400 3.900400 11 1
-0.690767 -4.104000 4.061033 0 0
-0.643100 -4.113300 3.925900 14 1
-0.703450 -4.096450 3.920600 0 0
-0.692933 -4.102267 3.995322 0 0
-0.772550 -4.061250 4.018750 15 1
-0.711300 -4.044600 4.523500 19 1
-0.673550 -4.109450 4.526150 0 0
-0.757500 -4.052000 3.779800 11 1
-0.668000 -4.094400 4.819400 12 1
-0.677500 -3.922300 4.688600 19 1
-0.603611 -4.436211 4.553233 18 1
-0.767000 -4.011800 3.830400 11 1
-0.389400 -4.259500 4.311050 16 1
-0.732900 -4.088300 3.964300 15 1
-0.661900 -4.242800 4.466850 18 1
-0.666800 -3.892800 4.711200 19 1
-0.714900 -4.032700 4.552600 19 1
-0.336388 -4.310087 4.259275 16 1
-0.650988 -4.190087 4.778363 21 1
-0.294900 -4.329500 4.205800 16 1
-0.656400 -4.256400 4.466400 18 1
-0.574900 -4.234100 4.875600 21 1
-0.666711 -4.106133 4.649622 21 1
-0.690233 -4.153133 4.355200 18 1
-0.698200 -3.969300 4.632700 19 1
-0.860900 -3.761300 4.289500 17 1
-0.696275 -3.926250 4.679450 19 1
-0.627450 -4.136250 4.127350 16 1
-0.551533 -4.311967 4.943167 21 1
-0.672317 -4.049133 4.946217 12 1
-0.823350 -3.938050 3.937550 11 1
-0.671929 -4.169071 4.727229 21 1
-0.651267 -4.171233 4.757433 21 1
-0.618000 -4.211133 4.838067 21 1
-0.858267 -3.793467 4.283550 17 1
-0.630600 -4.211267 4.775100 20 1
-0.750250 -4.100650 3.454650 0 0
-0.701500 -3.979000 4.621900 19 1
-0.662933 -4.145433 4.372700 18 1
-0.711617 -4.072650 3.911417 15 1
-0.661700 -4.187100 5.021800 13 1
-0.649500 -3.771500 4.845200 19 1
-0.597100 -4.335200 4.532000 18 1
-0.288300 -4.324667 4.196300 16 1
-0.694217 -4.102900 3.935550 0 0
-0.705117 -4.090483 4.001250 0 0
-0.680950 -4.136200 4.972250 13 1
-0.744200 -4.056050 4.160300 17 1
-0.648283 -3.898800 4.730217 19 1
-0.680840 -4.113020 4.049360 16 1
-0.777500 -4.023600 4.054900 15 1
-0.671300 -4.031800 4.953100 12 1
-0.693267 -4.024967 4.559400 19 1
-0.659900 -3.803000 4.813800 19 1
-0.558000 -4.279533 4.943100 21 1
-0.494900 -4.417500 4.947800 20 1
-0.667150 -4.108750 4.067725 16 1
-0.530200 -4.336700 4.971900 21 1
-0.580700 -4.259900 4.906600 21 1
-0.658300 -4.005900 4.606500 19 1
-0.633950 -4.314950 4.511050 18 1
-0.309550 -4.322050 4.223000 16 1
-0.641733 -4.172867 4.742400 20 1
-0.695000 -4.099800 3.889700 0 0
-0.672057 -4.136414 4.070200 16 1
-0.690733 -3.998017 4.597783 19 1
-0.806400 -3.840600 4.272400 17 1
-0.794450 -3.914850 3.932700 11 1
-0.625400 -4.123100 4.116500 16 1
-0.606533 -4.175600 4.759033 20 1
-0.693200 -4.076350 4.821150 12 1
-0.632900 -4.223800 4.474700 18 1
-0.671100 -4.044850 4.910500 12 1
-0.808250 -3.876000 3.959300 11 1
-0.722800 -4.059800 4.155700 17 1
-0.288600 -4.301967 4.217967 16 1
-0.676700 -4.149500 4.988100 13 1
-0.704500 -4.143800 4.968100 13 1
-0.669900 -3.984500 4.637200 19 1
-0.294267 -4.316533 4.216800 16 1
-0.675288 -3.803000 4.811525 19 1
-0.513300 -4.192700 4.249200 16 1
-0.737560 -4.097200 3.908300 15 1
-0.359900 -4.054400 4.070300 14 1
-0.642800 -4.115400 4.682800 21 1
-0.647700 -4.172800 5.025600 13 1
-0.834150 -3.739650 4.286800 17 1
-0.808700 -3.807100 4.269200 17 1
-0.540783 -4.072850 4.022433 14 1
-0.688150 -4.058750 4.850650 12 1
-0.624300 -4.346700 4.524400 18 1
-0.717600 -4.040967 3.965733 15 1
-0.640129 -4.213857 4.769514 20 1
-0.673200 -4.136900 4.337600 18 1
-0.548960 -4.573980 4.544380 18 1
-0.667900 -4.026000 4.574900 19 1
-0.690850 -4.103500 4.769075 0 0
-0.728600 -4.091500 3.704700 0 0
-0.677450 -4.139450 4.087550 16 1
-0.663400 -3.754600 4.855400 19 1
-0.855200 -3.781333 4.286300 17 1
-0.868600 -3.754400 4.290500 17 1
-0.670200 -4.171400 5.005700 13 1
-0.683600 -4.111250 4.658750 0 0
-0.639300 -4.151350 4.694550 20 1
-0.527500 -4.200800 4.236200 16 1
-0.687180 -4.060240 4.864600 12 1
-0.784325 -3.949950 4.229000 17 1
-0.674200 -4.014700 4.625400 19 1
-0.691900 -4.143000 4.954100 13 1
-0.675675 -4.116875 4.061200 16 1
-0.685500 -4.084600 4.453800 19 1
-0.682200 -4.160200 4.993900 13 1
-0.700900 -4.060600 3.921800 15 1
-0.660800 -4.093100 3.894100 14 1
-0.681950 -4.160750 4.982250 13 1
-0.325160 -4.039440 4.049680 14 1
-0.685700 -4.158400 4.388000 18 1
-0.760200 -4.036000 3.787800 11 1
-0.627500 -4.151700 4.719000 20 1
-0.634140 -4.207560 4.811040 21 1
-0.782867 -4.066367 4.034267 15 1
-0.639600 -4.139300 4.700400 20 1
-0.802600 -3.927100 3.927600 11 1
-0.677900 -4.098000 4.487700 0 0
-0.347100 -4.038600 4.061900 14 1
-0.663433 -3.947900 4.664400 19 1
-0.674600 -4.000200 4.639500 19 1
-0.677400 -4.203100 5.046300 13 1
-0.510680 -4.348720 4.930680 20 1
-0.644900 -3.918400 4.691700 19 1
-0.643633 -4.072467 3.921033 14 1
-0.659900 -4.155400 5.005400 13 1
-0.360787 -4.261862 4.306738 16 1
-0.627800 -4.221900 4.780900 20 1
-0.688483 -4.094700 4.175483 0 0
-0.676800 -4.096350 4.211950 0 0
-0.647400 -4.186000 5.043200 13 1
-0.578600 -4.238800 4.836000 20 1
-0.302963 -4.301512 4.226650 16 1
-0.608900 -4.085800 3.956400 14 1
-0.550200 -4.263500 4.921400 21 1
-0.807600 -3.910650 4.255250 17 1
-0.771600 -4.036200 3.806000 11 1
-0.595650 -4.173000 4.178500 16 1
-0.840933 -3.875267 3.958100 11 1
-0.701100 -4.099900 3.825100 14 1
-0.667067 -4.039667 4.523367 19 1
-0.663200 -4.220400 5.069400 13 1
-0.682600 -4.094200 4.536900 0 0
-0.730667 -4.070633 3.704400 11 1
-0.739200 -4.067200 3.718550 11 1
-0.753000 -4.098950 3.408000 0 0
-0.684950 -4.154400 4.370167 18 1
-0.592075 -4.231925 4.868475 21 1
-0.632700 -4.193450 4.799300 21 1
-0.647900 -4.214500 5.083000 13 1
-0.672100 -4.111700 4.543600 0 0
-0.760400 -3.942950 4.237500 17 1
-0.694250 -4.108500 3.833200 14 1
-0.321130 -4.310190 4.244530 16 1
-0.617100 -4.195900 4.773200 20 1
-0.698980 -4.091320 3.965400 0 0
-0.443600 -4.051600 4.074900 14 1
-0.691500 -4.157700 4.981100 13 1
-0.824300 -3.916300 3.945200 11 1
-0.687580 -4.069380 4.832360 12 1
-0.562500 -4.293100 4.920500 21 1
-0.629940 -4.154080 4.135920 16 1
-0.624500 -4.288250 4.496750 18 1
-0.775500 -4.017100 4.078100 15 1
-0.696600 -4.046500 4.534700 19 1
-0.358000 -4.022200 4.073800 14 1
-0.307800 -4.023000 4.023900 14 1
-0.690600 -4.103875 4.745400 0 0
-0.692000 -3.958100 4.670100 19 1
-0.361250 -4.270450 4.299950 16 1
-0.701300 -4.153600 4.971700 13 1
-0.681750 -4.105900 4.607133 20 1
-0.658600 -4.117000 4.071300 16 1
-0.555100 -4.053200 4.001600 14 1
-0.693167 -4.085083 4.211200 0 0
-0.730300 -4.097800 3.489200 0 0
-0.708900 -4.098000 3.982400 0 0
-0.675400 -4.175450 4.424300 18 1
-0.385000 -4.045400 4.080900 14 1
-0.658133 -4.043400 4.508833 19 1
-0.705133 -4.084967 4.815367 12 1
-0.762600 -4.026900 3.804400 11 1
-0.688217 -4.094850 4.163000 0 0
-0.656700 -4.085000 4.860000 12 1
-0.602450 -4.052325 3.971225 14 1
-0.681000 -3.988550 4.610100 19 1
-0.659900 -4.199100 5.051100 13 1
-0.690400 -4.102300 3.851500 14 1
-0.780350 -3.982350 4.984150 12 1
-0.790400 -3.931700 3.916800 11 1
-0.777175 -3.974400 4.214850 17 1
-0.665440 -4.121260 4.339980 18 1
-0.575350 -4.202600 4.228600 16 1
-0.612900 -4.332700 4.532000 18 1
-0.677100 -3.967100 4.646900 19 1
-0.678283 -4.093733 4.280417 18 1
-0.689100 -4.106100 4.569200 0 0
-0.682750 -4.092350 4.526100 0 0
-0.480000 -4.194000 4.261600 16 1
-0.831833 -3.838967 3.960033 11 1
-0.563100 -4.091200 4.013000 14 1
-0.645386 -4.186729 4.790171 21 1
-0.682367 -4.089967 4.223033 0 0
-0.663400 -4.091300 4.036600 16 1
-0.725650 -4.099850 3.745950 0 0
-0.822400 -3.782933 4.287600 17 1
-0.725717 -4.081767 3.920450 15 1
-0.579550 -4.148737 4.178163 16 1
-0.593500 -4.366250 4.546050 18 1
-0.678950 -4.003550 4.631350 19 1
-0.670200 -3.843300 4.778500 19 1
-0.617800 -4.378100 4.526050 18 1
-0.531833 -4.322133 4.912000 20 1
-0.647200 -4.255000 4.473800 18 1
-0.689033 -4.113667 4.835467 0 0
-0.678567 -4.128000 4.664000 21 1
-0.687750 -4.102400 4.133350 0 0
-0.684625 -4.007800 4.579975 19 1
-0.699900 -4.094633 4.163900 0 0
-0.681300 -4.139660 4.076100 16 1
-0.677767 -4.028233 4.556667 19 1
-0.693356 -4.121133 4.892633 0 0
-0.642700 -4.186500 4.419000 18 1
-0.708525 -4.102650 3.889975 0 0
-0.714833 -4.099167 3.845533 0 0
-0.612000 -4.240533 4.877233 21 1
-0.687450 -4.123450 4.057800 16 1
-0.785400 -3.989400 3.868700 11 1
-0.656100 -4.100600 4.307200 18 1
-0.745600 -4.032000 3.800800 11 1
-0.678700 -4.103800 4.697500 0 0
-0.417700 -4.054633 4.078933 14 1
-0.663933 -4.160200 4.730589 21 1
-0.694750 -3.895550 4.711350 19 1
-0.679800 -4.138500 4.350200 18 1
-0.625100 -4.171900 4.752700 20 1
-0.698617 -4.088467 4.049117 0 0
-0.456700 -4.250900 4.289900 16 1
-0.681850 -4.001800 4.621950 19 1
-0.528400 -4.057900 4.019900 14 1
-0.668700 -4.172700 4.393600 18 1
-0.659700 -4.026200 4.592500 19 1
-0.683000 -3.985200 4.625500 19 1
-0.688425 -4.118925 4.861925 0 0
-0.702800 -4.042100 3.951800 15 1
-0.674857 -4.117714 4.637557 21 1
-0.686890 -4.099850 4.481480 0 0
-0.563500 -4.239900 4.887400 21 1
-0.539400 -4.328300 4.922000 20 1
-0.642225 -4.141675 4.727213 21 1
-0.654500 -3.783800 4.831100 19 1
-0.730750 -4.097250 3.473500 0 0
-0.650200 -4.195500 5.048700 13 1
-0.736300 -4.054800 3.725400 11 1
-0.672067 -4.072033 4.844800 12 1
-0.754700 -4.067400 3.743100 11 1
-0.592200 -4.104000 3.970800 14 1
-0.753250 -3.992083 4.202050 17 1
-0.603760 -4.253460 4.877260 21 1
-0.660160 -4.138380 4.109280 16 1
-0.633800 -4.165800 4.400267 18 1
-0.313050 -4.298362 4.243938 16 1
-0.693380 -4.089240 4.028420 0 0
-0.715400 -4.103800 3.680300 0 0
-0.710700 -3.962200 4.640200 19 1
-0.748800 -4.042500 4.166600 17 1
-0.725100 -4.103300 3.564100 0 0
-0.674567 -3.772833 4.841400 19 1
-0.628250 -4.173200 4.442350 18 1
-0.849433 -3.848933 3.956467 11 1
-0.649600 -3.937000 4.671900 19 1
-0.603000 -4.403200 4.548300 18 1
-0.747580 -4.102320 3.437420 0 0
-0.609500 -4.181460 4.766170 20 1
-0.717450 -4.100850 3.722100 0 0
-0.520600 -4.352500 4.976300 21 1
-0.686850 -4.139900 4.675000 21 1
-0.678550 -4.103800 4.715000 0 0
-0.622800 -4.159700 4.758300 21 1
-0.546325 -4.169225 4.229425 16 1
-0.655500 -3.877800 4.737200 19 1
-0.488300 -4.202700 4.265000 16 1
-0.561425 -4.291800 4.894425 20 1
-0.346700 -4.022000 4.065600 14 1
-0.679700 -4.116400 4.820900 0 0
-0.833950 -3.751500 4.286550 17 1
-0.662500 -4.183700 4.718950 20 1
-0.694000 -4.097200 4.103500 0 0
-0.677100 -4.078400 4.273700 18 1
-0.673000 -4.077300 3.904000 14 1
-0.671000 -4.134700 4.680600 21 1
-0.587550 -4.193650 4.204550 16 1
-0.816350 -3.890300 3.952100 11 1
-0.493800 -4.071300 4.050700 14 1
-0.669300 -4.214450 4.447625 18 1
-0.465200 -4.240200 4.287200 16 1
-0.603800 -4.103850 3.947100 14 1
-0.672400 -3.998850 4.595600 19 1
-0.687100 -4.102300 4.457800 0 0
-0.616000 -4.189600 4.802750 21 1
-0.520500 -4.310700 4.911900 20 1
-0.643400 -4.126800 4.101100 16 1
-0.528900 -4.346300 4.933600 20 1
-0.661300 -3.813300 4.806700 19 1
-0.666525 -4.010275 4.609750 19 1
-0.702050 -3.920200 4.692300 19 1
-0.677400 -4.103100 4.497100 0 0
-0.670200 -4.074700 4.864800 12 1
-0.582060 -4.235560 4.882920 21 1
-0.625900 -4.159500 4.743700 20 1
-0.777550 -3.960700 4.222800 17 1
-0.729300 -4.084000 3.658000 11 1
-0.676800 -4.094367 4.376933 0 0
-0.620400 -4.068200 3.943600 14 1
-0.585340 -4.098000 3.986280 14 1
-0.561600 -4.304933 4.952300 21 1
-0.838000 -3.888300 3.950300 11 1
-0.553700 -4.289400 4.929000 21 1
-0.576450 -4.180600 4.202450 16 1
-0.468517 -4.258667 4.300950 16 1
-0.628900 -4.135400 4.709700 20 1
-0.698150 -4.090850 4.185200 0 0
-0.823500 -3.858000 3.960200 11 1
-0.665800 -4.123500 4.639200 20 1
-0.510150 -4.207200 4.251500 16 1
-0.599700 -4.183700 4.165950 16 1
-0.627367 -4.187333 4.430033 18 1
-0.727800 -4.101100 3.892800 15 1
-0.836967 -3.784533 4.286000 17 1
-0.727100 -4.094300 3.599000 0 0
-0.701520 -4.088280 3.929360 0 0
-0.548700 -4.297000 4.897400 20 1
-0.690850 -4.006250 4.587900 19 1
-0.665660 -4.177840 4.406680 18 1
-0.602750 -4.447500 4.558350 18 1
-0.690050 -4.120525 4.649775 21 1
-0.812700 -3.922800 3.936800 11 1
-0.735118 -4.105527 3.467082 0 0
-0.519767 -4.319350 4.906583 20 1
-0.630675 -4.202187 4.823400 21 1
-0.645200 -4.181500 4.751750 20 1
-0.691600 -4.078300 4.483100 19 1
-0.670100 -4.207300 4.434700 18 1
-0.645100 -3.908350 4.703700 19 1
-0.582300 -4.275900 4.869700 20 1
-0.696967 -4.094600 3.985933 0 0
-0.819317 -3.772833 4.290017 17 1
-0.746933 -4.021883 3.802900 11 1
-0.477333 -4.234433 4.281133 16 1
-0.694300 -4.086800 4.466700 19 1
-0.745650 -4.058950 3.980850 15 1
-0.595000 -4.239300 4.840200 20 1
-0.665400 -4.169300 4.996800 13 1
-0.682100 -4.107300 4.039900 16 1
-0.473100 -4.066100 4.065900 14 1
-0.429467 -4.226533 4.315500 16 1
-0.762300 -4.045100 3.797200 11 1
-0.682300 -4.083500 4.800300 12 1
-0.549933 -4.265667 4.882967 20 1
-0.741500 -4.031250 3.791417 11 1
-0.665100 -3.890700 4.723800 19 1
-0.669400 -4.217700 5.048800 13 1
-0.707100 -4.050700 3.939800 15 1
-0.660200 -4.151600 4.384980 18 1
-0.571160 -4.264900 4.865260 20 1
-0.674300 -4.215200 5.063000 13 1
-0.693650 -4.088150 4.010200 16 1
-0.612367 -4.259267 4.483033 18 1
-0.663000 -4.140600 4.660200 20 1
-0.530500 -4.215100 4.273300 16 1
-0.723929 -4.097829 3.671214 0 0
-0.717433 -4.097767 3.689433 0 0
-0.768400 -4.010700 4.058200 15 1
-0.701700 -4.088040 4.445000 19 1
-0.689900 -3.847200 4.772300 19 1
-0.730600 -4.097400 3.463100 0 0
-0.615400 -4.175625 4.784025 21 1
-0.605100 -4.196500 4.780000 20 1
-0.305900 -4.035100 4.013500 14 1
-0.681833 -4.109833 4.313167 18 1
-0.698700 -4.050200 4.872200 12 1
-0.651450 -4.177275 4.769125 21 1
-0.688033 -4.090817 4.205167 0 0
-0.763400 -3.917500 4.256600 17 1
-0.743940 -4.102380 3.659380 8 0
-0.686500 -4.122900 4.906000 0 0
-0.615520 -4.160680 4.747940 20 1
-0.405600 -4.028050 4.079200 14 1
-0.813733 -3.901867 4.261367 17 1
-0.736100 -4.098300 3.401500 0 0
-0.674350 -4.114900 4.661400 21 1
-0.629900 -4.272800 4.494400 18 1
-0.649800 -4.237500 5.089400 13 1
-0.657800 -3.841550 4.789050 19 1
-0.578600 -4.281700 4.918400 21 1
-0.615300 -4.246400 4.812300 20 1
-0.648800 -3.895550 4.715650 19 1
-0.474750 -4.040400 4.065400 14 1
-0.664540 -4.061000 4.901680 12 1
-0.683500 -4.106600 4.819700 12 1
-0.672800 -3.778600 4.834100 19 1
-0.648075 -4.133875 4.709075 21 1
-0.564100 -4.272200 4.878800 20 1
-0.672383 -4.139933 4.664100 20 1
-0.578200 -4.070200 3.990900 14 1
-0.624100 -4.201750 4.445600 18 1
-0.681567 -4.089300 4.027533 16 1
-0.651033 -4.173933 4.398467 18 1
-0.668400 -4.127700 4.070000 16 1
-0.692200 -3.828900 4.780800 19 1
-0.648300 -4.218600 5.092400 13 1
-0.654600 -4.175000 5.013900 13 1
-0.679900 -4.119600 4.314000 18 1
-0.757000 -4.045800 4.172600 17 1
-0.701800 -4.106900 4.028000 0 0
-0.737200 -4.109100 3.626700 0 0
-0.633700 -4.329300 4.511900 18 1
-0.740250 -4.104700 3.647900 0 0
-0.681400 -4.182000 5.006200 13 1
-0.680150 -4.085150 4.256325 0 0
-0.689650 -4.091750 4.064000 0 0
-0.627260 -4.283240 4.505420 18 1
-0.657587 -4.193062 4.427162 18 1
-0.672650 -4.105100 4.635050 21 1
-0.667700 -4.233700 5.081100 13 1
-0.714080 -4.036400 4.541420 19 1
-0.686500 -4.033700 4.892100 12 1
-0.648400 -4.202700 5.069900 13 1
-0.553900 -4.245700 4.848900 20 1
-0.694500 -4.134000 4.955000 13 1
-0.662775 -4.075600 3.907675 14 1
-0.554267 -4.165733 4.219600 16 1
-0.526000 -4.334100 4.957000 21 1
-0.706300 -4.095500 3.833900 14 1
-0.678100 -4.192300 5.032500 13 1
-0.690400 -4.093083 4.427233 0 0
-0.822267 -3.800467 4.284167 17 1
-0.538250 -4.276950 4.934200 21 1
-0.744700 -4.102850 3.410400 0 0
-0.681250 -4.079100 4.445600 19 1
-0.585300 -4.096650 3.976800 14 1
-0.600100 -4.284050 4.497250 18 1
-0.381667 -4.295244 4.301533 16 1
-0.698800 -4.044200 4.517200 19 1
-0.620500 -4.093000 3.945200 14 1
-0.677600 -4.103300 4.592700 0 0
-0.684311 -4.124422 4.637256 20 1
-0.716700 -4.109000 3.808900 0 0
-0.662950 -4.165650 5.012400 13 1
-0.668700 -3.951700 4.651900 19 1
-0.595600 -4.420400 4.553200 18 1
-0.656500 -4.187950 5.030200 13 1
-0.393500 -4.272500 4.312200 16 1
-0.672780 -3.787680 4.823680 19 1
-0.681800 -4.109400 4.776600 0 0
-0.657200 -4.141500 4.358000 18 1
-0.584650 -4.249525 4.850725 20 1
-0.705300 -4.034000 4.526700 19 1
-0.652350 -4.180833 4.778050 21 1
-0.743567 -4.091533 3.673767 11 1
-0.663800 -4.192800 4.769267 21 1
-0.690400 -4.085100 4.165500 0 0
-0.694800 -4.097800 3.871600 0 0
-0.648900 -4.152800 4.128100 16 1
-0.687186 -4.093529 4.409071 0 0
-0.684600 -3.790500 4.819500 19 1
-0.667400 -4.014000 4.941800 12 1
-0.681675 -3.883350 4.732425 19 1
-0.696000 -4.101800 4.450100 0 0
-0.554650 -4.286200 4.891250 20 1
-0.666400 -4.197100 4.441500 18 1
-0.622800 -4.302000 4.518400 18 1
-0.713100 -4.081900 4.474900 19 1
-0.572960 -4.169480 4.195740 16 1
-0.687700 -3.887200 4.721113 19 1
-0.690833 -4.117600 4.049900 16 1
-0.522567 -4.333867 4.919800 20 1
-0.837600 -3.853900 3.955900 11 1
-0.619900 -4.222500 4.842700 21 1
-0.546600 -4.090200 4.022700 14 1
-0.531800 -4.313000 4.915100 20 1
-0.500800 -4.339600 4.923600 20 1
-0.549200 -4.062900 4.007600 14 1
-0.596900 -4.297600 4.504400 18 1
-0.818950 -3.826050 4.281400 17 1
-0.675300 -3.876100 4.750000 19 1
-0.654700 -4.018800 4.598000 19 1
-0.642200 -4.237700 4.465550 18 1
-0.659900 -4.008400 4.597500 19 1
-0.669675 -4.031688 4.541150 19 1
-0.519700 -4.301500 4.905500 20 1
-0.634050 -4.221950 4.829500 21 1
-0.698600 -4.105000 4.007700 16 1
-0.306250 -4.331050 4.224350 16 1
-0.271600 -4.330400 4.194900 16 1
-0.642533 -4.225700 4.451567 18 1
-0.342567 -4.318683 4.274567 16 1
-0.664000 -4.073400 4.905800 12 1
-0.651900 -4.104067 4.339767 18 1
-0.674300 -4.014800 4.616100 19 1
-0.670600 -4.150950 4.676950 20 1
-0.643000 -4.161800 4.748650 21 1
-0.702100 -4.016325 4.580250 19 1
-0.663517 -4.135517 4.081933 16 1
-0.658300 -4.009700 4.620800 19 1
-0.620200 -4.169500 4.146200 16 1
-0.723600 -4.093250 3.895450 15 1
-0.565200 -4.077100 3.999100 14 1
-0.645200 -4.160867 4.403500 18 1
-0.690300 -4.117400 4.620200 21 1
-0.750200 -3.983500 4.195900 17 1
-0.620000 -4.234300 4.465900 18 1
-0.711120 -4.090700 3.920000 0 0
-0.514300 -4.323100 4.918600 20 1
-0.668600 -4.087800 4.288500 18 1
-0.843780 -3.841420 4.273280 17 1
-0.597100 -4.378800 4.543800 18 1
-0.687380 -4.093770 4.244150 0 0
-0.646250 -4.204100 4.454800 18 1
-0.417200 -4.268200 4.307500 16 1
-0.597533 -4.267233 4.856767 20 1
-0.281825 -4.322350 4.205325 16 1
-0.680800 -4.132600 4.060000 16 1
-0.646700 -3.883100 4.728500 19 1
-0.695300 -4.000200 4.609200 19 1
-0.798150 -3.891650 3.955450 11 1
-0.634500 -4.249800 4.474600 18 1
-0.685500 -4.094450 4.562150 0 0
-0.690367 -4.163600 4.399600 18 1
-0.339175 -4.304325 4.268250 16 1
-0.694900 -3.968600 4.665300 19 1
-0.586700 -4.266800 4.908050 21 1
-0.504700 -4.225833 4.280133 16 1
-0.709100 -3.987850 4.612700 19 1
-0.512000 -4.073600 4.033700 14 1
-0.651825 -4.118075 4.349325 18 1
-0.268150 -4.313450 4.202100 16 1
-0.693200 -4.095200 4.805800 12 1
-0.501000 -4.207050 4.258900 16 1
-0.651700 -3.890500 4.724200 19 1
-0.546438 -4.205287 4.238200 16 1
-0.683600 -3.944400 4.658700 19 1
-0.390150 -4.289067 4.307950 16 1
-0.602960 -4.250260 4.889280 21 1
-0.634317 -4.125150 4.703350 21 1
-0.688200 -3.869767 4.736600 19 1
-0.658800 -4.133100 4.692050 21 1
-0.624544 -4.181111 4.787456 21 1
-0.630733 -4.196733 4.460533 18 1
-0.657767 -4.105133 4.320033 18 1
-0.701833 -3.950500 4.655700 19 1
-0.693200 -3.906800 4.705200 19 1
-0.664000 -4.229000 4.457500 18 1
-0.494400 -4.043200 4.054400 14 1
-0.662200 -4.072700 4.874000 12 1
-0.664800 -3.909700 4.703000 19 1
-0.681600 -4.164750 4.407000 18 1
-0.700700 -3.933700 4.682600 19 1
-0.651533 -4.177933 4.426933 18 1
-0.729588 -4.076788 3.686212 11 1
-0.658800 -4.157400 4.392000 18 1
-0.688267 -4.095100 4.148133 0 0
-0.309650 -4.036650 4.031250 14 1
-0.597600 -4.220750 4.813950 20 1
-0.687686 -4.148414 4.967529 13 1
-0.510533 -4.048200 4.040767 14 1
-0.768280 -3.959500 4.226700 17 1
-0.654400 -4.153800 4.998200 13 1
-0.643200 -4.191700 5.060700 13 1
-0.708833 -4.091200 3.941100 0 0
-0.513400 -4.331700 4.925400 20 1
-0.672400 -4.066300 4.861800 12 1
-0.769800 -4.000200 4.047000 15 1
-0.750500 -4.085600 3.707425 11 1
-0.300533 -4.316400 4.223900 16 1
-0.691767 -4.060900 4.484117 19 1
-0.633233 -4.180900 4.442067 18 1
-0.640000 -4.127800 4.686300 20 1
-0.679100 -4.105900 4.648100 21 1
-0.565000 -4.154700 4.190400 16 1
-0.607400 -4.165200 4.161500 16 1
-0.353300 -4.310200 4.281700 16 1
-0.672950 -4.100150 4.810150 12 1
-0.519367 -4.210667 4.247633 16 1
-0.678460 -4.057840 4.868040 12 1
-0.660720 -3.916780 4.691420 19 1
-0.744500 -4.104700 3.392400 0 0
-0.687336 -4.106082 4.709509 0 0
-0.728200 -4.011300 4.996350 12 1
-0.669333 -4.020367 4.583900 19 1
-0.660900 -4.130100 4.332600 18 1
-0.769600 -4.003100 4.034700 15 1
-0.693633 -4.102467 3.956100 0 0
-0.748300 -4.067075 3.998625 15 1
-0.660657 -4.031786 4.550814 19 1
-0.692900 -4.109300 4.616350 21 1
-0.657350 -3.901000 4.713900 19 1
-0.680900 -4.116600 4.832500 0 0
-0.675500 -4.130750 4.331250 18 1
-0.573450 -4.537450 4.564200 18 1
-0.768950 -4.048000 3.788400 11 1
-0.690250 -3.913875 4.693500 19 1
-0.650300 -4.135750 4.685200 20 1
-0.732400 -4.083400 3.671900 11 1
-0.656400 -4.128200 4.092800 16 1
-0.339520 -4.285160 4.276660 16 1
-0.707400 -4.048800 4.516400 19 1
-0.689760 -4.102420 4.596160 12 0
-0.728450 -4.096000 3.712650 0 0
-0.369525 -4.036725 4.076325 14 1
-0.514050 -4.375625 4.939525 20 1
-0.653200 -4.267200 4.488400 18 1
-0.649000 -3.876200 4.749800 19 1
-0.786567 -3.923200 4.247067 17 1
-0.759400 -4.007100 3.818700 11 1
-0.702720 -4.022300 4.562140 19 1
-0.596833 -4.073300 3.973067 14 1
-0.672975 -4.103125 4.055700 16 1
-0.613200 -4.232700 4.801600 20 1
-0.544500 -4.332300 4.961600 21 1
-0.776900 -4.023000 3.824400 11 1
-0.658050 -4.129850 4.348100 18 1
-0.646533 -4.190467 4.439500 18 1
-0.807650 -3.899650 3.945300 11 1
-0.696400 -3.886800 4.708500 19 1
-0.566650 -4.250750 4.862150 20 1
-0.760200 -4.022900 3.812200 11 1
-0.655000 -4.019400 4.577350 19 1
-0.681867 -4.073400 4.844333 12 1
-0.732767 -4.067800 3.724933 11 1
-0.597467 -4.235300 4.885800 21 1
-0.717317 -4.022117 4.565300 19 1
-0.804740 -3.884280 3.957020 11 1
-0.564700 -4.190700 4.211967 16 1
-0.654050 -3.857400 4.763850 19 1
-0.565400 -4.275000 4.926900 21 1
-0.680100 -3.775250 4.825450 19 1
-0.666550 -4.111650 3.902625 14 1
-0.671400 -4.059100 4.874500 12 1
-0.596850 -4.213250 4.842200 21 1
-0.640700 -4.198700 4.765300 20 1
-0.723367 -4.086267 3.643933 11 1
-0.678500 -4.105450 4.675850 0 0
-0.540700 -4.294200 4.894200 20 1
-0.656600 -3.949600 4.658700 19 1
-0.643900 -4.115100 4.357400 18 1
-0.682050 -3.932500 4.672400 19 1
-0.524600 -4.381700 4.940400 20 1
-0.444200 -4.034417 4.074117 14 1
-0.695550 -4.112300 4.310600 18 1
-0.679500 -4.028450 4.908300 12 1
-0.845650 -3.833750 3.957150 11 1
-0.658600 -3.790300 4.825800 19 1
-0.361800 -4.038600 4.068900 14 1
-0.719900 -4.104800 3.713300 0 0
-0.678200 -4.177200 4.748700 21 1
-0.672100 -3.886400 4.706100 19 1
-0.658300 -4.013800 4.611000 19 1
-0.693067 -4.055667 3.918567 15 1
-0.657433 -3.962100 4.654667 19 1
-0.703800 -4.070800 3.906600 15 1
-0.495633 -4.403333 4.948567 20 1
-0.780875 -4.019900 4.091175 15 1
-0.758400 -4.034900 4.008200 15 1
-0.651200 -4.159900 4.387300 18 1
-0.681700 -4.064033 4.478167 19 1
-0.678633 -4.094183 3.881750 14 1
-0.777800 -3.910800 4.258100 17 1
-0.693240 -3.980320 4.617140 19 1
-0.330567 -4.282689 4.270833 16 1
-0.537700 -4.180800 4.232900 16 1
-0.618543 -4.147757 4.139400 16 1
-0.669460 -4.178740 4.763760 21 1
-0.646000 -4.266400 4.494700 18 1
-0.739300 -4.059700 4.151600 17 1
-0.656900 -4.149600 4.677800 20 1
-0.432571 -4.034014 4.076643 14 1
-0.663100 -4.163800 4.400000 18 1
-0.676900 -3.851700 4.767700 19 1
-0.616300 -4.223800 4.789700 20 1
-0.500675 -4.360825 4.929350 20 1
-0.357950 -4.276500 4.293900 16 1
-0.823500 -3.898700 3.949400 11 1
-0.664600 -4.090000 4.855600 12 1
-0.694550 -4.096550 4.043450 0 0
-0.670400 -4.202700 5.040200 13 1
-0.638200 -4.294900 4.511700 18 1
-0.552600 -4.193300 4.226300 16 1
-0.669750 -4.139950 4.696450 21 1
-0.631100 -4.109100 4.104900 16 1
-0.593450 -4.258700 4.903400 21 1
-0.695700 -4.104300 4.021300 16 1
-0.625700 -4.228700 4.851000 21 1
-0.679550 -4.016600 4.966100 12 1
-0.668900 -3.906050 4.712225 19 1
-0.762387 -3.929087 4.247275 17 1
-0.653700 -3.846000 4.777800 19 1
-0.831000 -3.869000 4.273200 17 1
-0.530000 -4.049800 4.015300 14 1
-0.688667 -4.095667 4.451600 0 0
-0.647400 -4.142000 4.693400 20 1
-0.681200 -4.189900 5.013000 13 1
-0.660100 -4.083300 4.300400 18 1
-0.666000 -4.072667 4.889567 12 1
-0.679400 -4.087500 4.412250 0 0
-0.643800 -4.200900 4.427900 18 1
-0.684833 -4.036900 4.529133 19 1
-0.599250 -4.319100 4.519900 18 1
-0.486100 -4.221400 4.269900 16 1
-0.605950 -4.307700 4.511350 18 1
-0.521800 -4.060633 4.036400 14 1
-0.669267 -4.164000 4.744867 21 1
-0.507050 -4.384800 4.944325 20 1
-0.663200 -3.970200 4.640600 19 1
-0.701780 -3.901980 4.702780 19 1
-0.741589 -4.004200 4.985122 12 1
-0.704900 -3.972300 4.626700 19 1
-0.604025 -4.070150 3.965725 14 1
-0.660025 -4.210700 4.454650 18 1
-0.661000 -3.990000 4.641500 19 1
-0.701900 -4.086400 3.836400 14 1
-0.690050 -4.105562 4.793550 0 0
-0.639400 -4.106200 3.920600 14 1
-0.618933 -4.144133 4.743367 21 1
-0.531800 -4.212767 4.253633 16 1
-0.591900 -4.233900 4.824500 20 1
-0.696700 -4.088800 3.845000 14 1
-0.657900 -3.997700 4.622300 19 1
-0.678717 -4.109250 4.553550 0 0
-0.783267 -3.917400 3.920867 11 1
-0.615333 -4.382200 4.535733 18 1
-0.680300 -4.100600 4.355100 0 0
-0.704100 -4.093875 3.911375 0 0
-0.662900 -4.158300 4.982000 13 1
-0.768288 -3.946875 4.235250 17 1
-0.715400 -4.099625 3.731000 0 0
-0.707900 -4.110400 4.010700 16 1
-0.705317 -4.096617 3.902533 0 0
-0.665800 -4.112300 4.306800 18 1
-0.531200 -4.343500 4.924967 20 1
-0.849300 -3.827600 4.268400 17 1
-0.386875 -4.279825 4.307750 16 1
-0.569100 -4.278500 4.884200 20 1
-0.669600 -4.082800 4.838200 12 1
-0.665850 -4.020025 4.568675 19 1
-0.665700 -4.120050 4.322200 18 1
-0.656667 -4.193233 4.789700 21 1
-0.558250 -4.082375 4.010125 14 1
-0.696850 -4.102675 3.905400 0 0
-0.677600 -4.154800 4.390700 18 1
-0.684750 -4.098350 4.580350 0 0
-0.697450 -4.105200 4.128000 0 0
-0.594400 -4.252400 4.845100 20 1
-0.672240 -4.055820 4.511480 19 1
-0.652600 -3.750200 4.851700 19 1
-0.774300 -3.918100 4.254500 17 1
-0.636767 -4.259333 4.484217 18 1
-0.732100 -4.066900 3.689000 11 1
-0.654500 -3.795450 4.818100 19 1
-0.671800 -4.079100 4.285200 18 1
-0.654050 -4.108850 4.082200 16 1
-0.712700 -4.105600 4.002300 16 1
-0.399867 -4.255900 4.313233 16 1
-0.633800 -4.138350 4.115450 16 1
-0.611700 -4.292000 4.508350 18 1
-0.525550 -4.309575 4.904725 20 1
-0.797700 -3.923200 4.248050 17 1
-0.579533 -4.193017 4.208233 16 1
-0.676900 -4.013500 4.589900 19 1
-0.670300 -4.186300 5.035800 13 1
-0.726500 -4.065600 3.698300 11 1
-0.740400 -4.058200 3.740200 11 1
-0.690233 -4.109400 4.037150 16 1
-0.624000 -4.259900 4.481400 18 1
-0.704100 -4.057700 4.509400 19 1
-0.309225 -4.289262 4.245062 16 1
-0.498033 -4.193200 4.252367 16 1
-0.649050 -4.109200 4.673175 21 1
-0.677500 -4.191600 4.428100 18 1
-0.324000 -4.025200 4.049700 14 1
-0.672300 -3.959350 4.655900 19 1
-0.656433 -4.166400 4.405833 18 1
-0.485433 -4.055033 4.057333 14 1
-0.521500 -4.182100 4.242500 16 1
-0.660700 -3.940100 4.678500 19 1
-0.357133 -4.291833 4.280800 16 1
-0.628500 -4.262150 4.492650 18 1
-0.676800 -4.140700 4.361600 18 1
-0.630460 -4.157560 4.753920 21 1
-0.633550 -4.171525 4.427550 18 1
-0.546100 -4.325200 4.914600 20 1
-0.637700 -4.174700 5.033100 13 1
-0.575450 -4.247250 4.894050 21 1
-0.639720 -4.241680 4.478280 18 1
-0.576425 -4.084800 3.989537 14 1
-0.606100 -4.229100 4.820800 20 1
-0.416400 -4.047600 4.073800 14 1
-0.674820 -4.166940 4.717820 21 1
-0.351150 -4.283260 4.283520 16 1
-0.664600 -3.988600 4.620300 19 1
-0.795400 -3.956750 3.902950 11 1
-0.666600 -4.101700 4.824100 12 1
-0.810900 -3.786400 4.278300 17 1
-0.702300 -4.067100 4.498800 19 1
-0.564400 -4.312000 4.947250 21 1
-0.481133 -4.078633 4.056300 14 1
-0.333650 -4.045550 4.051950 14 1
-0.656800 -3.774600 4.839900 19 1
-0.692367 -4.079067 4.006533 16 1
-0.520300 -4.356500 4.937700 20 1
-0.725400 -4.094300 3.628600 0 0
-0.571000 -4.302600 4.899100 20 1
-0.475800 -4.209200 4.275700 16 1
-0.637300 -4.227400 4.458400 18 1
-0.538033 -4.322833 4.949433 21 1
-0.651600 -4.099400 3.911100 14 1
-0.681200 -4.146300 4.690400 21 1
-0.254870 -4.322090 4.166340 16 1
-0.321300 -4.321200 4.255000 16 1
-0.666900 -4.151000 4.988950 13 1
-0.318308 -4.282817 4.256583 16 1
-0.789625 -3.935000 4.238425 17 1
-0.737550 -4.072100 3.965250 15 1
-0.567450 -4.235250 4.880050 21 1
-0.596600 -4.266950 4.897750 21 1
-0.553500 -4.286850 4.940850 21 1
-0.668650 -4.241600 4.459700 18 1
-0.275450 -4.307400 4.200400 16 1
-0.643900 -4.129900 4.358600 18 1
-0.619000 -4.246600 4.484450 18 1
-0.645067 -4.114333 4.097800 16 1
-0.813125 -3.814700 4.277200 17 1
-0.263300 -4.320900 4.180867 16 1
-0.662880 -4.177900 4.754900 21 1
-0.753200 -4.084600 3.724250 11 1
-0.792000 -3.994800 3.870600 11 1
-0.687300 -3.997950 4.966750 12 1
-0.679300 -4.084240 4.823420 12 1
-0.544200 -4.195600 4.224700 16 1
-0.664300 -4.201700 5.059700 13 1
-0.692100 -4.035800 4.560200 19 1
-0.748700 -4.064700 3.722350 11 1
-0.676200 -4.041500 4.896600 12 1
-0.696660 -4.102700 3.920160 0 0
-0.662900 -4.013900 4.586700 19 1
-0.676700 -4.022000 4.917700 12 1
-0.585050 -4.283100 4.924100 21 1
-0.673000 -4.160500 4.997600 13 1
-0.765678 -3.982789 4.214178 17 1
-0.689800 -4.053000 4.877300 12 1
-0.687269 -4.093731 4.229300 0 0
-0.684500 -4.133900 4.943700 0 0
-0.681756 -4.109822 4.586311 0 0
-0.616600 -4.077000 3.952000 14 1
-0.680000 -4.063100 4.504200 19 1
-0.644650 -4.207750 4.765250 20 1
-0.628050 -4.155900 4.403550 18 1
-0.668500 -4.151867 4.714667 21 1
-0.684200 -4.094300 4.610600 10 0
-0.708444 -4.103078 3.875644 0 0
-0.633050 -4.166350 4.736350 20 1
-0.705800 -4.095800 4.454200 19 1
-0.669200 -4.153600 4.352100 18 1
-0.693180 -4.090840 4.091420 0 0
-0.671850 -3.994850 4.622350 19 1
-0.564267 -4.265150 4.872000 20 1
-0.597200 -4.195475 4.178725 16 1
-0.636725 -4.289125 4.502088 18 1
-0.458500 -4.055750 4.069650 14 1
-0.667500 -4.097200 4.650600 21 1
-0.735380 -4.084440 3.926120 15 1
-0.333422 -4.274578 4.289078 16 1
-0.696220 -4.130640 4.658180 21 1
-0.679050 -4.093600 4.430400 0 0
-0.694900 -4.085300 4.116300 0 0
-0.732680 -4.106170 3.451870 0 0
-0.828400 -3.869214 3.956729 11 1
-0.731000 -4.091300 3.648700 11 1
-0.707300 -4.104600 3.819300 14 1
-0.495375 -4.384575 4.943025 20 1
-0.690280 -3.941360 4.664520 19 1
-0.696600 -4.012300 4.590900 19 1
-0.671000 -4.018900 4.602000 19 1
-0.599500 -4.232900 4.832900 20 1
-0.760000 -4.009100 4.192900 17 1
-0.683300 -4.119000 4.877300 0 0
-0.608450 -4.225900 4.868250 21 1
-0.684533 -4.135050 4.652533 20 1
-0.588080 -4.220660 4.853020 21 1
-0.769800 -4.000300 4.067100 15 1
-0.674500 -4.041300 4.953400 12 1
-0.665900 -4.190050 4.425950 18 1
-0.678875 -4.148025 4.370125 18 1
-0.657550 -3.826950 4.800200 19 1
-0.825175 -3.757300 4.291925 17 1
-0.682300 -4.091900 4.364300 0 0
-0.663900 -4.142800 4.096800 16 1
-0.500600 -4.231200 4.274733 16 1
-0.564333 -4.154667 4.201700 16 1
-0.689700 -3.968400 4.634000 19 1
-0.615400 -4.173300 4.751900 20 1
-0.714967 -4.097733 3.761000 0 0
-0.676400 -3.974500 4.637200 19 1
-0.675900 -4.097400 4.405800 0 0
-0.573200 -4.267300 4.916800 21 1
-0.652900 -4.200400 4.793100 21 1
-0.566400 -4.165500 4.204700 16 1
-0.581200 -4.200300 4.222100 16 1
-0.597500 -4.428700 4.554800 18 1
-0.705900 -4.001850 4.599000 19 1
-0.633050 -4.147650 4.380550 18 1
-0.546925 -4.205625 4.256850 16 1
-0.609700 -4.285550 4.502500 18 1
-0.296817 -4.031083 4.009700 14 1
-0.303500 -4.039800 4.022300 14 1
-0.537340 -4.053000 4.007840 14 1
-0.680700 -4.168500 4.702200 20 1
-0.675020 -4.157760 4.715400 21 1
-0.660700 -4.112100 4.648100 21 1
-0.692800 -3.850780 4.756960 19 1
-0.671750 -4.112000 3.878900 14 1
-0.714386 -4.097157 3.836329 0 0
-0.747250 -4.088800 3.689325 11 1
-0.685300 -4.067300 3.908200 15 1
-0.484200 -4.239500 4.288100 16 1
-0.815600 -3.863200 3.964100 11 1
-0.682050 -4.079050 4.811350 12 1
-0.660100 -3.923840 4.682600 19 1
-0.659600 -4.032050 4.523300 19 1
-0.685200 -4.132000 4.904400 0 0
-0.697300 -4.089267 3.992667 0 0
-0.786900 -4.010900 4.186900 17 1
-0.701500 -4.050200 3.933300 15 1
-0.704800 -4.088000 3.890600 0 0
-0.642700 -4.199267 4.793700 21 1
-0.831850 -3.892050 4.273600 17 1
-0.610067 -4.181367 4.793033 21 1
-0.738771 -4.093729 3.920200 15 1
-0.678867 -4.159500 4.703400 21 1
-0.658500 -4.200300 4.445800 18 1
-0.369760 -4.298000 4.292500 16 1
-0.685167 -4.103250 4.550633 0 0
-0.615800 -4.238100 4.814680 20 1
-0.316100 -4.044500 4.030800 14 1
-0.681233 -4.106756 4.529367 0 0
-0.690283 -4.136267 4.331183 18 1
-0.774200 -4.045700 3.803800 11 1
-0.675750 -3.992000 4.634900 19 1
-0.565250 -4.225200 4.862750 21 1
-0.654900 -4.079800 4.876700 12 1
-0.681600 -4.105600 4.757200 0 0
-0.689100 -4.050400 4.516800 19 1
-0.330700 -4.318000 4.252000 16 1
-0.652750 -4.279500 4.501000 18 1
-0.558200 -4.266600 4.914800 21 1
-0.316700 -4.034800 4.040100 14 1
-0.584400 -4.172900 4.192600 16 1
-0.756317 -4.091733 3.392367 0 0
-0.672017 -4.051850 4.904333 12 1
-0.694400 -4.100400 3.844000 14 1
-0.755800 -4.038200 3.797400 11 1
-0.630600 -4.243600 4.466300 18 1
-0.615500 -4.103800 3.935700 14 1
-0.715400 -4.091900 3.881950 0 0
-0.670600 -3.800700 4.818600 19 1
-0.564250 -4.061075 4.001875 14 1
-0.680450 -4.188150 5.024200 13 1
-0.527300 -4.068100 4.033100 14 1
-0.554400 -4.067500 4.012567 14 1
-0.674200 -4.102200 4.389400 0 0
-0.683700 -4.029900 4.968100 12 1
-0.703400 -4.016700 4.984300 12 1
-0.425900 -4.287250 4.306250 16 1
-0.639000 -4.191100 5.053300 13 1
-0.645100 -4.175100 4.413900 18 1
-0.693500 -4.084700 4.457100 19 1
-0.687850 -4.070300 4.481050 19 1
-0.834075 -3.838500 4.277375 17 1
-0.700700 -4.085900 4.472700 19 1
-0.695850 -4.170300 4.989950 13 1
-0.718800 -4.091600 3.719900 0 0
-0.448400 -4.263500 4.295800 16 1
-0.729325 -4.103200 3.626050 0 0
-0.735700 -4.097150 3.422050 0 0
-0.676700 -4.105500 4.578700 0 0
-0.638200 -4.216350 4.822700 21 1
-0.732500 -4.041700 3.781350 11 1
-0.666825 -4.094675 4.835175 12 1
-0.697500 -3.927100 4.689100 19 1
-0.626300 -4.199800 4.809800 21 1
-0.728100 -4.090700 3.676600 0 0
-0.607060 -4.177840 4.160860 16 1
-0.420250 -4.258700 4.305150 16 1
-0.619467 -4.234733 4.862700 21 1
-0.658100 -4.113600 4.665200 21 1
-0.557200 -4.255000 4.909900 21 1
-0.699150 -4.087050 3.982700 0 0
-0.375600 -4.309475 4.300325 16 1
-0.288900 -4.321900 4.210680 16 1
-0.570500 -4.058450 3.995550 14 1
-0.546250 -4.291850 4.948450 21 1
-0.621900 -4.151900 4.739500 20 1
-0.671800 -4.099600 4.618300 21 1
-0.552800 -4.283600 4.879300 20 1
-0.600240 -4.225360 4.856480 21 1
-0.730533 -4.076867 3.944033 15 1
-0.647800 -4.105100 4.323500 18 1
-0.625100 -4.159900 4.392500 18 1
-0.657367 -4.061533 4.494167 19 1
-0.683917 -4.111233 4.679300 0 0
-0.487150 -4.076900 4.050075 14 1
-0.693500 -4.126942 4.913325 0 0
-0.680200 -4.071800 4.267500 18 1
-0.642367 -4.180033 4.428067 18 1
-0.650975 -4.128125 4.694200 21 1
-0.684100 -4.094880 4.510700 0 0
-0.716900 -4.101000 3.892450 0 0
-0.397900 -4.242300 4.313400 16 1
-0.681600 -4.006900 4.960600 12 1
-0.702567 -3.959567 4.644000 19 1
-0.679500 -4.033000 4.567000 19 1
-0.454700 -4.071500 4.077300 14 1
-0.634400 -4.177500 4.414600 18 1
-0.667160 -4.114500 4.331780 18 1
-0.756000 -4.080000 3.998000 15 1
-0.750900 -4.050400 3.772700 11 1
-0.604650 -4.330950 4.524900 18 1
-0.693933 -4.093567 4.117800 0 0
-0.727800 -4.080900 3.964400 15 1
-0.730120 -4.097120 3.635020 11 1
-0.681300 -4.056300 4.496000 19 1
-0.558800 -4.294100 4.936100 21 1
-0.567438 -4.238587 4.841175 20 1
-0.532100 -4.344100 4.968300 21 1
-0.690260 -4.109860 4.136500 0 0
-0.651700 -3.904600 4.700000 19 1
-0.435433 -4.052367 4.076900 14 1
-0.647533 -3.764700 4.849800 19 1
-0.738000 -4.061300 3.993900 15 1
-0.761200 -4.014500 3.824100 11 1
-0.697900 -3.914700 4.698800 19 1
-0.652112 -4.187638 4.418563 18 1
-0.627550 -4.217475 4.451275 18 1
-0.678200 -4.097383 4.220200 0 0
-0.575400 -4.099300 4.001100 14 1
-0.610250 -4.213350 4.835550 21 1
-0.662700 -4.182100 5.014300 13 1
-0.699300 -4.079125 4.826250 12 1
-0.754100 -4.057700 3.763900 11 1
-0.681100 -4.103900 4.736200 0 0
-0.693211 -4.067556 4.847444 12 1
-0.606333 -4.247367 4.474500 18 1
-0.570667 -4.288800 4.886800 20 1
-0.671550 -4.060350 4.907350 12 1
-0.539700 -4.280800 4.894000 20 1
-0.593300 -4.213000 4.787425 20 1
-0.681680 -4.097220 4.193480 0 0
-0.723767 -4.099200 3.680567 0 0
-0.683400 -4.089000 4.378600 0 0
-0.730000 -4.062800 3.737400 11 1
-0.706300 -4.104600 4.792600 12 1
-0.720600 -4.090850 3.728300 0 0
-0.732975 -4.102375 3.497275 0 0
-0.573433 -4.288700 4.894800 20 1
-0.799250 -3.908050 4.253050 17 1
-0.699600 -4.120000 4.636000 21 1
-0.752700 -4.013000 3.810200 11 1
-0.669800 -4.138500 4.345100 18 1
-0.611100 -4.218000 4.849700 21 1
-0.719380 -4.103960 3.797160 0 0
-0.719100 -4.095350 3.820800 0 0
-0.687400 -3.899000 4.708900 19 1
-0.792100 -3.887500 4.263100 17 1
-0.619700 -4.275400 4.497400 18 1
-0.694433 -4.088833 4.811100 12 1
-0.696700 -4.041500 4.544000 19 1
-0.591700 -4.145633 4.154533 16 1
-0.606700 -4.426600 4.541720 18 1
-0.670800 -3.828100 4.788400 19 1
-0.670300 -4.229200 4.446200 18 1
-0.683500 -4.104900 4.507100 0 0
-0.504500 -4.220200 4.262100 16 1
-0.739400 -4.075200 3.716100 11 1
-0.631500 -4.075667 3.932300 14 1
-0.671767 -3.880567 4.735833 19 1
-0.642550 -4.196500 4.446900 18 1
-0.656500 -4.172000 4.716400 20 1
-0.610200 -4.216200 4.796000 20 1
-0.692100 -4.149600 4.679400 21 1
-0.571600 -4.305100 4.938400 21 1
-0.672300 -4.120588 4.646438 21 1
-0.663800 -4.071700 3.917200 14 1
-0.639100 -4.156350 4.382250 18 1
-0.773800 -4.039400 4.179100 17 1
-0.688800 -4.045100 4.531300 19 1
-0.686267 -4.104333 4.643167 0 0
-0.636800 -4.141650 4.124800 16 1
-0.505800 -4.226000 4.288400 16 1
-0.660600 -4.229100 5.080600 13 1
-0.733000 -4.086500 3.909500 15 1
-0.705650 -3.938150 4.667600 19 1
-0.684000 -3.870700 4.746800 19 1
-0.675100 -4.125100 4.060000 16 1
-0.600900 -4.183500 4.768500 20 1
-0.728500 -4.087800 3.938450 15 1
-0.672650 -4.154200 4.337150 18 1
-0.719000 -4.101900 3.741100 0 0
-0.576100 -4.245400 4.841800 20 1
-0.642243 -4.090257 3.917500 14 1
-0.258067 -4.336067 4.165733 16 1
-0.632100 -4.146600 4.723700 20 1
-0.658300 -4.168500 5.001500 13 1
-0.690350 -4.013175 4.970975 12 1
-0.731100 -4.086300 3.632700 0 0
-0.585550 -4.367100 4.548350 18 1
-0.487250 -4.064000 4.056250 14 1
-0.653200 -4.136000 4.669600 20 1
-0.796400 -3.902800 3.942400 11 1
-0.710433 -4.099567 3.917167 0 0
-0.282200 -4.317300 4.193900 16 1
-0.671700 -3.888900 4.717600 19 1
-0.674300 -4.117900 4.047800 16 1
-0.639383 -4.184050 4.435983 18 1
-0.655500 -4.229900 4.472200 18 1
-0.720500 -4.093300 3.704400 0 0
-0.670300 -4.021800 4.956900 12 1
-0.660500 -4.023800 4.601900 19 1
-0.821800 -3.808750 4.284100 17 1
-0.679500 -4.095700 4.347900 0 0
-0.665750 -4.091850 4.847075 12 1
-0.585667 -4.150700 4.172567 16 1
-0.648800 -4.155850 4.733900 21 1
-0.771780 -3.932100 4.245100 17 1
-0.492471 -4.237571 4.286214 16 1
-0.576315 -4.229062 4.817300 20 1
-0.649400 -4.125100 4.675100 20 1
-0.692760 -4.151800 4.973140 13 1
-0.679200 -3.916400 4.682900 19 1
-0.667600 -4.189200 4.436800 18 1
-0.694167 -4.091167 4.018967 0 0
-0.465533 -4.051400 4.066600 14 1
-0.557800 -4.256500 4.871900 20 1
-0.822388 -3.874887 3.956200 11 1
-0.549875 -4.261625 4.874725 20 1
-0.592800 -4.214675 4.796625 20 1
-0.605800 -4.150200 4.158400 16 1
-0.663200 -4.094700 4.306300 18 1
-0.682200 -4.107250 4.829050 12 1
-0.540800 -4.207956 4.244267 16 1
-0.756100 -4.018850 4.007500 15 1
-0.330525 -4.304250 4.259225 16 1
-0.649171 -4.082357 3.911686 14 1
-0.668100 -4.253000 4.469800 18 1
-0.649400 -4.165200 5.017900 13 1
-0.664000 -4.096500 4.294200 18 1
-0.711417 -4.060800 4.502050 19 1
-0.680200 -4.116000 4.613600 20 1
-0.618083 -4.207267 4.823633 21 1
-0.699280 -4.102340 3.929060 0 0
-0.532300 -4.300700 4.905000 20 1
-0.771450 -4.026300 4.037100 15 1
-0.678600 -4.088533 4.808833 12 1
-0.592700 -4.351700 4.541400 18 1
-0.576300 -4.160267 4.192700 16 1
-0.525975 -4.292075 4.897650 20 1
-0.741700 -4.081400 3.991500 15 1
-0.668700 -4.117300 4.632100 20 1
-0.675800 -4.112700 4.669500 0 0
-0.613600 -4.201600 4.792400 20 1
-0.555400 -4.311950 4.908350 20 1
-0.544100 -4.313000 4.917800 20 1
-0.677700 -4.155800 4.974500 13 1
-0.671700 -4.171300 4.736800 21 1
-0.661500 -4.038400 4.529300 19 1
-0.563650 -4.531550 4.564800 18 1
-0.606125 -4.403150 4.535150 18 1
-0.733300 -4.015000 3.988500 15 1
-0.674000 -4.106800 4.654900 21 1
-0.707000 -4.025300 4.577500 19 1
-0.632350 -4.344150 4.522900 18 1
-0.685080 -4.109000 4.742020 0 0
-0.598150 -4.256250 4.892200 21 1
-0.675000 -3.930700 4.681400 19 1
-0.675540 -4.039160 4.535040 19 1
-0.759586 -4.037043 4.175300 17 1
-0.678300 -4.101300 4.630450 21 1
-0.652400 -4.186700 4.430400 18 1
-0.683700 -4.131300 4.669500 21 1
-0.676300 -4.105400 4.564700 0 0
-0.677450 -4.112000 4.727800 0 0
-0.682186 -4.091186 4.238171 0 0
-0.639300 -4.061400 3.928400 14 1
-0.721200 -4.072700 3.931700 15 1
-0.662500 -4.018000 4.593800 19 1
-0.721200 -4.086500 3.688700 0 0
-0.670100 -4.069900 4.477200 19 1
-0.671900 -4.106000 4.643267 21 1
-0.678600 -4.103550 4.514325 0 0
-0.751800 -3.982100 4.980100 12 1
-0.628033 -4.186100 4.796833 21 1
-0.632800 -4.362700 4.520000 18 1
-0.655800 -4.245700 4.473400 18 1
-0.672775 -3.917200 4.697475 19 1
-0.747100 -4.000900 4.195800 17 1
-0.669762 -4.010838 4.601175 19 1
-0.699133 -4.100433 3.968111 0 0
-0.645350 -4.211850 5.075000 13 1
-0.690500 -4.093500 4.469500 0 0
-0.661100 -4.030900 4.536150 19 1
-0.662400 -4.213100 5.076100 13 1
-0.686950 -4.106725 4.307575 18 1
-0.583700 -4.268000 4.863600 20 1
-0.681267 -4.103500 3.851233 14 1
-0.547900 -4.273200 4.879000 20 1
-0.686100 -4.085700 4.008200 16 1
-0.663100 -3.778100 4.834600 19 1
-0.693250 -3.858300 4.742250 19 1
-0.754300 -4.000100 4.200800 17 1
-0.598250 -4.474900 4.564950 18 1
-0.612620 -4.198180 4.817760 21 1
-0.687400 -4.116300 4.848900 0 0
-0.709900 -4.104600 3.811000 14 1
-0.798200 -3.973100 3.893400 11 1
-0.660800 -4.136500 4.092100 16 1
-0.769100 -4.040100 3.799200 11 1
-0.621900 -4.315733 4.526067 18 1
-0.603900 -4.297200 4.511300 18 1
-0.663525 -4.178250 5.027375 13 1
-0.695650 -4.092900 4.277300 18 1
-0.698550 -3.990000 4.607700 19 1
-0.632400 -4.197400 4.772100 20 1
-0.645900 -3.923400 4.685100 19 1
-0.762414 -3.998371 4.982886 12 1
-0.738100 -4.083100 3.947000 15 1
-0.688700 -4.019300 4.576400 19 1
-0.620300 -4.154900 4.150600 16 1
-0.677800 -3.988500 4.617600 19 1
-0.785675 -3.947125 3.892800 11 1
-0.625200 -4.233300 4.837000 21 1
-0.740700 -4.075260 3.983800 15 1
-0.635686 -4.168829 4.765771 21 1
-0.519250 -4.076275 4.036275 14 1
-0.770400 -4.010900 4.032500 15 1
-0.668900 -4.181100 4.426600 18 1
-0.655200 -4.147800 4.716300 21 1
-0.663600 -3.836040 4.790560 19 1
-0.624450 -4.202100 4.783500 20 1
-0.715100 -4.007000 4.987200 12 1
-0.618033 -4.216333 4.793800 20 1
-0.677900 -4.094100 4.438900 0 0
-0.498500 -4.232800 4.291400 16 1
-0.675500 -4.093300 3.889200 14 1
-0.613000 -4.394500 4.529800 18 1
-0.720300 -4.094233 3.650200 0 0
-0.723600 -4.098900 3.847200 0 0
-0.700200 -4.097300 4.802250 12 1
-0.706500 -4.097050 3.954300 0 0
-0.755350 -4.095600 3.425200 0 0
-0.672425 -4.120650 4.070275 16 1
-0.566967 -4.549533 4.558767 18 1
-0.663900 -3.852875 4.777500 19 1
-0.682233 -4.106233 4.811300 12 1
-0.687250 -4.019550 4.560000 19 1
-0.744550 -4.015450 4.188150 17 1
-0.628700 -4.228900 4.458500 18 1
-0.649400 -4.116600 4.085500 16 1
-0.723500 -4.107800 3.581300 0 0
-0.658500 -4.021900 4.584900 19 1
-0.698500 -4.096900 4.007300 0 0
-0.635800 -4.182400 4.757100 20 1
-0.673500 -4.108600 4.290200 18 1
-0.684900 -4.109283 4.724358 0 0
-0.792800 -3.943467 3.913767 11 1
-0.654600 -4.175720 4.405520 18 1
-0.731400 -4.098700 3.668100 0 0
-0.790900 -4.006200 3.858800 11 1
-0.686575 -4.135675 4.322925 18 1
-0.318667 -4.024933 4.037467 14 1
-0.524400 -4.220000 4.276200 16 1
-0.650850 -4.205450 4.786850 21 1
-0.696825 -4.126800 4.321450 18 1
-0.459500 -4.234600 4.285767 16 1
-0.677100 -4.100300 4.466700 0 0
-0.676400 -3.869300 4.737000 19 1
-0.457200 -4.258600 4.294000 16 1
-0.677000 -4.144800 4.071000 16 1
-0.692750 -4.072800 4.466550 19 1
-0.633700 -4.216400 4.780700 20 1
-0.681400 -4.105150 4.490400 0 0
-0.633600 -4.089500 3.928100 14 1
-0.619700 -4.189000 4.443700 18 1
-0.678433 -4.168233 4.733367 21 1
-0.600900 -4.442300 4.548700 18 1
-0.729450 -4.100700 3.653400 0 0
-0.630300 -4.122300 4.109700 16 1
-0.726000 -4.073200 3.938400 15 1
-0.590300 -4.247400 4.897500 21 1
-0.734850 -4.065700 3.710100 11 1
-0.539100 -4.329600 4.914000 20 1
-0.690725 -4.094775 3.857225 14 1
-0.687483 -4.078800 4.826267 12 1
-0.675433 -4.123433 4.319633 18 1
-0.641867 -4.174900 4.775200 21 1
-0.685900 -4.077100 4.477200 19 1
-0.696000 -4.096800 4.025600 0 0
-0.702740 -4.027980 4.568060 19 1
-0.655129 -4.120943 4.079529 16 1
-0.539600 -4.317000 4.911100 20 1
-0.792950 -3.898650 4.259400 17 1
-0.792300 -4.002900 3.866000 11 1
-0.650333 -4.118433 4.679500 21 1
-0.736900 -4.072700 3.698800 11 1
-0.681100 -4.166600 4.987700 13 1
-0.580300 -4.380600 4.549500 18 1
-0.627580 -4.133640 4.729960 21 1
-0.674700 -4.115300 4.804800 0 0
-0.772400 -4.015400 4.045100 15 1
-0.585500 -4.287050 4.882700 20 1
-0.682067 -4.112333 4.796267 8 0
-0.677833 -4.053100 4.874733 12 1
-0.757017 -4.076000 3.740167 11 1
-0.831150 -3.814500 4.280700 17 1
-0.373100 -4.042700 4.072100 14 1
-0.578300 -4.259800 4.864300 20 1
-0.339700 -4.046200 4.057900 14 1
-0.774300 -4.013800 3.833050 11 1
-0.473100 -4.249900 4.293000 16 1
-0.556800 -4.543000 4.560300 18 1
-0.657000 -4.140067 4.118267 16 1
-0.458700 -4.064700 4.073000 14 1
-0.625400 -4.270400 4.485700 18 1
-0.639700 -4.143200 4.707400 20 1
-0.758200 -4.092400 3.382700 0 0
-0.671150 -4.053250 4.922650 12 1
-0.584600 -4.066550 3.985550 14 1
-0.690450 -3.982350 4.624750 19 1
-0.728900 -4.099767 3.728333 0 0
-0.576200 -4.219000 4.857400 21 1
-0.730000 -4.100200 3.692650 0 0
-0.673600 -4.051100 4.519000 19 1
-0.479940 -4.069800 4.060600 14 1
-0.707450 -4.079900 3.916900 7 0
-0.322300 -4.048850 4.040350 14 1
-0.552700 -4.187600 4.213300 16 1
-0.630900 -4.277500 4.500800 18 1
-0.695950 -4.137050 4.672800 21 1
-0.572800 -4.273200 4.866600 20 1
-0.558433 -4.198983 4.235017 16 1
-0.626100 -4.216300 4.786800 20 1
-0.788200 -3.958800 3.891500 11 1
-0.548200 -4.279400 4.931500 21 1
-0.585100 -4.201200 4.205500 16 1
-0.585760 -4.252840 4.904520 21 1
-0.666050 -4.157175 4.688250 20 1
-0.306800 -4.315200 4.218700 16 1
-0.511100 -4.326400 4.909400 20 1
-0.762700 -3.984800 4.986200 12 1
-0.310550 -4.325350 4.240550 16 1
-0.615200 -4.275900 4.487100 18 1
-0.721500 -4.056200 3.983700 15 1
-0.686500 -3.877500 4.735550 19 1
-0.673267 -4.078667 4.853100 12 1
-0.684800 -4.086950 4.481400 0 0
-0.690200 -4.127100 4.051050 16 1
-0.543200 -4.198150 4.233050 16 1
-0.695050 -4.116250 4.039650 16 1
-0.691200 -4.102375 3.977150 0 0
-0.611750 -4.147750 4.150250 16 1
-0.682600 -4.113700 4.605700 0 0
-0.450900 -4.051400 4.071700 14 1
-0.550400 -4.316233 4.961500 21 1
-0.663588 -4.145300 4.679075 20 1
-0.663200 -4.093780 4.055300 16 1
-0.735229 -4.102814 3.413400 0 0
-0.279150 -4.330550 4.184150 16 1
-0.621900 -4.155400 4.730700 20 1
-0.669333 -4.061967 4.491133 19 1
-0.677200 -4.168900 4.378700 18 1
-0.656600 -4.250267 4.460100 18 1
-0.680750 -4.136500 4.962300 13 1
-0.351380 -4.270960 4.295580 16 1
-0.401900 -4.277600 4.312900 16 1
-0.729543 -4.003486 4.982914 12 1
-0.540125 -4.064975 4.021550 14 1
-0.281700 -4.324900 4.190000 16 1
-0.519250 -4.341850 4.926550 20 1
-0.680400 -4.116600 4.302400 18 1
-0.683300 -4.055700 4.518000 19 1
-0.591750 -4.168950 4.184117 16 1
-0.795820 -3.923120 3.928760 11 1
-0.673600 -4.178400 4.407600 18 1
-0.750300 -4.061400 3.730700 11 1
-0.667800 -4.027000 4.931900 12 1
-0.564800 -4.183600 4.206400 16 1
-0.625700 -4.310300 4.521700 18 1
-0.795150 -3.997550 3.877900 11 1
-0.677300 -4.017800 4.597300 19 1
-0.613800 -4.311600 4.528700 18 1
-0.702220 -4.006820 4.979420 12 1
-0.701600 -4.130600 4.954000 13 1
-0.552967 -4.325467 4.949667 21 1
-0.669267 -4.142133 4.085600 16 1
-0.646700 -4.368100 4.526700 18 1
-0.728620 -4.082160 3.955940 15 1
-0.718700 -4.061900 3.935800 15 1
-0.625075 -4.186275 4.457300 18 1
-0.730700 -4.103050 3.479350 0 0
-0.674700 -4.158500 4.399300 18 1
-0.703900 -4.086300 4.462100 19 1
-0.670400 -4.109000 4.060500 16 1
-0.710000 -4.098400 3.936700 0 0
-0.702200 -3.905300 4.690000 19 1
-0.498725 -4.367600 4.939775 20 1
-0.680600 -3.977450 4.623250 19 1
-0.682900 -4.116600 4.867800 0 0
-0.664300 -4.041800 4.929200 12 1
-0.590100 -4.160700 4.176400 16 1
-0.666300 -4.139050 4.103350 16 1
-0.647200 -4.231250 4.467700 18 1
-0.625600 -4.181400 4.424600 18 1
-0.562500 -4.159100 4.208550 16 1
-0.834450 -3.769650 4.286400 17 1
-0.660500 -4.127400 4.340700 18 1
-0.672500 -4.193600 5.040100 13 1
-0.690975 -4.105575 4.075900 0 0
-0.661300 -4.241700 4.449600 18 1
-0.655900 -4.186200 5.040500 13 1
-0.667700 -4.215900 5.058200 13 1
-0.670000 -4.102000 4.308100 18 1
-0.638000 -3.927600 4.676400 19 1
-0.653800 -4.201100 5.055700 13 1
-0.609000 -4.113900 3.948800 14 1
-0.726950 -4.101350 3.578250 0 0
-0.619900 -4.254700 4.477100 18 1
-0.335900 -4.020200 4.060000 14 1
-0.784400 -3.974100 3.875400 11 1
-0.577500 -4.220200 4.802900 20 1
-0.683300 -4.099200 4.283100 18 1
-0.668800 -4.037225 4.936775 12 1
-0.657750 -4.141450 4.102425 16 1
-0.690200 -4.085300 4.189800 0 0
-0.662400 -4.201000 4.432500 18 1
-0.830800 -3.886375 3.953375 11 1
-0.690920 -4.126540 4.897820 0 0
-0.680900 -4.066720 4.859040 12 1
-0.676400 -3.836933 4.778667 19 1
-0.716400 -4.013800 4.586200 19 1
-0.841350 -3.854300 4.272600 17 1
-0.800600 -3.838100 4.267700 17 1
-0.668200 -3.986900 4.627300 19 1
-0.679650 -4.019950 4.578050 19 1
-0.590267 -4.224267 4.868500 21 1
-0.687600 -4.081675 4.816875 12 1
-0.630200 -4.303850 4.507875 18 1
-0.776200 -4.034100 3.812600 11 1
-0.670733 -4.114433 4.319967 18 1
-0.656250 -4.109850 4.334100 18 1
-0.687325 -4.094600 3.869487 14 1
-0.654600 -4.092000 3.905233 14 1
-0.660650 -4.224200 4.462750 18 1
-0.809880 -3.910880 3.940640 11 1
-0.606067 -4.234767 4.867833 21 1
-0.697200 -4.029200 4.547250 19 1
-0.663550 -4.059000 4.909925 12 1
-0.555350 -4.253625 4.862250 20 1
-0.684714 -4.097171 4.520214 0 0
-0.605400 -4.415600 4.535400 18 1
-0.488800 -4.410100 4.946000 20 1
-0.684538 -4.091725 4.418687 0 0
-0.662700 -4.135050 4.652200 20 1
-0.311900 -4.316029 4.235343 16 1
-0.684250 -4.114100 4.626100 21 1
-0.722700 -4.104900 3.674400 0 0
-0.675100 -4.061300 4.892000 12 1
-0.750400 -4.022900 3.998600 15 1
-0.677800 -3.909000 4.700700 19 1
-0.539300 -4.060250 4.010100 14 1
-0.736500 -4.098500 3.644600 11 1
-0.674250 -4.161100 4.726750 21 1
-0.763133 -4.070300 4.004733 15 1
-0.619367 -4.195583 4.813883 21 1
-0.688700 -4.027700 4.975250 12 1
-0.755667 -3.956633 4.217200 17 1
-0.675200 -4.139480 4.690840 21 1
-0.615333 -4.222400 4.807733 20 1
-0.653700 -4.226667 5.089967 13 1
-0.359800 -4.301500 4.283800 16 1
-0.534533 -4.198267 4.231800 16 1
-0.632500 -4.331200 4.519400 18 1
-0.723500 -4.078600 3.658800 11 1
-0.624700 -4.164100 4.733000 20 1
-0.744300 -4.103200 3.426500 0 0
-0.702875 -3.964500 4.637000 19 1
-0.684550 -4.072500 4.456250 19 1
-0.633800 -4.234500 4.480700 18 1
-0.711700 -3.973700 4.623100 19 1
-0.456540 -4.039860 4.070700 14 1
-0.688800 -4.102200 4.431300 0 0
-0.812100 -3.882500 4.266300 17 1
-0.675600 -4.109400 3.862900 14 1
-0.670600 -4.135700 4.648500 20 1
-0.664543 -4.070314 4.898200 12 1
-0.528600 -4.324750 4.918750 20 1
-0.679500 -3.888200 4.714400 19 1
-0.752450 -4.042800 3.785400 11 1
-0.606700 -4.271800 4.482800 18 1
-0.675800 -3.879600 4.726600 19 1
-0.688700 -4.126500 4.921200 0 0
-0.659750 -3.766350 4.843400 19 1
-0.586800 -4.210800 4.802900 20 1
-0.369200 -4.260150 4.308350 16 1
-0.856900 -3.834700 3.954000 11 1
-0.673800 -4.154500 4.982800 13 1
-0.364700 -4.288600 4.291300 16 1
-0.731400 -4.077700 3.677500 11 1
-0.653900 -3.919300 4.696000 19 1
-0.625200 -4.069700 3.935133 14 1
-0.647100 -4.284000 4.508300 18 1
-0.627200 -4.104900 3.930900 14 1
-0.561100 -4.567600 4.549800 18 1
-0.542900 -4.287900 4.888300 20 1
-0.729600 -4.095600 3.613700 0 0
-0.657100 -3.931950 4.679250 19 1
-0.412250 -4.040950 4.078650 14 1
-0.650100 -4.185200 5.033700 13 1
-0.747275 -4.061338 3.989287 15 1
-0.774500 -4.028200 3.817600 11 1
-0.672700 -4.184100 4.757500 21 1
-0.802200 -3.876333 3.965200 11 1
-0.518150 -4.214850 4.261100 16 1
-0.675300 -4.091600 4.391400 0 0
-0.684575 -4.003975 4.595325 19 1
-0.674900 -4.022900 4.563500 19 1
-0.680200 -4.091900 4.273100 18 1
-0.756967 -4.094500 3.413000 0 0
-0.630750 -4.148450 4.129500 16 1
-0.621000 -4.226567 4.796350 20 1
-0.754000 -4.006700 4.993600 12 1
-0.739800 -4.057100 4.143600 17 1
-0.726100 -4.088200 3.695000 0 0
-0.666600 -3.927700 4.687300 19 1
-0.660400 -4.182600 4.764100 21 1
-0.711433 -4.044067 3.953600 15 1
-0.699700 -4.035000 4.532300 19 1
-0.660800 -3.995800 4.629800 19 1
-0.631300 -4.155700 4.143800 16 1
-0.738320 -4.100140 3.481920 0 0
-0.427300 -4.043600 4.077900 14 1
-0.707300 -4.092400 3.968050 0 0
-0.660900 -4.141960 4.667920 20 1
-0.564450 -4.191800 4.221400 16 1
-0.684000 -4.102700 4.027000 16 1
-0.562100 -4.274700 4.888900 20 1
-0.633850 -4.130550 4.694500 20 1
-0.655425 -4.159900 4.745600 21 1
-0.665600 -3.932600 4.676650 19 1
-0.299700 -4.327400 4.211500 16 1
-0.414750 -4.033550 4.078467 14 1
-0.671860 -4.060140 4.918840 12 1
-0.754050 -3.939200 4.235150 17 1
-0.705600 -4.081800 3.925950 0 0
-0.684714 -4.105886 4.787100 0 0
-0.652400 -4.240500 4.461700 18 1
-0.309100 -4.285100 4.256200 16 1
-0.670300 -4.168950 4.411450 18 1
-0.683700 -4.105133 4.520700 0 0
-0.690800 -4.107800 4.098600 0 0
-0.674600 -4.149200 4.376450 18 1
-0.837467 -3.883467 3.956300 11 1
-0.656900 -4.167600 4.749500 21 1
-0.708211 -4.031522 4.556256 19 1
-0.580700 -4.213600 4.845800 21 1
-0.575925 -4.196800 4.217150 16 1
-0.657800 -3.910888 4.699988 19 1
-0.662400 -4.170400 5.024600 13 1
-0.676700 -4.128300 4.642100 20 1
-0.664650 -4.166150 4.697950 20 1
-0.657000 -4.168175 4.394625 18 1
-0.336300 -4.315000 4.272000 16 1
-0.672500 -4.003100 4.588800 19 1
-0.683400 -4.097200 4.262133 0 0
-0.642500 -4.152250 4.744100 21 1
-0.684200 -4.163500 4.707800 21 1
-0.776950 -3.938150 4.240450 17 1
-0.692100 -4.107100 4.012900 16 1
-0.574700 -4.295100 4.929700 21 1
-0.675100 -4.108800 4.045700 16 1
-0.642750 -4.146750 4.382100 18 1
-0.688500 -4.061600 4.506600 19 1
-0.657300 -4.148367 4.363667 18 1
-0.627700 -4.204300 4.776600 20 1
-0.783725 -3.989650 4.986050 12 1
-0.638000 -4.215900 4.470400 18 1
-0.639650 -4.185700 4.785150 21 1
-0.734333 -4.097533 3.898900 15 1
-0.680700 -4.109400 4.691900 0 0
-0.316800 -4.322900 4.249000 16 1
-0.493025 -4.233775 4.278125 16 1
-0.332717 -4.292967 4.262600 16 1
-0.677200 -4.013000 4.632500 19 1
-0.536500 -4.359700 4.935600 20 1
-0.825900 -3.902125 4.267875 17 1
-0.682500 -4.045767 4.526117 19 1
-0.658800 -4.258700 4.484700 18 1
-0.649250 -4.229400 4.452050 18 1
-0.672180 -3.859420 4.766580 19 1
-0.669700 -4.036750 4.922300 12 1
-0.686500 -3.962000 4.643350 19 1
-0.727700 -4.096800 3.589300 0 0
-0.674520 -4.208020 5.051440 13 1
-0.615000 -4.096300 3.940200 14 1
-0.668733 -4.091300 4.030967 16 1
-0.687700 -4.156380 4.379860 18 1
-0.586700 -4.079550 3.978300 14 1
-0.694800 -4.097400 3.828700 14 1
-0.656100 -4.110000 4.658200 21 1
-0.641600 -4.192300 4.423900 18 1
-0.662050 -4.237700 4.459450 18 1
-0.671600 -4.208700 4.443100 18 1
-0.837900 -3.896300 3.948300 11 1
-0.660000 -3.885100 4.722600 19 1
-0.662550 -4.152250 4.367700 18 1
-0.559700 -4.302700 4.932200 21 1
-0.665000 -4.045900 4.915900 12 1
-0.555900 -4.295350 4.899450 20 1
-0.637050 -4.073950 3.927300 14 1
-0.600500 -4.097400 3.963500 14 1
-0.300000 -4.293700 4.237000 16 1
-0.814300 -3.797267 4.280233 17 1
-0.645200 -4.257100 4.480900 18 1
-0.687400 -4.000700 4.613800 19 1
-0.257433 -4.327100 4.171533 16 1
-0.605100 -4.159000 4.155300 16 1
-0.739100 -4.097700 3.473700 0 0
-0.685100 -3.838800 4.777100 19 1
-0.798514 -3.910957 3.938129 11 1
-0.639000 -4.163700 4.725900 20 1
-0.651800 -4.098200 4.090500 16 1
-0.591414 -4.190057 4.196143 16 1
-0.618540 -4.171800 4.153300 16 1
-0.355050 -4.037525 4.072325 14 1
-0.658800 -4.149900 4.691500 20 1
-0.647200 -4.166600 4.762100 21 1
-0.688000 -4.153000 4.347500 18 1
-0.789300 -3.913000 4.252900 17 1
-0.651700 -3.837300 4.790800 19 1
-0.753800 -3.969400 4.205700 17 1
-0.607333 -4.246633 4.880433 21 1
-0.606350 -4.235150 4.825450 20 1
-0.683667 -4.038133 4.538767 19 1
-0.767100 -3.989500 4.206500 17 1
-0.669300 -4.146500 4.354900 18 1
-0.555433 -4.076100 4.013433 14 1
-0.729700 -4.103600 3.617050 0 0
-0.472000 -4.058500 4.064450 14 1
-0.694800 -4.085300 4.106600 0 0
-0.636875 -4.194100 4.805650 21 1
-0.651650 -4.124550 4.087867 16 1
-0.594750 -4.159980 4.169270 16 1
-0.690550 -4.088450 4.802100 12 1
-0.785100 -3.965800 3.892500 11 1
-0.734500 -4.089500 3.657100 11 1
-0.614800 -4.162200 4.159100 16 1
-0.522567 -4.198833 4.241667 16 1
-0.570800 -4.283700 4.919950 21 1
-0.704767 -4.103933 4.013233 16 1
-0.776700 -4.024000 4.075100 15 1
-0.666200 -3.918200 4.685100 19 1
-0.676200 -4.064000 4.850100 12 1
-0.684600 -4.010600 4.587900 19 1
-0.696300 -4.095100 4.126400 0 0
-0.714520 -3.994920 4.982560 12 1
-0.662400 -4.054000 4.916200 12 1
-0.688800 -3.878000 4.727900 19 1
-0.666650 -4.163650 4.988100 13 1
-0.609200 -4.205200 4.784650 20 1
-0.814900 -3.872900 3.957300 11 1
-0.665200 -4.109800 4.315900 18 1
-0.665300 -4.155700 4.998700 13 1
-0.646300 -4.112000 4.343500 18 1
-0.644100 -4.144100 4.127900 16 1
-0.491850 -4.393750 4.945200 20 1
-0.646200 -4.173300 4.728300 20 1
-0.641000 -4.134900 4.683800 20 1
-0.610500 -4.163400 4.766300 21 1
-0.623783 -4.298117 4.504517 18 1
-0.429100 -4.272000 4.303600 16 1
-0.499350 -4.055350 4.050300 14 1
-0.692600 -4.096600 3.881200 0 0
-0.677500 -4.095200 4.815300 12 1
-0.705100 -4.091300 4.009400 0 0
-0.692600 -4.129700 4.905200 0 0
-0.562275 -4.171750 4.205900 16 1
-0.679000 -4.200900 5.026600 13 1
-0.561100 -4.289000 4.942000 21 1
-0.588600 -4.146925 4.163225 16 1
-0.655900 -4.159900 5.016800 13 1
-0.687400 -4.088350 4.217600 0 0
-0.788200 -3.983100 3.875400 11 1
-0.683850 -4.110500 4.840000 0 0
-0.663600 -4.185150 5.042400 13 1
-0.674000 -4.018300 4.927900 12 1
-0.605983 -4.196300 4.814100 21 1
-0.821925 -3.908300 3.941475 11 1
-0.678250 -4.061200 4.490250 19 1
-0.825750 -3.860450 4.274300 17 1
-0.658250 -4.147050 4.379250 18 1
-0.801517 -3.898683 3.949633 11 1
-0.322400 -4.041300 4.040900 14 1
-0.348350 -4.049000 4.064750 14 1
-0.513700 -4.055067 4.040967 14 1
-0.376600 -4.028400 4.078100 14 1
-0.648860 -4.183580 4.784240 21 1
-0.693580 -4.058680 4.856120 12 1
-0.695667 -4.049700 4.862600 12 1
-0.447100 -4.231300 4.297333 16 1
-0.681100 -4.116500 4.632900 21 1
-0.699900 -4.138000 4.974600 0 0
-0.267775 -4.316388 4.187250 16 1
-0.680100 -4.131300 4.325000 18 1
-0.675550 -4.152100 4.383950 18 1
-0.672300 -4.118100 4.615400 0 0
-0.652150 -4.098350 4.319250 18 1
-0.570040 -4.085040 3.998160 14 1
-0.678067 -4.099667 4.799400 12 1
-0.544700 -4.324000 4.959700 21 1
-0.831700 -3.853100 4.275700 17 1
-0.636700 -4.144300 4.734100 21 1
-0.609150 -4.187725 4.805300 21 1
-0.822800 -3.880300 4.273800 17 1
-0.681500 -4.103400 4.616450 21 1
-0.619300 -4.124800 4.120600 16 1
-0.657800 -4.073000 4.890800 12 1
-0.726440 -4.030880 3.977620 15 1
-0.699400 -4.054200 4.516200 19 1
-0.504750 -4.190450 4.250325 16 1
-0.642040 -4.121420 4.361100 18 1
-0.663250 -3.899100 4.723850 19 1
-0.675764 -4.097145 3.875445 14 1
-0.389975 -4.039725 4.079400 14 1
-0.674200 -4.033800 4.552200 19 1
-0.609000 -4.244900 4.816900 20 1
-0.684567 -4.058733 4.484467 19 1
-0.666533 -4.202133 5.048433 13 1
-0.686740 -4.095920 4.183840 0 0
-0.698700 -4.138800 4.982517 0 0
-0.301400 -4.035000 4.005200 14 1
-0.671800 -4.106800 4.300900 18 1
-0.674750 -4.105950 4.625100 21 1
-0.771800 -4.007700 4.052200 15 1
-0.681700 -4.168475 4.997300 13 1
-0.681600 -4.100100 4.400500 0 0
-0.692850 -4.092850 4.440150 19 1
-0.639000 -3.914300 4.689500 19 1
-0.644750 -4.141550 4.376800 18 1
-0.309000 -4.026700 4.031900 14 1
-0.600100 -4.137600 4.132400 16 1
-0.699373 -4.099945 3.998409 13 0
-0.659500 -4.135500 4.352900 18 1
-0.593500 -4.459300 4.564700 18 1
-0.703400 -4.075250 3.898750 15 1
-0.393750 -4.052500 4.080950 14 1
-0.687300 -4.032900 4.552700 19 1
-0.655600 -4.123500 4.353600 18 1
-0.641000 -4.182100 5.043000 13 1
-0.499250 -4.078300 4.041650 14 1
-0.726100 -4.105700 3.542100 0 0
-0.654900 -4.215900 5.076250 13 1
-0.636300 -4.160571 4.757514 21 1
-0.611667 -4.186100 4.156300 16 1
-0.690250 -3.985633 4.612800 19 1
-0.672400 -3.907050 4.705500 19 1
-0.786100 -3.901600 4.258800 17 1
-0.664800 -3.942600 4.669500 19 1
-0.636163 -4.148662 4.741738 21 1
-0.303360 -4.309500 4.223300 16 1
-0.699225 -4.103212 4.787400 12 1
-0.626200 -4.165500 4.150500 16 1
-0.631800 -4.060000 3.929400 14 1
-0.721350 -4.096600 3.614550 0 0
-0.638750 -4.191200 4.450550 18 1
-0.709233 -4.091433 3.851200 0 0
-0.774700 -3.995450 4.987075 12 1
-0.667500 -3.996300 4.606800 19 1
-0.622500 -4.191400 4.769600 20 1
-0.649700 -4.138300 4.113500 16 1
-0.652150 -3.920200 4.682550 19 1
-0.576450 -4.279550 4.907750 21 1
-0.714817 -4.099750 3.860433 0 0
-0.590820 -4.205600 4.832260 21 1
-0.709267 -4.092467 3.977400 0 0
-0.712100 -4.102900 3.754200 0 0
-0.686850 -4.102800 4.301225 18 1
-0.692000 -4.067600 4.487400 19 1
-0.663683 -4.028400 4.544150 19 1
-0.609750 -4.235600 4.807550 20 1
-0.331200 -4.037850 4.055700 14 1
-0.669200 -4.031240 4.945960 12 1
-0.580500 -4.223000 4.816100 20 1
-0.482900 -4.232500 4.275500 16 1
-0.666700 -4.229000 5.064700 13 1
-0.623300 -4.210300 4.843250 21 1
-0.695300 -3.994700 4.971100 12 1
-0.626450 -4.219050 4.841800 21 1
-0.666400 -4.125700 4.632100 20 1
-0.671800 -4.264300 4.499400 18 1
-0.648700 -3.797600 4.823400 19 1
-0.728900 -4.077800 3.915000 15 1
-0.406300 -4.255867 4.309467 16 1
-0.786400 -3.967900 3.879700 11 1
-0.692600 -4.095700 4.058100 0 0
-0.537600 -4.334900 4.972700 21 1
-0.654267 -4.222900 4.447933 18 1
-0.726900 -4.111600 3.793800 0 0
-0.555300 -4.203800 4.254800 16 1
-0.591600 -4.091450 3.974100 14 1
-0.673600 -4.097400 4.634900 21 1
-0.852800 -3.862300 3.954500 11 1
-0.510975 -4.070925 4.040800 14 1
-0.691167 -4.095933 4.286100 18 1
-0.661100 -4.194000 4.776100 21 1
-0.774150 -4.068000 4.016050 15 1
-0.738167 -3.989000 4.982300 12 1
-0.667050 -3.815200 4.802375 19 1
-0.574100 -4.147633 4.165800 16 1
-0.660083 -4.100117 3.905033 14 1
-0.590200 -4.273100 4.906200 21 1
-0.696337 -4.162562 4.985575 13 1
-0.681525 -4.076175 4.463762 19 1
-0.413800 -4.279350 4.309500 16 1
-0.724233 -3.991867 4.981333 12 1
-0.431933 -4.237400 4.306600 16 1
-0.681200 -4.102000 3.861500 14 1
-0.684711 -4.097356 4.250089 0 0
-0.831150 -3.853950 3.959700 11 1
-0.580017 -4.093667 3.989133 14 1
-0.602000 -4.415600 4.550700 18 1
-0.575300 -4.288500 4.881000 20 1
-0.673900 -4.100200 4.477000 0 0
-0.669267 -3.952500 4.660400 19 1
-0.786100 -3.982200 4.989200 12 1
-0.657250 -4.123750 4.660500 20 1
-0.692900 -3.898400 4.701000 19 1
-0.636650 -4.192700 4.763550 20 1
-0.555400 -4.208175 4.247125 16 1
-0.665200 -3.899900 4.716400 19 1
-0.667133 -4.050933 4.507267 19 1
-0.643500 -4.213300 4.440500 18 1
-0.695600 -4.070700 4.473100 19 1
-0.684657 -4.075414 4.835543 12 1
-0.674900 -4.172100 5.011400 13 1
-0.570520 -4.190960 4.217180 16 1
-0.650400 -4.165300 4.719300 20 1
-0.676400 -4.124800 4.627600 20 1
-0.307233 -4.303989 4.232189 16 1
-0.755000 -4.095900 3.399500 0 0
-0.643500 -4.123500 4.679300 20 1
-0.572533 -4.219133 4.847867 21 1
-0.627300 -4.169850 4.774350 21 1
-0.555100 -4.270500 4.870700 20 1
-0.618800 -4.166850 4.753250 20 1
-0.664167 -4.131833 4.679833 21 1
-0.690500 -4.102500 4.039850 16 1
-0.696200 -4.097900 3.852900 14 1
-0.735733 -4.079400 3.977533 15 1
-0.753450 -4.022100 3.808300 11 1
-0.683800 -3.909200 4.694700 19 1
-0.617300 -4.154700 4.756200 21 1
-0.529900 -4.193700 4.235700 16 1
-0.849200 -3.841733 3.958200 11 1
-0.674833 -4.131200 4.349100 18 1
-0.679300 -4.073000 4.826900 12 1
-0.691300 -4.106400 4.658500 0 0
-0.656500 -4.150000 4.124800 16 1
-0.669600 -4.036600 4.909900 12 1
-0.669833 -4.129350 4.667767 21 1
-0.711567 -4.025450 4.550500 19 1
-0.741400 -4.067112 3.977400 15 1
-0.557400 -4.157600 4.213700 16 1
-0.726555 -4.082009 3.665182 11 1
-0.659100 -3.868900 4.750300 19 1
-0.668300 -4.000900 4.624700 19 1
-0.666700 -4.030000 4.922700 12 1
-0.326600 -4.277100 4.274940 16 1
-0.622200 -4.134400 4.132800 16 1
-0.621400 -4.077500 3.946400 14 1
-0.604700 -4.080900 3.960500 14 1
-0.644300 -4.246650 4.471900 18 1
-0.549100 -4.276850 4.924625 21 1
-0.443400 -4.220700 4.309300 16 1
-0.518600 -4.052400 4.025800 14 1
-0.616200 -4.364300 4.534000 18 1
-0.662750 -4.191950 5.054150 13 1
-0.583100 -4.181800 4.191800 16 1
-0.633633 -4.208867 4.466667 18 1
-0.678140 -4.091580 4.033660 16 1
-0.582500 -4.231443 4.829571 20 1
-0.656800 -4.178900 4.719000 20 1
-0.683925 -3.844750 4.768200 19 1
-0.535200 -4.209100 4.270000 16 1
-0.651033 -3.905650 4.712633 19 1
-0.663100 -4.094600 4.065100 16 1
-0.707100 -4.091500 3.877100 0 0
